user,split
62103,train
80815,train
55440,train
58410,train
87268,train
66265,train
65869,train
92183,train
15833,train
19950,train
94220,train
11701,train
89198,train
59154,train
79299,train
66507,train
85019,train
659,train
9354,train
75063,train
81711,train
32674,train
87840,train
73660,train
76864,train
8658,train
18663,train
40260,train
45975,train
23723,train
93366,train
33289,train
732,train
25801,train
41090,train
71060,train
62673,train
97719,train
83055,train
59201,train
71783,train
65014,train
55496,train
51115,train
71150,train
2511,train
21931,train
98077,train
10366,train
62592,train
23355,train
98963,train
39703,train
61868,train
36244,train
16390,train
70251,train
824,train
95526,train
8362,train
98047,train
50330,train
97013,train
41385,train
43460,train
47414,train
11774,train
73698,train
99062,train
69741,train
25690,train
94649,train
22359,train
84953,train
96612,train
97376,train
33459,train
73511,train
1646,train
6364,train
79706,train
11673,train
57629,train
76240,train
53209,train
45515,train
38101,train
6947,train
35254,train
28941,train
58627,train
88700,train
6718,train
57355,train
12991,train
89328,train
23039,train
59752,train
43144,train
59731,train
5694,train
88245,train
6945,train
28497,train
91824,train
74223,train
6941,train
92365,train
43719,train
5858,train
83598,train
45782,train
91411,train
28215,train
60683,train
50011,train
99695,train
27464,train
72459,train
67303,train
43025,train
96470,train
18604,train
20002,train
80263,train
88610,train
97630,train
12056,train
43891,train
65124,train
28805,train
17057,train
41370,train
57892,train
29534,train
88695,train
2629,train
57447,train
24792,train
6705,train
7718,train
3513,train
26412,train
28851,train
8252,train
22158,train
71989,train
88298,train
70342,train
31449,train
46919,train
8251,train
54087,train
12951,train
62564,train
67877,train
68169,train
39164,train
20718,train
18408,train
54675,train
5349,train
84422,train
20947,train
26202,train
19139,train
2322,train
40174,train
3080,train
45140,train
52020,train
84312,train
55777,train
62848,train
60786,train
53328,train
62031,train
9009,train
35289,train
2582,train
5330,train
42550,train
75307,train
3266,train
12809,train
61253,train
16069,train
38039,train
72895,train
63130,train
17014,train
43670,train
24495,train
18896,train
25951,train
97338,train
43970,train
37898,train
97168,train
95852,train
63040,train
1435,train
53007,train
62330,train
97498,train
7015,train
63757,train
60332,train
48827,train
4664,train
24560,train
98899,train
45648,train
90643,train
11985,train
96666,train
9048,train
12500,train
50633,train
12174,train
75415,train
58153,train
15148,train
39062,train
8200,train
91255,train
70661,train
37667,train
3205,train
65805,train
97392,train
94609,train
6071,train
45481,train
46947,train
85223,train
1425,train
90383,train
62277,train
9163,train
27666,train
63938,train
5239,train
70910,train
66207,train
3524,train
32904,train
75777,train
69573,train
54923,train
51765,train
8544,train
3905,train
44548,train
10702,train
31193,train
41892,train
5160,train
22557,train
51652,train
33930,train
3210,train
65174,train
4278,train
24784,train
72146,train
81674,train
32948,train
21725,train
51721,train
7189,train
5672,train
98325,train
1111,train
51154,train
89010,train
78434,train
16879,train
95925,train
53251,train
69941,train
4189,train
80106,train
62597,train
77443,train
89336,train
21496,train
46561,train
93335,train
63817,train
63313,train
89983,train
95929,train
81347,train
87415,train
94545,train
40444,train
86794,train
96406,train
12026,train
21417,train
81482,train
26158,train
39730,train
1722,train
50084,train
99434,train
62797,train
30837,train
60336,train
82464,train
38664,train
28451,train
86347,train
44905,train
38355,train
83444,train
83661,train
87510,train
2343,train
79831,train
79933,train
72115,train
21645,train
99386,train
68481,train
51581,train
21769,train
21619,train
97482,train
91282,train
92117,train
4927,train
34847,train
79768,train
60778,train
53165,train
5174,train
10095,train
40750,train
97647,train
15449,train
671,train
15919,train
58237,train
28369,train
76355,train
81214,train
52107,train
35019,train
89515,train
96920,train
41179,train
82480,train
52273,train
20907,train
79908,train
78271,train
83237,train
30679,train
81795,train
8423,train
89141,train
47384,train
13266,train
36232,train
849,train
9106,train
87605,train
83760,train
75024,train
16158,train
25644,train
91099,train
36171,train
56642,train
37350,train
41091,train
63376,train
28896,train
39663,train
59643,train
58711,train
10415,train
3382,train
17134,train
25195,train
15854,train
73594,train
51373,train
51390,train
55172,train
55595,train
64715,train
1525,train
7863,train
49415,train
16983,train
22548,train
45603,train
82313,train
9970,train
16635,train
6375,train
13227,train
94305,train
99208,train
44822,train
27374,train
97491,train
76782,train
12906,train
11357,train
92313,train
95221,train
94472,train
66842,train
85725,train
27890,train
85336,train
29024,train
94172,train
30046,train
88815,train
32256,train
76585,train
74622,train
57313,train
95654,train
61410,train
8762,train
14451,train
79017,train
10542,train
27709,train
77590,train
48705,train
23028,train
65052,train
27710,train
80521,train
90519,train
78822,train
54485,train
91420,train
70263,train
1421,train
53010,train
16195,train
27749,train
49903,train
43566,train
13374,train
74016,train
83562,train
19447,train
2035,train
45464,train
26823,train
18186,train
40239,train
48120,train
30695,train
26682,train
95324,train
25248,train
63131,train
36270,train
10238,train
94121,train
3864,train
23210,train
62619,train
3468,train
47528,train
5024,train
63434,train
95726,train
75177,train
6789,train
59631,train
81269,train
5655,train
33081,train
16395,train
27007,train
95532,train
11373,train
68336,train
66670,train
249,train
5606,train
72056,train
16986,train
49066,train
68987,train
54660,train
57648,train
57935,train
92179,train
61800,train
34379,train
45722,train
3617,train
8605,train
19200,train
44312,train
77251,train
73527,train
9061,train
9324,train
48808,train
89053,train
37087,train
85692,train
50486,train
68490,train
4526,train
30990,train
5610,train
88278,train
63919,train
87054,train
13579,train
65734,train
5925,train
7315,train
2575,train
69851,train
66674,train
53372,train
75844,train
6808,train
80451,train
36058,train
40119,train
78020,train
98090,train
15504,train
14273,train
11699,train
25833,train
10868,train
55345,train
41868,train
66770,train
81838,train
13361,train
95968,train
39985,train
36805,train
26447,train
61689,train
66620,train
26360,train
92556,train
72587,train
72051,train
45844,train
73557,train
86840,train
22924,train
60767,train
49598,train
39965,train
86396,train
17243,train
2030,train
62462,train
28274,train
23394,train
68109,train
5368,train
45936,train
83304,train
84576,train
45234,train
47971,train
57038,train
75065,train
56230,train
58860,train
27664,train
33336,train
86493,train
22595,train
62663,train
48760,train
34861,train
87470,train
74091,train
7869,train
68193,train
94002,train
85798,train
59672,train
23932,train
52375,train
75673,train
62882,train
91080,train
90800,train
50910,train
58675,train
81331,train
15266,train
72419,train
19228,train
96658,train
89220,train
2827,train
99374,train
77346,train
48537,train
91491,train
39606,train
2223,train
91887,train
25686,train
51999,train
79656,train
62936,train
49139,train
63182,train
81790,train
88229,train
37608,train
58977,train
88925,train
69638,train
69763,train
49807,train
58523,train
21442,train
37717,train
36968,train
69647,train
13295,train
66604,train
35532,train
1515,train
9277,train
50297,train
64786,train
57622,train
35129,train
20464,train
4930,train
98703,train
97576,train
43751,train
49526,train
65864,train
41448,train
95185,train
81384,train
48441,train
52018,train
98885,train
42223,train
82295,train
68248,train
36305,train
54117,train
51641,train
20816,train
96450,train
88768,train
70441,train
14187,train
85585,train
30547,train
27943,train
53624,train
8410,train
40642,train
25841,train
98448,train
64789,train
24150,train
81643,train
14379,train
70054,train
33465,train
56810,train
37371,train
41717,train
96974,train
94236,train
22374,train
76412,train
29490,train
743,train
6560,train
51167,train
22442,train
25649,train
42393,train
74191,train
26985,train
98743,train
80057,train
29572,train
57296,train
37105,train
73548,train
8217,train
60789,train
28313,train
28092,train
17992,train
50803,train
68331,train
7113,train
51166,train
63688,train
51284,train
6610,train
60118,train
53734,train
64203,train
47246,train
3572,train
24291,train
96150,train
61557,train
82149,train
77496,train
20008,train
50157,train
21318,train
21974,train
23577,train
14754,train
23445,train
1000,train
61241,train
57865,train
32299,train
58297,train
46662,train
79089,train
88933,train
52859,train
96846,train
45963,train
95408,train
8331,train
14920,train
96109,train
42125,train
26870,train
505,train
4117,train
52479,train
89244,train
77394,train
31526,train
19312,train
12478,train
36149,train
95917,train
49565,train
96206,train
85996,train
16605,train
33911,train
81061,train
4459,train
17655,train
92403,train
148,train
71365,train
15747,train
17096,train
65562,train
3650,train
49867,train
80245,train
48232,train
69504,train
6466,train
50568,train
19783,train
38693,train
97145,train
65951,train
10565,train
96499,train
12257,train
34242,train
80820,train
53391,train
60540,train
53412,train
60045,train
26178,train
70038,train
91426,train
14359,train
49018,train
53614,train
83002,train
55961,train
39205,train
81701,train
98898,train
40850,train
77514,train
73077,train
67713,train
49147,train
29352,train
2800,train
24824,train
13154,train
38095,train
45788,train
54157,train
53573,train
86300,train
33376,train
56059,train
41284,train
91193,train
17701,train
57853,train
9733,train
25495,train
21133,train
11570,train
55241,train
92586,train
68343,train
76758,train
13779,train
12135,train
85368,train
29241,train
15241,train
36266,train
91971,train
99676,train
31875,train
10300,train
701,train
82348,train
74948,train
82341,train
49847,train
51646,train
45285,train
69194,train
93128,train
38030,train
22666,train
55796,train
60298,train
92445,train
11266,train
6663,train
45623,train
3359,train
46994,train
23401,train
33582,train
85446,train
15369,train
45845,train
47190,train
55501,train
81065,train
72077,train
59410,train
88591,train
29144,train
38647,train
4770,train
95464,train
80157,train
37199,train
21491,train
70842,train
89321,train
83482,train
50755,train
67079,train
34530,train
33777,train
16098,train
73889,train
98230,train
62311,train
42773,train
30880,train
41342,train
89270,train
79453,train
3161,train
6717,train
74965,train
49064,train
80409,train
57790,train
14214,train
46917,train
48274,train
45522,train
2430,train
55385,train
5849,train
42256,train
16083,train
4407,train
33117,train
50714,train
81760,train
3928,train
94439,train
51253,train
17197,train
96313,train
55670,train
13961,train
67604,train
19720,train
25809,train
90001,train
10119,train
52370,train
14148,train
69591,train
32650,train
79578,train
85546,train
2619,train
92037,train
33473,train
26126,train
26194,train
58632,train
62088,train
13676,train
26674,train
5181,train
13355,train
33530,train
51408,train
47158,train
19203,train
73710,train
97651,train
33712,train
70643,train
45419,train
41269,train
49381,train
14805,train
69823,train
64423,train
11107,train
25558,train
60854,train
94864,train
32994,train
23190,train
24890,train
86567,train
67728,train
32894,train
44463,train
26104,train
88838,train
50880,train
25704,train
18590,train
89025,train
58923,train
69090,train
29377,train
94968,train
80399,train
63531,train
27836,train
52545,train
20120,train
88329,train
89245,train
45222,train
74619,train
73300,train
37574,train
78550,train
92799,train
48141,train
21078,train
26583,train
88196,train
5120,train
37219,train
34193,train
24326,train
5778,train
52256,train
71860,train
99394,train
13260,train
80359,train
86810,train
25775,train
50453,train
1220,train
49279,train
66354,train
96172,train
862,train
45744,train
52995,train
30254,train
89915,train
95937,train
87541,train
41392,train
77961,train
50938,train
48473,train
45405,train
40500,train
61839,train
62499,train
99499,train
40244,train
43068,train
51916,train
16509,train
62467,train
79597,train
55896,train
46609,train
81965,train
75235,train
9658,train
67332,train
58914,train
94742,train
73745,train
65478,train
23128,train
38318,train
81468,train
56773,train
518,train
44165,train
71395,train
21505,train
83395,train
23146,train
66307,train
18056,train
96379,train
69233,train
64461,train
68088,train
28261,train
52914,train
23252,train
84822,train
13969,train
26482,train
60265,train
46440,train
54978,train
40073,train
23151,train
92271,train
7563,train
49858,train
24319,train
41098,train
9896,train
75060,train
65340,train
91706,train
67101,train
44543,train
9271,train
20755,train
58034,train
88588,train
59074,train
2749,train
47394,train
10667,train
79666,train
959,train
75489,train
9159,train
94106,train
86427,train
94265,train
18213,train
43289,train
31847,train
16100,train
53923,train
64042,train
664,train
33477,train
517,train
90604,train
97689,train
70762,train
18329,train
56975,train
29818,train
5643,train
52961,train
12204,train
83053,train
33738,train
91018,train
42548,train
46923,train
1439,train
80913,train
67347,train
55360,train
6674,train
55023,train
80730,train
72234,train
61148,train
39558,train
56251,train
53060,train
704,train
5609,train
9492,train
12064,train
83778,train
84066,train
69960,train
14090,train
90770,train
58877,train
23616,train
95596,train
87497,train
3046,train
85715,train
75572,train
54873,train
82220,train
28837,train
25166,train
91353,train
41388,train
44308,train
8800,train
16718,train
72797,train
4783,train
85663,train
54985,train
41659,train
24373,train
22161,train
93,train
29866,train
72614,train
91746,train
17021,train
31552,train
43814,train
93056,train
46084,train
98801,train
74351,train
48847,train
23906,train
67972,train
54129,train
75050,train
56382,train
41580,train
1388,train
61677,train
64857,train
72253,train
94588,train
49486,train
77298,train
31840,train
91047,train
54887,train
97368,train
51457,train
40370,train
84214,train
10705,train
52458,train
56234,train
26997,train
23624,train
50238,train
82886,train
69179,train
81215,train
99229,train
86918,train
9446,train
23305,train
28991,train
87175,train
34952,train
28386,train
37723,train
82888,train
68942,train
61729,train
13894,train
37129,train
40609,train
97567,train
69038,train
44069,train
56454,train
27546,train
43114,train
31038,train
44845,train
21384,train
33076,train
77407,train
4835,train
74095,train
27248,train
648,train
23827,train
30844,train
90324,train
42766,train
7134,train
89911,train
50796,train
24272,train
67651,train
46603,train
14529,train
8633,train
7496,train
45932,train
33164,train
11396,train
59328,train
88246,train
79393,train
75474,train
72519,train
43153,train
26835,train
51867,train
69727,train
37965,train
65068,train
96071,train
82349,train
84384,train
56841,train
71193,train
48052,train
790,train
65376,train
9519,train
48361,train
64103,train
38002,train
43029,train
55773,train
83865,train
94277,train
2154,train
89643,train
41340,train
65324,train
24802,train
90188,train
62421,train
25831,train
85319,train
40730,train
83629,train
581,train
10330,train
51787,train
37010,train
17439,train
56523,train
91257,train
11796,train
24936,train
26615,train
71408,train
98430,train
62171,train
35585,train
93402,train
18132,train
63842,train
10239,train
94678,train
19376,train
14065,train
50494,train
16525,train
64158,train
72317,train
79310,train
3585,train
82065,train
6957,train
19031,train
72361,train
67700,train
37912,train
87888,train
13609,train
97328,train
41265,train
92737,train
27633,train
73263,train
81713,train
50216,train
32780,train
50728,train
99554,train
13312,train
60609,train
55590,train
46009,train
77075,train
99350,train
85753,train
88091,train
42759,train
38454,train
17008,train
66921,train
76391,train
93911,train
98984,train
31,train
63345,train
51954,train
24203,train
57214,train
73542,train
45593,train
88150,train
98197,train
22366,train
79392,train
54186,train
77197,train
83955,train
44403,train
50231,train
79992,train
88609,train
79181,train
23371,train
86921,train
6263,train
31274,train
18914,train
84643,train
82591,train
88156,train
93054,train
52204,train
36640,train
65701,train
394,train
20436,train
53854,train
2982,train
27363,train
14467,train
62283,train
18797,train
25999,train
79850,train
63245,train
15662,train
87970,train
79814,train
86074,train
99377,train
25389,train
71438,train
14735,train
21632,train
60363,train
29140,train
91339,train
90123,train
15074,train
33662,train
59438,train
99073,train
83975,train
91630,train
26160,train
86628,train
66204,train
56538,train
97844,train
34569,train
19922,train
71632,train
9210,train
87845,train
4987,train
66222,train
13507,train
9393,train
736,train
3137,train
61965,train
10427,train
93121,train
70846,train
81030,train
93194,train
99331,train
59251,train
60875,train
63844,train
76546,train
51690,train
879,train
68612,train
49967,train
58218,train
70827,train
58734,train
13394,train
45478,train
70548,train
71647,train
78625,train
36025,train
81423,train
88964,train
23909,train
23910,train
73278,train
78921,train
22495,train
50923,train
56721,train
3414,train
4826,train
58834,train
96618,train
37254,train
98765,train
4262,train
82381,train
19353,train
61506,train
46525,train
82061,train
54337,train
35487,train
53536,train
55860,train
88666,train
68403,train
22270,train
70564,train
51705,train
56964,train
36253,train
32125,train
81617,train
96608,train
89729,train
39874,train
82074,train
86706,train
94714,train
53071,train
74654,train
18714,train
48666,train
43419,train
54273,train
65613,train
52929,train
69278,train
22799,train
43643,train
37970,train
96518,train
90510,train
89330,train
73355,train
44540,train
11359,train
82616,train
19692,train
25543,train
74964,train
63078,train
73390,train
20322,train
32389,train
61043,train
78841,train
16717,train
31004,train
68567,train
53338,train
9797,train
66832,train
14996,train
11887,train
81480,train
89740,train
53259,train
21705,train
84082,train
52701,train
33154,train
96726,train
71008,train
73735,train
1398,train
18331,train
24134,train
21523,train
20854,train
77532,train
29126,train
47671,train
40527,train
59207,train
23208,train
56782,train
83933,train
25020,train
22702,train
73818,train
99366,train
28925,train
22607,train
10064,train
98187,train
4681,train
15281,train
22853,train
2229,train
83186,train
96693,train
11661,train
46417,train
96641,train
25832,train
90395,train
45734,train
60224,train
74492,train
63468,train
7028,train
28139,train
26148,train
57850,train
27925,train
94744,train
44128,train
2623,train
79851,train
98075,train
60068,train
41789,train
6214,train
56054,train
17873,train
58666,train
57889,train
70621,train
2638,train
29167,train
58015,train
91579,train
73230,train
12143,train
99233,train
52398,train
80808,train
52812,train
12847,train
85401,train
12096,train
18440,train
57736,train
50094,train
61753,train
56889,train
27570,train
48424,train
52383,train
11931,train
13745,train
36790,train
82975,train
48296,train
51258,train
87394,train
69389,train
47442,train
12038,train
2673,train
17359,train
59840,train
93555,train
345,train
24249,train
90623,train
82986,train
21383,train
32186,train
19107,train
14116,train
10283,train
37089,train
8526,train
47534,train
70718,train
12203,train
88830,train
35582,train
56623,train
2694,train
98297,train
86911,train
2364,train
26804,train
45156,train
36808,train
51792,train
7137,train
59525,train
60362,train
82498,train
76249,train
67847,train
81208,train
61334,train
42712,train
4019,train
71990,train
6380,train
84789,train
76960,train
8560,train
94959,train
10089,train
64907,train
83694,train
77352,train
56035,train
50117,train
35760,train
20405,train
55843,train
72427,train
10148,train
27507,train
39440,train
1690,train
46420,train
32949,train
23704,train
98198,train
95845,train
90224,train
57561,train
12381,train
46312,train
12104,train
83097,train
2453,train
43040,train
47212,train
79790,train
83549,train
34822,train
59491,train
2183,train
24586,train
18357,train
29577,train
95061,train
68041,train
43580,train
82871,train
59973,train
41103,train
11411,train
53298,train
66273,train
11271,train
54370,train
99662,train
14387,train
66725,train
10944,train
26328,train
11958,train
46920,train
7522,train
51442,train
2444,train
90662,train
43868,train
49743,train
74730,train
45300,train
33678,train
47076,train
65878,train
43724,train
52324,train
24721,train
75925,train
95752,train
84152,train
74711,train
76100,train
60478,train
50358,train
97884,train
24073,train
15740,train
75157,train
59318,train
41125,train
16782,train
1375,train
60541,train
18605,train
20509,train
40809,train
27562,train
81106,train
58397,train
52761,train
61250,train
33046,train
75918,train
37351,train
21711,train
30056,train
75313,train
89262,train
72568,train
14926,train
24343,train
33664,train
36874,train
72666,train
28632,train
35808,train
55597,train
65800,train
93518,train
26331,train
80420,train
16015,train
37146,train
90595,train
17155,train
11439,train
84171,train
69068,train
85788,train
30818,train
72815,train
49898,train
2257,train
24909,train
87124,train
3030,train
51316,train
62412,train
64182,train
61439,train
27529,train
87427,train
47362,train
43937,train
54345,train
71922,train
47427,train
99736,train
64250,train
31961,train
25877,train
65056,train
64649,train
279,train
27784,train
15328,train
71070,train
27573,train
34756,train
10013,train
2936,train
96683,train
51399,train
31287,train
26450,train
71982,train
26151,train
96271,train
43406,train
70588,train
20157,train
11314,train
97478,train
48070,train
76905,train
84998,train
10281,train
62087,train
51422,train
48418,train
78680,train
48780,train
73395,train
54568,train
65910,train
56583,train
4200,train
725,train
3584,train
69511,train
4969,train
68317,train
10303,train
96927,train
79082,train
13849,train
59482,train
29443,train
72465,train
37337,train
66340,train
41917,train
38396,train
97177,train
46474,train
58987,train
20175,train
49464,train
20217,train
43453,train
30506,train
44837,train
52643,train
8274,train
2278,train
70505,train
4376,train
10510,train
7629,train
60508,train
80005,train
22804,train
64050,train
33487,train
81070,train
4760,train
59933,train
40942,train
47926,train
67630,train
66399,train
83846,train
83263,train
69813,train
62043,train
69085,train
24132,train
93354,train
28249,train
1812,train
45472,train
97659,train
30979,train
53837,train
87550,train
36409,train
3788,train
90454,train
43384,train
89690,train
58384,train
43942,train
26292,train
84443,train
74483,train
44455,train
5963,train
93082,train
64947,train
18197,train
42081,train
91534,train
29466,train
46027,train
45910,train
40647,train
82031,train
56748,train
32320,train
34499,train
32547,train
80572,train
99334,train
58842,train
81040,train
52931,train
63908,train
74589,train
16870,train
11520,train
41518,train
73004,train
76959,train
80242,train
68672,train
56037,train
73226,train
77211,train
62749,train
60572,train
53243,train
65157,train
86701,train
41727,train
41209,train
5288,train
43095,train
56036,train
37012,train
19619,train
46145,train
10912,train
23747,train
50597,train
7464,train
23035,train
13654,train
11248,train
23899,train
32902,train
90961,train
60133,train
5734,train
28357,train
84790,train
10421,train
91671,train
14732,train
75036,train
28013,train
62855,train
87203,train
67418,train
84959,train
42608,train
80244,train
35717,train
9291,train
24434,train
77800,train
71039,train
98384,train
61903,train
95635,train
87110,train
47131,train
27621,train
76861,train
57345,train
71924,train
64548,train
12832,train
93246,train
96178,train
79314,train
1786,train
37343,train
72668,train
66115,train
99698,train
27466,train
45703,train
42486,train
75667,train
83515,train
36534,train
8472,train
75297,train
70082,train
25469,train
73892,train
35343,train
68221,train
12138,train
19230,train
77307,train
92335,train
52912,train
44812,train
78608,train
75787,train
96719,train
95649,train
42079,train
40670,train
55161,train
32416,train
38630,train
33475,train
42560,train
82691,train
22043,train
64239,train
50570,train
55805,train
99767,train
23626,train
51558,train
33098,train
91149,train
2323,train
76400,train
17841,train
87670,train
43464,train
47768,train
13182,train
35287,train
51298,train
99837,train
15579,train
58050,train
95467,train
11144,train
6199,train
75562,train
33848,train
73154,train
1087,train
67551,train
18458,train
77488,train
1662,train
72354,train
82441,train
7781,train
51701,train
21978,train
89576,train
36429,train
36647,train
62504,train
21889,train
39875,train
36556,train
76491,train
93863,train
64734,train
93384,train
10108,train
46111,train
84740,train
19002,train
97173,train
19923,train
54377,train
39216,train
9576,train
50315,train
58844,train
11751,train
81213,train
82419,train
3834,train
74697,train
24580,train
15286,train
95982,train
70472,train
17321,train
40227,train
10556,train
19138,train
24898,train
61743,train
96697,train
43380,train
27413,train
15246,train
2189,train
28122,train
82322,train
83903,train
27161,train
41914,train
40941,train
40192,train
46824,train
50069,train
71615,train
65694,train
84850,train
67137,train
93123,train
3902,train
18346,train
1512,train
49680,train
86630,train
71278,train
63336,train
5952,train
17222,train
99516,train
7886,train
49274,train
3143,train
32166,train
95653,train
76328,train
81770,train
93179,train
20988,train
72165,train
36787,train
16165,train
75621,train
16255,train
83121,train
75382,train
53408,train
16972,train
65245,train
88664,train
7268,train
85892,train
31201,train
43173,train
39472,train
65646,train
92063,train
61202,train
72210,train
39341,train
8919,train
31532,train
5601,train
20111,train
49614,train
53572,train
25391,train
63032,train
87081,train
25603,train
43907,train
22160,train
18457,train
86535,train
6605,train
19780,train
97788,train
87108,train
39115,train
69297,train
62015,train
4146,train
66301,train
91318,train
46634,train
69351,train
88509,train
547,train
60401,train
92957,train
82277,train
42420,train
4075,train
41169,train
83812,train
90399,train
43544,train
26385,train
44499,train
45908,train
61646,train
45359,train
22226,train
65347,train
55285,train
89094,train
96921,train
69468,train
83112,train
4665,train
23536,train
34676,train
80413,train
1778,train
50127,train
62012,train
20200,train
17474,train
10584,train
36108,train
38242,train
79109,train
23317,train
40681,train
92990,train
70203,train
51927,train
53887,train
72646,train
5648,train
4633,train
42729,train
72652,train
99512,train
6116,train
18404,train
21246,train
17144,train
86063,train
98410,train
76011,train
69939,train
74865,train
18614,train
8145,train
23316,train
29662,train
79391,train
7177,train
46365,train
80069,train
56984,train
69615,train
27462,train
29761,train
13391,train
80488,train
38219,train
91161,train
16976,train
80434,train
25300,train
47043,train
48383,train
70614,train
13978,train
58213,train
64340,train
62230,train
30624,train
78000,train
52282,train
97915,train
39438,train
8858,train
58385,train
81581,train
92524,train
5662,train
52356,train
17913,train
51662,train
82949,train
3026,train
72989,train
13133,train
36837,train
28301,train
5259,train
95344,train
40149,train
69863,train
96636,train
70319,train
19423,train
27681,train
80090,train
48327,train
14005,train
67102,train
95419,train
28488,train
45238,train
20846,train
47126,train
77119,train
25425,train
42391,train
40635,train
62922,train
71587,train
23722,train
86221,train
94521,train
36539,train
62771,train
76103,train
34084,train
51420,train
75758,train
51676,train
86591,train
82823,train
85437,train
69937,train
57988,train
42929,train
12705,train
74699,train
61310,train
71740,train
50886,train
75388,train
63296,train
76247,train
78435,train
34991,train
28884,train
6386,train
3076,train
38268,train
48206,train
57218,train
83688,train
37563,train
1845,train
53722,train
85964,train
36520,train
60718,train
52151,train
60911,train
72437,train
55328,train
98843,train
46647,train
73585,train
35750,train
81641,train
34587,train
45205,train
62369,train
36240,train
96151,train
25430,train
41021,train
1065,train
29423,train
31530,train
77187,train
49313,train
13341,train
42331,train
90332,train
15899,train
97839,train
40735,train
29613,train
12855,train
79302,train
74218,train
38494,train
33864,train
54182,train
15879,train
18373,train
32009,train
94208,train
17221,train
84423,train
91500,train
24577,train
3955,train
20366,train
13241,train
7691,train
50452,train
54769,train
13993,train
21014,train
50303,train
89246,train
92505,train
56269,train
41554,train
52207,train
77850,train
84605,train
94045,train
38757,train
70877,train
87399,train
15004,train
31806,train
90296,train
48941,train
84433,train
9745,train
65329,train
90475,train
8994,train
69272,train
55428,train
62883,train
48725,train
41489,train
93418,train
3830,train
89529,train
71683,train
20266,train
35787,train
57083,train
28527,train
81139,train
63953,train
70070,train
42767,train
11351,train
58499,train
15605,train
74087,train
68524,train
92850,train
86719,train
31630,train
45453,train
19311,train
60235,train
7449,train
23006,train
97150,train
30918,train
60991,train
4192,train
18499,train
87715,train
84571,train
82368,train
46486,train
82342,train
35970,train
65159,train
5850,train
23266,train
91406,train
63850,train
97922,train
62050,train
74667,train
96275,train
9929,train
5338,train
37052,train
75250,train
23740,train
23009,train
74466,train
54765,train
44854,train
96848,train
72256,train
46256,train
28663,train
56312,train
57426,train
62160,train
38027,train
79546,train
15831,train
64395,train
8368,train
5345,train
48570,train
5893,train
62424,train
98813,train
78954,train
79903,train
90899,train
22647,train
55278,train
10003,train
93181,train
23549,train
93007,train
24076,train
7423,train
18013,train
5537,train
78578,train
50663,train
68810,train
78265,train
97246,train
53980,train
49423,train
74615,train
83800,train
16364,train
80363,train
59163,train
94490,train
73908,train
41825,train
98654,train
15969,train
46093,train
13945,train
10974,train
82722,train
15952,train
37519,train
54677,train
80692,train
84120,train
86638,train
70504,train
26046,train
13337,train
14448,train
23768,train
490,train
97903,train
45100,train
66618,train
77470,train
11150,train
61025,train
27008,train
78144,train
45518,train
4692,train
3642,train
93712,train
65517,train
89908,train
18259,train
19654,train
88655,train
24282,train
68535,train
14978,train
63271,train
7761,train
37256,train
95318,train
56041,train
48283,train
18581,train
25077,train
21232,train
56405,train
52106,train
55889,train
47380,train
25072,train
24786,train
12088,train
54239,train
88226,train
9272,train
25051,train
48675,train
66665,train
82550,train
65412,train
60798,train
49178,train
90443,train
35814,train
2029,train
10468,train
59963,train
83214,train
40664,train
94803,train
84367,train
48668,train
19484,train
85208,train
87872,train
68674,train
90244,train
38903,train
14024,train
95094,train
56976,train
54578,train
62937,train
6799,train
26064,train
23068,train
12897,train
16230,train
49296,train
77592,train
55641,train
35856,train
24490,train
96504,train
21589,train
47991,train
99294,train
64302,train
60543,train
29391,train
90339,train
40159,train
91352,train
19749,train
12533,train
41885,train
94547,train
21724,train
21554,train
40247,train
48805,train
3178,train
5896,train
85631,train
53216,train
32233,train
44989,train
2424,train
98975,train
60830,train
13101,train
12475,train
5715,train
79961,train
69705,train
37925,train
58369,train
49856,train
74914,train
19373,train
40372,train
27025,train
26467,train
47087,train
4974,train
83369,train
26946,train
49591,train
19924,train
21583,train
19291,train
71266,train
11178,train
50555,train
51542,train
87485,train
28403,train
25009,train
4958,train
3129,train
34077,train
17252,train
99468,train
70925,train
12011,train
73845,train
80901,train
75770,train
50102,train
46398,train
98286,train
273,train
55381,train
8094,train
49226,train
18212,train
96950,train
34238,train
88486,train
89085,train
70633,train
98848,train
69555,train
39915,train
19326,train
67793,train
73791,train
93371,train
62085,train
18278,train
65521,train
51110,train
50573,train
56927,train
23048,train
95474,train
42683,train
44002,train
85352,train
33961,train
61978,train
55270,train
68637,train
15460,train
85494,train
33194,train
71094,train
17121,train
11675,train
55927,train
89947,train
81260,train
40520,train
73948,train
95836,train
43206,train
47544,train
73464,train
77293,train
19642,train
90120,train
78425,train
56973,train
16467,train
29803,train
64077,train
59039,train
49736,train
56172,train
27905,train
66677,train
8999,train
27351,train
61968,train
88281,train
33133,train
45304,train
48849,train
25793,train
58252,train
92726,train
67848,train
43760,train
24152,train
27614,train
31838,train
95405,train
15419,train
83978,train
94973,train
90562,train
82169,train
96672,train
22751,train
80398,train
90497,train
52881,train
42537,train
99141,train
29984,train
85796,train
79166,train
92492,train
19350,train
11923,train
3961,train
73787,train
5604,train
80111,train
60385,train
2966,train
67665,train
61296,train
77955,train
86065,train
60067,train
2841,train
70568,train
20418,train
27453,train
41132,train
17072,train
38765,train
51136,train
34018,train
53339,train
18307,train
30671,train
90237,train
31273,train
3040,train
2409,train
60939,train
3910,train
56742,train
15513,train
31882,train
72062,train
12379,train
68069,train
16316,train
48298,train
71709,train
55674,train
3867,train
36747,train
28160,train
84809,train
88876,train
79824,train
35174,train
97751,train
71789,train
2081,train
8016,train
91319,train
79076,train
92992,train
76473,train
45784,train
81925,train
15946,train
59966,train
44970,train
98415,train
78470,train
4651,train
57656,train
31081,train
87288,train
32046,train
17087,train
12670,train
9295,train
93966,train
40701,train
23417,train
84182,train
91108,train
14269,train
94605,train
51855,train
7553,train
77993,train
7073,train
56077,train
13213,train
32250,train
6416,train
42598,train
18507,train
97542,train
65612,train
48665,train
76660,train
8982,train
59508,train
23541,train
29178,train
44362,train
28703,train
24519,train
55726,train
41142,train
40632,train
90903,train
389,train
10891,train
97737,train
75794,train
33301,train
19307,train
4499,train
20859,train
28558,train
5827,train
45916,train
55979,train
60329,train
14574,train
53149,train
10831,train
91523,train
1143,train
3105,train
16175,train
14247,train
7215,train
8594,train
64252,train
72881,train
26821,train
82543,train
12360,train
70677,train
80407,train
85286,train
10357,train
61627,train
96514,train
7047,train
18831,train
46910,train
90051,train
25787,train
22871,train
9945,train
4771,train
95162,train
58019,train
88752,train
72439,train
36105,train
40309,train
96753,train
13471,train
19281,train
83409,train
22569,train
93487,train
68357,train
12768,train
64541,train
92731,train
28434,train
88796,train
43974,train
56452,train
6645,train
4072,train
18250,train
69978,train
54613,train
20885,train
55007,train
5819,train
31139,train
13025,train
50922,train
65119,train
35187,train
37552,train
68508,train
37423,train
19520,train
23520,train
9411,train
78257,train
62872,train
42507,train
28798,train
13962,train
67572,train
32245,train
55338,train
50164,train
94977,train
39868,train
21687,train
87639,train
36546,train
15530,train
17924,train
1873,train
89694,train
11938,train
66955,train
37174,train
67702,train
49031,train
29713,train
5127,train
56686,train
71508,train
70790,train
29776,train
61914,train
38573,train
76593,train
87441,train
21103,train
96012,train
47002,train
33101,train
98976,train
44858,train
9218,train
97084,train
28258,train
63185,train
49520,train
84161,train
89048,train
46268,train
49813,train
32065,train
18727,train
5325,train
94197,train
21703,train
13276,train
66570,train
28384,train
96294,train
66601,train
71904,train
59521,train
12273,train
23393,train
56006,train
99847,train
65069,train
54166,train
14071,train
36776,train
41429,train
20087,train
19677,train
71849,train
33555,train
94430,train
61688,train
10763,train
5625,train
25184,train
26435,train
58406,train
63811,train
39078,train
99465,train
31737,train
58619,train
79099,train
62036,train
60673,train
90540,train
59149,train
74200,train
10824,train
31620,train
39136,train
20177,train
8959,train
48080,train
72190,train
88859,train
62984,train
23184,train
97398,train
75012,train
59084,train
29056,train
56270,train
89888,train
71166,train
2009,train
57512,train
61056,train
44222,train
81178,train
27058,train
46492,train
5815,train
61952,train
84791,train
51230,train
81779,train
68482,train
24867,train
79438,train
58514,train
60765,train
57867,train
43854,train
96452,train
89172,train
93471,train
28843,train
23892,train
70752,train
11005,train
70735,train
57987,train
29518,train
87340,train
13426,train
23004,train
31039,train
23325,train
59334,train
1210,train
56609,train
90379,train
99112,train
50869,train
88257,train
29079,train
63411,train
46962,train
38272,train
39180,train
30644,train
96772,train
11435,train
58852,train
14287,train
87793,train
84860,train
72270,train
57336,train
13941,train
21678,train
47270,train
67238,train
57641,train
50318,train
87573,train
11478,train
45716,train
63878,train
51311,train
45198,train
33703,train
32279,train
61765,train
59945,train
80854,train
86855,train
16319,train
92680,train
53600,train
73039,train
8804,train
98996,train
68593,train
74275,train
85129,train
75784,train
42652,train
94763,train
72615,train
9423,train
43590,train
90917,train
96180,train
88168,train
73587,train
71895,train
15203,train
30340,train
24753,train
38681,train
43581,train
87196,train
77029,train
62366,train
37016,train
24804,train
35430,train
40821,train
30389,train
52845,train
87702,train
53301,train
82899,train
6984,train
1061,train
75519,train
5240,train
47431,train
52696,train
31470,train
17956,train
96176,train
20456,train
538,train
38706,train
32216,train
43459,train
14305,train
42037,train
59696,train
99314,train
20432,train
53863,train
45849,train
7208,train
92207,train
45217,train
10757,train
57055,train
25468,train
43296,train
47095,train
54244,train
47797,train
43091,train
26059,train
28380,train
18210,train
27914,train
20842,train
50208,train
31724,train
45526,train
61856,train
28066,train
70046,train
95060,train
12081,train
10092,train
32310,train
40871,train
62875,train
43482,train
23248,train
83634,train
88186,train
8444,train
37959,train
36944,train
27517,train
73676,train
87280,train
98487,train
73408,train
68998,train
5364,train
94480,train
49845,train
90718,train
6234,train
97287,train
6241,train
84656,train
63472,train
27987,train
18258,train
50474,train
50187,train
97085,train
50614,train
49032,train
94661,train
63562,train
7996,train
96635,train
56943,train
6156,train
64566,train
66284,train
87949,train
88124,train
63865,train
83130,train
73358,train
6518,train
22193,train
90177,train
98602,train
3491,train
94602,train
72960,train
27682,train
98469,train
24044,train
25494,train
14764,train
62377,train
26169,train
8394,train
26165,train
18746,train
22594,train
68963,train
30298,train
28364,train
52347,train
18895,train
49764,train
67386,train
69678,train
54381,train
29222,train
59553,train
28645,train
82997,train
31506,train
82117,train
70199,train
82785,train
69088,train
24797,train
10590,train
24862,train
54599,train
45725,train
73852,train
40854,train
39018,train
65973,train
85463,train
2267,train
65172,train
47595,train
30337,train
91212,train
9213,train
68197,train
45373,train
63405,train
39312,train
80086,train
337,train
29738,train
49529,train
89974,train
47549,train
66722,train
54645,train
96244,train
90748,train
59529,train
9169,train
18221,train
96919,train
78515,train
23351,train
9693,train
59472,train
25821,train
97626,train
69579,train
80188,train
16860,train
29006,train
77519,train
60084,train
80272,train
6606,train
73297,train
64248,train
89447,train
28004,train
72464,train
60981,train
21208,train
33689,train
7710,train
56592,train
36247,train
30633,train
53582,train
28659,train
66585,train
50606,train
60415,train
50014,train
58798,train
80683,train
79100,train
32140,train
65334,train
6918,train
7336,train
9736,train
19816,train
17379,train
71511,train
76488,train
46218,train
98502,train
23211,train
75828,train
34021,train
28207,train
58290,train
9835,train
14079,train
45578,train
20487,train
13739,train
83985,train
15616,train
91936,train
3464,train
64600,train
37733,train
98622,train
27284,train
60624,train
71537,train
57399,train
80856,train
46499,train
48788,train
38830,train
55422,train
91750,train
75062,train
7061,train
84637,train
19189,train
50687,train
49273,train
14667,train
16360,train
32683,train
20075,train
58695,train
9650,train
74122,train
83894,train
2091,train
41567,train
61995,train
65779,train
2300,train
90618,train
11864,train
38035,train
27703,train
46616,train
40184,train
14816,train
34205,train
67873,train
37220,train
60934,train
93275,train
6925,train
47101,train
18105,train
72107,train
45977,train
88000,train
66395,train
7004,train
19320,train
5124,train
61034,train
39097,train
96786,train
43993,train
59232,train
35060,train
44335,train
27190,train
18083,train
34100,train
4528,train
47389,train
91542,train
15731,train
21376,train
21843,train
98572,train
55958,train
23876,train
27294,train
38502,train
62040,train
9757,train
50305,train
11984,train
68412,train
50926,train
17596,train
39649,train
66521,train
4299,train
31002,train
37347,train
3764,train
50275,train
93560,train
78251,train
98534,train
39424,train
17977,train
60380,train
93853,train
9870,train
86112,train
98232,train
91713,train
16858,train
12279,train
99952,train
39637,train
32077,train
48265,train
85200,train
17975,train
81653,train
55167,train
79055,train
39404,train
80453,train
85794,train
27971,train
61155,train
47148,train
78918,train
33223,train
15035,train
31249,train
27989,train
37312,train
91943,train
74157,train
91625,train
30436,train
13770,train
35984,train
35159,train
60472,train
79904,train
96629,train
82170,train
8987,train
24769,train
43115,train
21699,train
84110,train
36889,train
18681,train
94119,train
83172,train
66536,train
28992,train
88757,train
83392,train
20430,train
76610,train
91765,train
12437,train
97035,train
56808,train
93218,train
75928,train
45296,train
37781,train
98360,train
62772,train
6482,train
61235,train
87648,train
66889,train
88111,train
92890,train
89504,train
52270,train
59332,train
95155,train
6276,train
69731,train
51349,train
33158,train
51098,train
3790,train
34813,train
98496,train
42132,train
69983,train
99202,train
35865,train
83173,train
34152,train
61567,train
12797,train
40677,train
66268,train
98494,train
23681,train
93940,train
32787,train
45021,train
58829,train
1517,train
85763,train
39923,train
34471,train
36760,train
56681,train
80278,train
65560,train
95316,train
30200,train
20939,train
25528,train
45572,train
64866,train
67677,train
22494,train
63403,train
91130,train
77568,train
32807,train
71973,train
60772,train
96674,train
20681,train
42099,train
11267,train
73098,train
25784,train
13388,train
27569,train
90373,train
49346,train
6893,train
88485,train
61491,train
31077,train
26252,train
98024,train
64570,train
72351,train
89392,train
33878,train
22770,train
68958,train
72892,train
25423,train
40767,train
63796,train
13975,train
66629,train
70465,train
28894,train
2477,train
95158,train
20476,train
56480,train
17529,train
87708,train
91859,train
77873,train
52304,train
58150,train
15076,train
29605,train
99448,train
27772,train
30141,train
35348,train
60192,train
85052,train
104,train
66005,train
53666,train
84416,train
37663,train
97325,train
71737,train
10738,train
51303,train
23400,train
12550,train
90871,train
1196,train
1857,train
89004,train
37198,train
50422,train
9840,train
93552,train
5900,train
79132,train
14312,train
19501,train
54510,train
46803,train
30734,train
61585,train
45496,train
73878,train
14842,train
44393,train
9458,train
43217,train
83093,train
68179,train
88635,train
67596,train
4968,train
68099,train
36826,train
73931,train
66158,train
28035,train
18852,train
26575,train
83381,train
88617,train
65732,train
18047,train
50443,train
76059,train
6848,train
99451,train
46180,train
55284,train
52648,train
65685,train
93238,train
40502,train
74160,train
96466,train
38799,train
15255,train
1058,train
53021,train
92054,train
3777,train
79066,train
49537,train
16481,train
43755,train
27010,train
59522,train
9578,train
39621,train
97963,train
33204,train
45070,train
61037,train
50799,train
13997,train
23047,train
10724,train
9505,train
55855,train
88506,train
32809,train
45030,train
38688,train
93678,train
47543,train
77967,train
85593,train
51891,train
10630,train
48528,train
8812,train
52152,train
39578,train
10186,train
58348,train
803,train
62736,train
27440,train
37945,train
45034,train
30479,train
49857,train
37282,train
88185,train
91780,train
63613,train
86018,train
92361,train
96173,train
76387,train
35167,train
38959,train
97087,train
78763,train
60856,train
29558,train
66997,train
53881,train
5528,train
84006,train
57377,train
6105,train
91609,train
35504,train
86614,train
12048,train
46354,train
3141,train
61495,train
97290,train
32823,train
53531,train
77312,train
48260,train
80751,train
31893,train
82289,train
93511,train
48837,train
77095,train
5334,train
7035,train
94964,train
82421,train
24530,train
45707,train
65149,train
90516,train
98046,train
83591,train
88807,train
76833,train
44912,train
83085,train
27814,train
1331,train
38931,train
33088,train
72995,train
56262,train
48911,train
9672,train
96417,train
25369,train
51588,train
31577,train
29261,train
59117,train
68656,train
57497,train
84566,train
87283,train
82504,train
50873,train
4043,train
29885,train
59809,train
69052,train
12696,train
41854,train
3481,train
19742,train
10280,train
50579,train
71819,train
85057,train
54811,train
15362,train
42884,train
3600,train
86148,train
49673,train
48164,train
76069,train
38085,train
84294,train
17091,train
42832,train
96212,train
69597,train
30440,train
35369,train
14457,train
74002,train
95754,train
45917,train
29987,train
6529,train
29950,train
82622,train
65381,train
29808,train
24000,train
20103,train
86201,train
7968,train
38118,train
34386,train
17279,train
91833,train
26679,train
22904,train
77658,train
91081,train
49617,train
877,train
49129,train
35414,train
8068,train
21363,train
72017,train
40344,train
8695,train
21494,train
17079,train
75032,train
91505,train
35273,train
23359,train
75610,train
25931,train
36740,train
54479,train
56463,train
32454,train
75279,train
38243,train
54408,train
75783,train
56590,train
81501,train
2670,train
49196,train
82189,train
32791,train
17679,train
53521,train
41833,train
36949,train
24209,train
89958,train
6405,train
54158,train
70384,train
59851,train
84215,train
40193,train
44164,train
24322,train
81456,train
69060,train
35100,train
52473,train
23924,train
10277,train
57502,train
55206,train
28209,train
40485,train
31099,train
54598,train
17936,train
3779,train
31987,train
63726,train
71044,train
75518,train
29945,train
67041,train
42045,train
91473,train
57352,train
90609,train
62214,train
97682,train
76889,train
24205,train
59469,train
79024,train
7409,train
42917,train
5068,train
75254,train
56798,train
15374,train
72725,train
3687,train
38,train
75866,train
6003,train
73903,train
81995,train
90105,train
90240,train
21098,train
38062,train
99232,train
18272,train
26861,train
88459,train
11608,train
1827,train
77606,train
36561,train
6670,train
18254,train
33233,train
34843,train
89409,train
255,train
12413,train
82307,train
17619,train
16431,train
71777,train
86176,train
84888,train
33213,train
12638,train
24136,train
92075,train
82861,train
83257,train
9529,train
17953,train
33496,train
33611,train
4882,train
23791,train
38041,train
26338,train
10507,train
96011,train
48830,train
84390,train
86334,train
72970,train
48553,train
59621,train
33575,train
96707,train
47033,train
12068,train
73374,train
86618,train
53795,train
41166,train
25654,train
30076,train
79223,train
20016,train
57007,train
51146,train
17071,train
81860,train
71422,train
40855,train
18078,train
92087,train
17084,train
78814,train
16005,train
80032,train
85674,train
86247,train
7485,train
1848,train
3488,train
58785,train
371,train
40414,train
28788,train
23473,train
28046,train
55745,train
2902,train
54794,train
10662,train
14022,train
72426,train
22930,train
60219,train
93754,train
48142,train
27887,train
53322,train
97086,train
55853,train
9030,train
10598,train
35791,train
14818,train
41818,train
80959,train
6656,train
31715,train
63063,train
31418,train
74805,train
17526,train
18638,train
33456,train
46076,train
22731,train
15793,train
58456,train
78365,train
70587,train
78095,train
63222,train
61867,train
58137,train
33906,train
22133,train
43642,train
72497,train
60607,train
6668,train
32137,train
40836,train
21749,train
37395,train
12330,train
79515,train
62915,train
94173,train
5037,train
69747,train
78887,train
20384,train
28964,train
59646,train
33588,train
5750,train
8412,train
27338,train
86267,train
69092,train
88586,train
47103,train
14917,train
80384,train
72029,train
60729,train
30029,train
38448,train
33165,train
77349,train
54579,train
67759,train
44537,train
19581,train
15971,train
63138,train
28562,train
49261,train
48014,train
28375,train
39084,train
28487,train
10354,train
48647,train
39705,train
96737,train
45143,train
92958,train
74755,train
67340,train
74516,train
71235,train
56755,train
88638,train
57524,train
10894,train
26258,train
2208,train
24093,train
56214,train
17859,train
8764,train
74349,train
54118,train
51965,train
10744,train
16215,train
73929,train
18802,train
14861,train
4331,train
64227,train
8885,train
16087,train
30342,train
86357,train
82139,train
25590,train
79069,train
42409,train
7849,train
18040,train
95364,train
55589,train
31776,train
90251,train
25227,train
40376,train
2436,train
94115,train
83278,train
12693,train
18934,train
45842,train
54238,train
95095,train
23238,train
47683,train
78296,train
25624,train
43641,train
96698,train
52401,train
84969,train
82393,train
6155,train
75898,train
35813,train
22307,train
54311,train
92519,train
42364,train
82494,train
30579,train
79001,train
61843,train
50247,train
77879,train
60007,train
59804,train
68917,train
88339,train
5496,train
59668,train
3996,train
42898,train
82266,train
50058,train
80252,train
6682,train
44533,train
27313,train
44557,train
32450,train
13501,train
67130,train
47704,train
76945,train
38691,train
1631,train
7736,train
7199,train
84102,train
49741,train
90249,train
55550,train
49235,train
31799,train
61961,train
72777,train
30793,train
50677,train
13892,train
72690,train
25672,train
24296,train
42593,train
34653,train
41222,train
20346,train
38676,train
87525,train
96600,train
59576,train
28673,train
3807,train
1716,train
96804,train
2865,train
77806,train
29982,train
20410,train
16552,train
74407,train
96145,train
66875,train
81136,train
96605,train
90485,train
22767,train
79646,train
31495,train
85734,train
85932,train
43503,train
65281,train
7641,train
37802,train
96611,train
78767,train
58683,train
55224,train
90928,train
82482,train
16967,train
11768,train
67614,train
19700,train
5961,train
87363,train
11002,train
92187,train
97011,train
93574,train
25419,train
93512,train
98556,train
48417,train
27204,train
46273,train
24613,train
29895,train
57774,train
36689,train
33778,train
83335,train
62262,train
62731,train
74163,train
14077,train
42164,train
17766,train
48244,train
91810,train
33424,train
68167,train
12576,train
45541,train
37829,train
45434,train
36648,train
65476,train
1279,train
48554,train
59181,train
97522,train
26742,train
64218,train
32131,train
3298,train
86923,train
81840,train
43148,train
92221,train
48003,train
84337,train
41481,train
68445,train
22694,train
92389,train
69046,train
85421,train
24098,train
13196,train
74506,train
8174,train
3665,train
65851,train
74909,train
99996,train
31051,train
68416,train
42887,train
88401,train
52930,train
78573,train
30444,train
47757,train
52391,train
25380,train
88987,train
59453,train
85855,train
87919,train
83116,train
2493,train
12057,train
48800,train
14019,train
34911,train
18552,train
69122,train
30927,train
5805,train
50212,train
73084,train
40912,train
94232,train
54079,train
18736,train
68256,train
6075,train
47025,train
6884,train
21407,train
25918,train
92145,train
20192,train
82051,train
39989,train
2360,train
99917,train
61275,train
95002,train
62271,train
65736,train
36931,train
6729,train
24812,train
55758,train
91181,train
26379,train
30519,train
62170,train
37072,train
65279,train
97015,train
20917,train
25630,train
58578,train
21150,train
57532,train
29996,train
16874,train
36966,train
55303,train
73191,train
80491,train
27455,train
71800,train
10793,train
40392,train
65294,train
58596,train
48951,train
78876,train
49055,train
73327,train
13760,train
6054,train
33725,train
28447,train
50361,train
80379,train
90737,train
15500,train
38223,train
2718,train
95728,train
96217,train
12197,train
24389,train
25870,train
44133,train
31439,train
9540,train
50328,train
57906,train
11925,train
8723,train
14727,train
22688,train
22750,train
26388,train
77585,train
13028,train
43370,train
65495,train
75007,train
89067,train
28954,train
69989,train
60877,train
52972,train
94177,train
36328,train
30450,train
54566,train
32544,train
27373,train
61514,train
32929,train
68663,train
70021,train
98319,train
93456,train
1236,train
9127,train
83454,train
53104,train
38175,train
37333,train
21336,train
59089,train
11304,train
7289,train
36739,train
78795,train
40581,train
91580,train
36165,train
35855,train
12016,train
55731,train
52926,train
42222,train
35243,train
97194,train
59948,train
73862,train
46225,train
64878,train
56711,train
77884,train
13036,train
41405,train
99238,train
65479,train
51201,train
19285,train
77623,train
54878,train
8590,train
83936,train
44759,train
6069,train
54730,train
21516,train
82000,train
73049,train
49119,train
57158,train
30856,train
6709,train
1478,train
94168,train
35408,train
51103,train
47279,train
19939,train
16405,train
39656,train
66699,train
86956,train
30180,train
76160,train
65293,train
20942,train
58032,train
19494,train
31070,train
12383,train
60229,train
89713,train
52124,train
97305,train
15644,train
67441,train
32696,train
36371,train
29971,train
82207,train
37887,train
29339,train
81364,train
88132,train
79599,train
22866,train
37878,train
5391,train
25231,train
42102,train
68496,train
93596,train
61561,train
96318,train
76233,train
80197,train
27398,train
75568,train
38643,train
13577,train
29800,train
24265,train
18973,train
50316,train
97072,train
89098,train
97799,train
51637,train
62760,train
13439,train
6170,train
91178,train
63027,train
43219,train
57166,train
41040,train
88205,train
63907,train
34183,train
50409,train
68432,train
70026,train
31177,train
49311,train
11663,train
80096,train
95098,train
44856,train
17777,train
88396,train
31098,train
52166,train
30225,train
97794,train
31553,train
87368,train
12813,train
15306,train
99381,train
37021,train
22625,train
91246,train
7755,train
5382,train
96801,train
20239,train
81319,train
65748,train
16755,train
52667,train
76448,train
89510,train
97480,train
41187,train
44784,train
96944,train
86612,train
19633,train
49948,train
18685,train
31595,train
62217,train
41224,train
44342,train
1424,train
49843,train
38575,train
76489,train
77926,train
10203,train
58266,train
5202,train
79371,train
44738,train
31238,train
93388,train
43431,train
53260,train
86590,train
61866,train
3620,train
58964,train
30870,train
54024,train
34096,train
10795,train
8387,train
58989,train
82517,train
75596,train
33169,train
43746,train
64414,train
55296,train
27458,train
89382,train
48330,train
63418,train
9530,train
88207,train
11662,train
87044,train
55948,train
93324,train
45850,train
23881,train
31811,train
64697,train
6844,train
61490,train
98256,train
61967,train
55382,train
19191,train
57041,train
99906,train
66460,train
79461,train
63458,train
70066,train
60966,train
62127,train
62001,train
9047,train
92427,train
39862,train
60697,train
80564,train
56658,train
37055,train
89868,train
2089,train
59325,train
70981,train
10175,train
5367,train
73424,train
51881,train
78660,train
1560,train
19872,train
63240,train
14328,train
55696,train
61217,train
63144,train
35774,train
15159,train
59906,train
52631,train
87178,train
74419,train
28838,train
26926,train
47668,train
3742,train
66146,train
1485,train
77130,train
83732,train
302,train
39529,train
52177,train
19396,train
46414,train
8591,train
96419,train
95309,train
66807,train
2122,train
90241,train
97353,train
222,train
61070,train
4802,train
13921,train
81187,train
83624,train
69616,train
22065,train
318,train
75632,train
81008,train
58984,train
39864,train
35179,train
99648,train
3760,train
22356,train
84833,train
60350,train
48147,train
24091,train
84724,train
68537,train
72000,train
72404,train
51207,train
99043,train
52321,train
29351,train
80374,train
37345,train
62897,train
34969,train
24926,train
70789,train
39446,train
86937,train
42774,train
89035,train
70806,train
73467,train
85557,train
35505,train
847,train
47721,train
82875,train
24393,train
81290,train
63601,train
5727,train
75462,train
21411,train
70067,train
14059,train
16774,train
75991,train
86883,train
24791,train
47879,train
41593,train
19079,train
87147,train
53152,train
69382,train
95558,train
79593,train
9848,train
27044,train
26087,train
70207,train
68354,train
76539,train
87850,train
45298,train
91394,train
33614,train
3738,train
46477,train
44664,train
64432,train
50740,train
7206,train
77474,train
60638,train
10408,train
50661,train
62302,train
36078,train
32799,train
1049,train
25228,train
28597,train
33317,train
90350,train
23341,train
66173,train
19874,train
50281,train
4306,train
95285,train
33947,train
37578,train
35976,train
64383,train
73804,train
56714,train
89961,train
14799,train
90750,train
66180,train
9891,train
7181,train
50477,train
57089,train
81977,train
52439,train
83521,train
15276,train
47966,train
59690,train
81566,train
25267,train
69069,train
73581,train
5889,train
71792,train
2797,train
90387,train
5196,train
73500,train
52075,train
44938,train
98980,train
48751,train
21601,train
69806,train
75688,train
23604,train
3451,train
72531,train
11274,train
58495,train
84824,train
8508,train
87347,train
8254,train
4807,train
18519,train
23412,train
14201,train
28296,train
83292,train
1522,train
92851,train
93433,train
11736,train
65048,train
4120,train
34950,train
81649,train
6239,train
66043,train
4520,train
95680,train
18268,train
72003,train
51262,train
85791,train
80691,train
76836,train
49702,train
11640,train
59134,train
60023,train
65499,train
97977,train
75666,train
45191,train
22090,train
10210,train
69135,train
28308,train
93694,train
37683,train
36876,train
48009,train
42057,train
26508,train
73494,train
12390,train
24112,train
91375,train
58100,train
96593,train
19251,train
37701,train
8659,train
57213,train
28642,train
87697,train
46106,train
44462,train
13838,train
28943,train
6792,train
8492,train
94273,train
6120,train
32175,train
7778,train
50015,train
69492,train
77175,train
49053,train
768,train
94772,train
50152,train
41052,train
69269,train
82114,train
9867,train
74272,train
92853,train
90580,train
68947,train
33006,train
88348,train
88888,train
97005,train
21452,train
55092,train
63546,train
29409,train
94401,train
15775,train
50916,train
43528,train
91266,train
64219,train
3673,train
90445,train
19493,train
38586,train
53334,train
21489,train
13163,train
51923,train
32570,train
46840,train
15156,train
52900,train
82043,train
5787,train
18294,train
27167,train
81704,train
293,train
39145,train
38192,train
79073,train
46435,train
15894,train
48062,train
96785,train
73825,train
51890,train
47706,train
70919,train
22001,train
11517,train
34629,train
34525,train
76333,train
39718,train
35239,train
1763,train
91940,train
42178,train
35347,train
60672,train
34381,train
27659,train
25601,train
15507,train
25664,train
97254,train
51425,train
56767,train
36109,train
14176,train
32074,train
78943,train
32619,train
58488,train
52537,train
59603,train
21577,train
84466,train
61216,train
75804,train
99941,train
96819,train
18409,train
92709,train
18827,train
69947,train
38571,train
41824,train
26873,train
41628,train
32611,train
16626,train
9911,train
7971,train
26030,train
35278,train
17850,train
2845,train
19690,train
72637,train
4806,train
26219,train
14640,train
69144,train
85728,train
1833,train
64490,train
75237,train
49207,train
79091,train
49884,train
78354,train
12346,train
83413,train
76535,train
61081,train
93025,train
46449,train
69721,train
15454,train
82848,train
43560,train
89129,train
93904,train
50861,train
92439,train
5309,train
72726,train
63490,train
304,train
99524,train
98571,train
21128,train
66080,train
32866,train
67905,train
86672,train
1556,train
12719,train
77288,train
93769,train
20274,train
18290,train
87669,train
55159,train
61991,train
74202,train
65325,train
3254,train
3077,train
66148,train
62949,train
89444,train
76525,train
31575,train
46780,train
58358,train
32551,train
9025,train
98860,train
42909,train
41577,train
19401,train
48742,train
97441,train
53386,train
46211,train
12890,train
22863,train
12495,train
23431,train
21671,train
63464,train
7626,train
68228,train
1116,train
21588,train
45915,train
88779,train
47495,train
31257,train
7602,train
62134,train
2188,train
61836,train
94703,train
28771,train
1840,train
55059,train
42738,train
96623,train
99803,train
82511,train
39729,train
6095,train
68271,train
71592,train
91753,train
17724,train
74256,train
56691,train
34140,train
30878,train
46104,train
55045,train
27070,train
98488,train
87902,train
64466,train
92197,train
29797,train
18875,train
31940,train
73478,train
4470,train
20035,train
94421,train
43393,train
44084,train
37814,train
59171,train
8392,train
93932,train
76517,train
91815,train
32893,train
29798,train
68551,train
78720,train
44379,train
17067,train
37660,train
76633,train
52525,train
74509,train
83342,train
27841,train
13432,train
96675,train
69480,train
54364,train
69525,train
56780,train
57433,train
34982,train
15060,train
75306,train
39170,train
69872,train
81102,train
49319,train
19057,train
34302,train
47933,train
15367,train
83352,train
61873,train
79622,train
21661,train
82232,train
12682,train
84722,train
54826,train
83117,train
39830,train
26618,train
99234,train
14073,train
75769,train
25706,train
13002,train
60281,train
262,train
21802,train
18484,train
68520,train
26712,train
57635,train
50079,train
33065,train
93484,train
12362,train
9866,train
51655,train
21225,train
7851,train
42788,train
50420,train
61988,train
31854,train
14083,train
36358,train
22313,train
65548,train
93844,train
24966,train
94000,train
7930,train
64634,train
78208,train
13021,train
20391,train
39984,train
51556,train
53330,train
15066,train
86548,train
23568,train
78923,train
90057,train
83220,train
75931,train
98151,train
75291,train
48131,train
3408,train
9305,train
47444,train
55675,train
81046,train
82702,train
59593,train
10530,train
7892,train
18455,train
61415,train
59323,train
96939,train
70862,train
50060,train
89017,train
2884,train
33261,train
14586,train
30489,train
11947,train
59702,train
28792,train
99288,train
48965,train
10704,train
26162,train
57163,train
8747,train
28665,train
7890,train
46022,train
3062,train
96971,train
68886,train
22107,train
15656,train
95170,train
17983,train
65416,train
37403,train
3395,train
90260,train
21966,train
62128,train
45853,train
7819,train
55126,train
22273,train
17900,train
39765,train
85864,train
18830,train
1518,train
17646,train
95093,train
32343,train
10873,train
17952,train
27506,train
90571,train
52226,train
87751,train
20301,train
87323,train
44741,train
40173,train
96215,train
95938,train
65358,train
65063,train
5244,train
66302,train
66871,train
27623,train
65837,train
56060,train
83622,train
88376,train
41695,train
24268,train
55945,train
46653,train
95809,train
83108,train
41149,train
63961,train
37232,train
2336,train
68980,train
84033,train
64449,train
26481,train
59549,train
90876,train
13780,train
58163,train
90069,train
13515,train
43100,train
49601,train
46652,train
45166,train
16855,train
61357,train
21808,train
16188,train
91487,train
53886,train
61047,train
44386,train
3095,train
31607,train
88093,train
45321,train
46552,train
70805,train
43395,train
38053,train
79857,train
13446,train
4884,train
63157,train
3457,train
19715,train
31417,train
58182,train
83271,train
8222,train
78153,train
59,train
63471,train
97968,train
67660,train
3349,train
7029,train
60071,train
11712,train
11118,train
66791,train
7601,train
13526,train
54473,train
94268,train
4666,train
38946,train
8986,train
74662,train
3865,train
77084,train
72902,train
76060,train
4121,train
78129,train
11946,train
40992,train
32060,train
37855,train
46644,train
78907,train
36117,train
95017,train
63863,train
95197,train
2707,train
89731,train
9671,train
26417,train
73742,train
53856,train
95069,train
40169,train
18361,train
14056,train
93407,train
2103,train
95648,train
9856,train
45374,train
87898,train
69594,train
78299,train
66144,train
64631,train
73758,train
18910,train
10954,train
821,train
58559,train
68225,train
37315,train
24782,train
17285,train
64647,train
48625,train
2162,train
1509,train
37525,train
22989,train
2315,train
89778,train
70525,train
37905,train
47686,train
7683,train
10211,train
14827,train
9273,train
11777,train
95485,train
8595,train
66422,train
16207,train
99811,train
17818,train
70176,train
89662,train
45671,train
72515,train
9643,train
93337,train
4440,train
34201,train
76907,train
59468,train
75403,train
68924,train
90328,train
95704,train
16208,train
25254,train
44653,train
56551,train
70940,train
74900,train
4703,train
57251,train
98817,train
29988,train
8676,train
63588,train
64454,train
56386,train
84338,train
49620,train
14411,train
17115,train
42617,train
48896,train
15497,train
66972,train
31914,train
48862,train
90436,train
54703,train
54340,train
41844,train
77712,train
15056,train
53510,train
9600,train
48773,train
3734,train
2514,train
93206,train
84704,train
97284,train
80118,train
70965,train
58524,train
2918,train
29831,train
40617,train
22104,train
25641,train
81517,train
35617,train
73882,train
24790,train
12097,train
6555,train
71782,train
73514,train
66501,train
37207,train
11823,train
79335,train
30700,train
58511,train
97378,train
22942,train
95986,train
44739,train
53768,train
91650,train
43283,train
6568,train
14699,train
57572,train
82265,train
47255,train
52776,train
13540,train
80220,train
86318,train
40230,train
61401,train
95524,train
79868,train
823,train
32812,train
99628,train
4061,train
11891,train
8757,train
39202,train
32160,train
27269,train
91808,train
85283,train
49471,train
68019,train
7562,train
83961,train
97121,train
46954,train
49992,train
89575,train
27892,train
15083,train
15703,train
66190,train
18463,train
3868,train
53086,train
96002,train
65530,train
68101,train
78081,train
90850,train
26885,train
76972,train
27906,train
59629,train
12293,train
11591,train
22985,train
17237,train
98627,train
28430,train
23651,train
36868,train
30901,train
1934,train
97105,train
65802,train
42343,train
35381,train
18252,train
57654,train
25113,train
8099,train
50578,train
37749,train
91912,train
59116,train
22120,train
60061,train
14299,train
81469,train
55289,train
43795,train
94411,train
98464,train
16596,train
60124,train
93799,train
48122,train
47569,train
13595,train
2669,train
549,train
14546,train
59626,train
28378,train
48899,train
93571,train
59347,train
9961,train
15819,train
13049,train
83113,train
91701,train
4410,train
92050,train
85102,train
77347,train
23653,train
61454,train
50534,train
41541,train
27945,train
19760,train
19885,train
35099,train
84629,train
87791,train
77301,train
48909,train
46529,train
59926,train
49420,train
15953,train
28347,train
36424,train
22869,train
6514,train
94099,train
34608,train
31311,train
19793,train
71425,train
38299,train
5949,train
43877,train
9665,train
40076,train
68180,train
74663,train
86330,train
27097,train
66159,train
37268,train
74661,train
46889,train
37455,train
86146,train
83327,train
82788,train
70880,train
99883,train
91262,train
47847,train
91654,train
42691,train
63710,train
39015,train
34818,train
3439,train
89051,train
99679,train
36262,train
24262,train
5986,train
84687,train
65171,train
36322,train
17185,train
18200,train
37202,train
49940,train
67598,train
88307,train
21506,train
85627,train
29990,train
50109,train
57177,train
91655,train
44734,train
4604,train
850,train
47557,train
82905,train
15786,train
40824,train
71005,train
78488,train
29678,train
94291,train
11273,train
44967,train
77104,train
70979,train
85680,train
12242,train
48269,train
18824,train
7657,train
60579,train
19117,train
93721,train
3218,train
91480,train
30425,train
64038,train
17551,train
56581,train
65894,train
83881,train
58068,train
45210,train
93032,train
20818,train
90757,train
8731,train
49300,train
66413,train
58026,train
45679,train
79896,train
82735,train
94341,train
11281,train
32293,train
22715,train
37041,train
48649,train
31233,train
47245,train
45386,train
57397,train
2455,train
57837,train
8357,train
34829,train
30253,train
48007,train
28898,train
5499,train
30857,train
37764,train
14739,train
93947,train
21819,train
27310,train
16952,train
41387,train
27410,train
58231,train
49838,train
65695,train
16409,train
61482,train
75840,train
69170,train
45723,train
26604,train
81604,train
43822,train
1174,train
44993,train
13238,train
15739,train
61129,train
90029,train
44996,train
52052,train
68233,train
71806,train
22018,train
48088,train
13155,train
79609,train
14192,train
32600,train
68795,train
27543,train
77901,train
87135,train
55442,train
36819,train
57912,train
27650,train
5762,train
62390,train
95806,train
78549,train
48549,train
43945,train
56619,train
31134,train
74234,train
4468,train
33250,train
18912,train
62525,train
23714,train
80772,train
67019,train
68402,train
23113,train
62730,train
67823,train
96642,train
21025,train
58497,train
6414,train
54917,train
27822,train
4846,train
51523,train
9850,train
52640,train
67011,train
92548,train
83484,train
77132,train
5920,train
59677,train
61999,train
77689,train
86917,train
30994,train
67362,train
75529,train
73489,train
79853,train
73984,train
28189,train
27555,train
32689,train
88841,train
85090,train
12453,train
82551,train
40023,train
95771,train
88998,train
54054,train
73531,train
24039,train
61251,train
56792,train
25337,train
80206,train
24013,train
91385,train
20424,train
88703,train
27750,train
86912,train
30752,train
92865,train
78930,train
62714,train
18861,train
28299,train
61722,train
59079,train
42663,train
85356,train
13099,train
90405,train
40751,train
13216,train
23283,train
19016,train
16825,train
83655,train
95439,train
88466,train
9568,train
52260,train
59769,train
41483,train
38504,train
29555,train
40095,train
56130,train
6010,train
88336,train
151,train
13211,train
11424,train
65670,train
28116,train
60867,train
92860,train
27192,train
93955,train
57474,train
79891,train
31330,train
12178,train
45,train
67243,train
59897,train
53933,train
3532,train
59526,train
42539,train
63918,train
10838,train
77206,train
58932,train
25332,train
29125,train
19530,train
24004,train
49925,train
30193,train
95145,train
23495,train
26585,train
15509,train
15372,train
67782,train
79053,train
7517,train
67908,train
96637,train
27848,train
27199,train
65771,train
99919,train
14611,train
56885,train
32713,train
84003,train
74892,train
45334,train
15841,train
56514,train
78204,train
40007,train
77735,train
14367,train
9818,train
48019,train
98451,train
85916,train
32527,train
46882,train
88179,train
96152,train
23111,train
58716,train
35501,train
69769,train
14993,train
29596,train
30772,train
88405,train
83842,train
92566,train
56985,train
88498,train
47492,train
69172,train
54626,train
96342,train
25508,train
22696,train
47439,train
77330,train
68024,train
14798,train
70912,train
51988,train
29355,train
24042,train
37063,train
68799,train
86847,train
55615,train
31366,train
60648,train
72059,train
36969,train
74793,train
66083,train
13465,train
63231,train
53803,train
11316,train
63046,train
53432,train
79126,train
37689,train
90597,train
96551,train
7914,train
96130,train
72528,train
62333,train
485,train
69529,train
78707,train
69127,train
163,train
78447,train
35662,train
56163,train
16934,train
88546,train
23015,train
48905,train
48217,train
20480,train
40045,train
45147,train
50877,train
58164,train
35461,train
71872,train
77809,train
30526,train
79079,train
30531,train
90920,train
90479,train
44202,train
84431,train
67498,train
92165,train
62295,train
78472,train
55652,train
84011,train
19805,train
9715,train
6421,train
56279,train
83305,train
56837,train
68465,train
24241,train
14046,train
20800,train
4377,train
68681,train
14648,train
48829,train
14619,train
92097,train
61270,train
51466,train
41700,train
22184,train
98252,train
38279,train
4435,train
95823,train
58352,train
59063,train
36686,train
38373,train
5059,train
57898,train
38174,train
98990,train
69590,train
50536,train
39865,train
58165,train
64523,train
54823,train
73533,train
4383,train
68190,train
44265,train
31635,train
83663,train
66792,train
9526,train
16453,train
65284,train
94371,train
3484,train
99387,train
78598,train
12667,train
37655,train
46442,train
6579,train
86301,train
37644,train
93889,train
18909,train
45427,train
87005,train
74976,train
78125,train
52717,train
83402,train
73703,train
22327,train
3075,train
6140,train
53542,train
82231,train
62806,train
57050,train
21045,train
23596,train
30482,train
21539,train
31672,train
95084,train
87341,train
4669,train
73865,train
71392,train
85185,train
79820,train
72920,train
72081,train
37217,train
97679,train
8211,train
60526,train
1792,train
82173,train
85609,train
27679,train
61931,train
65148,train
74174,train
23344,train
3319,train
81210,train
28644,train
84194,train
98400,train
36087,train
42583,train
14986,train
94553,train
92763,train
4827,train
4289,train
42122,train
7823,train
92240,train
51893,train
68570,train
408,train
91450,train
52665,train
15631,train
48047,train
85919,train
24122,train
734,train
27442,train
75267,train
55535,train
49798,train
54323,train
76144,train
7533,train
5853,train
80732,train
33901,train
42948,train
7143,train
44114,train
88912,train
73229,train
33181,train
86973,train
81490,train
30998,train
67531,train
12132,train
44862,train
16291,train
67069,train
43321,train
97218,train
97149,train
96093,train
87768,train
94160,train
4922,train
22341,train
13943,train
7625,train
62620,train
17856,train
58735,train
16420,train
56940,train
29557,train
6348,train
88222,train
36258,train
19045,train
88889,train
87773,train
78782,train
99476,train
25959,train
28782,train
1999,train
97488,train
4286,train
61258,train
89185,train
15707,train
98795,train
36401,train
63110,train
74744,train
68800,train
50864,train
8348,train
77500,train
47628,train
69219,train
81829,train
45216,train
96750,train
92974,train
80946,train
66538,train
92014,train
76084,train
79225,train
48721,train
56635,train
87020,train
81839,train
31115,train
84417,train
6478,train
43949,train
58295,train
55506,train
9507,train
29395,train
48354,train
45397,train
51059,train
10377,train
72054,train
76781,train
71428,train
2782,train
71910,train
51774,train
84836,train
20263,train
64144,train
7909,train
65291,train
84868,train
57400,train
20622,train
85329,train
55708,train
18525,train
75311,train
65222,train
67355,train
47878,train
43214,train
96368,train
84088,train
51967,train
54137,train
13113,train
58223,train
13174,train
75911,train
62924,train
38068,train
21328,train
99092,train
29185,train
80356,train
46581,train
37514,train
26899,train
69080,train
91757,train
65523,train
26215,train
36470,train
30095,train
47846,train
91430,train
10051,train
4268,train
21463,train
96755,train
26069,train
97199,train
17603,train
61317,train
16739,train
29122,train
40429,train
22834,train
4382,train
89845,train
55080,train
53154,train
1091,train
66016,train
97671,train
31641,train
8514,train
23087,train
8615,train
71660,train
77124,train
55699,train
28142,train
50403,train
10094,train
85070,train
50842,train
56844,train
17852,train
96764,train
49597,train
63107,train
47004,train
48871,train
82924,train
97662,train
99056,train
40486,train
42454,train
42375,train
96985,train
20872,train
6065,train
79528,train
60885,train
96928,train
27471,train
34531,train
73378,train
81236,train
81621,train
13764,train
94558,train
95895,train
53645,train
53321,train
67204,train
13973,train
31398,train
59567,train
49402,train
35132,train
88544,train
16363,train
26116,train
81253,train
22937,train
697,train
43195,train
891,train
30925,train
93174,train
16593,train
3876,train
12742,train
29742,train
60665,train
32828,train
46924,train
80159,train
59259,train
94834,train
65833,train
93106,train
4676,train
58694,train
96055,train
13673,train
10176,train
40939,train
62370,train
95812,train
80516,train
1853,train
18224,train
34299,train
13338,train
20131,train
42092,train
21613,train
5265,train
97765,train
54346,train
83148,train
86873,train
3153,train
41760,train
72485,train
13423,train
11368,train
31540,train
79454,train
27160,train
17225,train
27253,train
37892,train
71342,train
8938,train
17363,train
6637,train
37673,train
64216,train
77253,train
36773,train
47370,train
81249,train
72555,train
17770,train
1462,train
46014,train
29675,train
69790,train
82752,train
33406,train
91106,train
37417,train
25506,train
90684,train
92463,train
44061,train
10166,train
79136,train
72655,train
80685,train
22526,train
29649,train
43622,train
89346,train
93467,train
71694,train
51532,train
57481,train
99390,train
44015,train
41755,train
72227,train
87275,train
16157,train
52520,train
94427,train
38595,train
85531,train
68769,train
68011,train
52233,train
13990,train
20658,train
77328,train
99091,train
90021,train
22802,train
64741,train
44876,train
41332,train
71246,train
30782,train
66891,train
3245,train
80247,train
36497,train
47512,train
70235,train
63099,train
98033,train
60400,train
1538,train
95129,train
88804,train
46003,train
376,train
25483,train
24284,train
90665,train
36148,train
30366,train
31471,train
28432,train
84870,train
44568,train
51189,train
31783,train
89706,train
4424,train
19390,train
25666,train
96606,train
23493,train
74194,train
35951,train
43985,train
99246,train
12917,train
60625,train
70714,train
47141,train
19363,train
8051,train
2690,train
1172,train
39442,train
23903,train
78574,train
22611,train
39819,train
71598,train
48850,train
24158,train
95078,train
36859,train
54600,train
70338,train
2990,train
58021,train
95573,train
98812,train
56218,train
72259,train
75419,train
7461,train
31764,train
76119,train
22462,train
3794,train
38776,train
76587,train
16713,train
62025,train
2509,train
57337,train
55746,train
17407,train
58254,train
19408,train
90093,train
37553,train
15722,train
10589,train
59299,train
73485,train
98716,train
9224,train
12000,train
24202,train
67997,train
86389,train
29906,train
6690,train
90423,train
29614,train
18063,train
99640,train
20179,train
51314,train
91042,train
79196,train
77600,train
23287,train
96938,train
88623,train
9660,train
81302,train
75058,train
34664,train
34736,train
12345,train
7272,train
69643,train
88619,train
30746,train
39468,train
78112,train
79975,train
34434,train
44610,train
62675,train
27706,train
47145,train
97930,train
66835,train
82725,train
93254,train
51485,train
80323,train
46262,train
5100,train
69346,train
71199,train
36023,train
21646,train
99190,train
37890,train
63880,train
63417,train
48995,train
59841,train
40292,train
88622,train
11568,train
46231,train
59047,train
36891,train
55350,train
92512,train
13273,train
94120,train
64959,train
17610,train
57065,train
69146,train
29986,train
19012,train
29806,train
30967,train
35663,train
73512,train
86236,train
13731,train
74701,train
37285,train
87628,train
57542,train
15692,train
11185,train
49008,train
49233,train
89869,train
96812,train
79213,train
45659,train
32936,train
17248,train
22903,train
1029,train
40015,train
99333,train
20781,train
8817,train
64171,train
56575,train
91337,train
39571,train
43322,train
7312,train
95076,train
47367,train
60302,train
42480,train
54465,train
22015,train
28088,train
25635,train
23016,train
53495,train
98827,train
14708,train
12919,train
97655,train
29394,train
45756,train
49636,train
46618,train
81028,train
74335,train
12321,train
20205,train
2199,train
8475,train
68065,train
53027,train
19508,train
85267,train
30390,train
93288,train
58106,train
9115,train
20116,train
56574,train
49608,train
96756,train
40950,train
12285,train
45972,train
51032,train
2054,train
20729,train
74228,train
63047,train
65675,train
21987,train
57075,train
73705,train
82238,train
40427,train
55575,train
3943,train
6227,train
52499,train
76943,train
17867,train
24907,train
81576,train
12398,train
40565,train
51221,train
97301,train
53698,train
50657,train
89533,train
47045,train
16286,train
8187,train
79059,train
31212,train
10736,train
96359,train
35821,train
22425,train
61265,train
16076,train
38665,train
61207,train
68150,train
26936,train
12172,train
25016,train
84544,train
40827,train
73241,train
99265,train
38626,train
86908,train
56014,train
47358,train
30947,train
16399,train
20902,train
26734,train
32738,train
77433,train
77728,train
39780,train
91905,train
75420,train
26362,train
46967,train
65418,train
17369,train
3228,train
52399,train
27491,train
21080,train
77365,train
60959,train
74005,train
99247,train
86189,train
53555,train
64671,train
53912,train
50075,train
23836,train
87938,train
3140,train
13284,train
99665,train
87225,train
82075,train
7686,train
13228,train
72469,train
57549,train
92646,train
28012,train
58011,train
11193,train
50924,train
38199,train
67162,train
9930,train
42988,train
18020,train
75752,train
64440,train
29878,train
44267,train
94752,train
10541,train
70697,train
93166,train
68067,train
63209,train
59890,train
80169,train
75205,train
29498,train
39688,train
90949,train
12054,train
72824,train
19405,train
68207,train
86397,train
81272,train
14260,train
76510,train
10392,train
32803,train
72110,train
31706,train
87014,train
75426,train
47334,train
45909,train
91823,train
79760,train
59627,train
89969,train
12587,train
96063,train
41369,train
27157,train
34191,train
31109,train
33786,train
42306,train
57029,train
77098,train
35878,train
99250,train
76588,train
31549,train
48846,train
64684,train
14311,train
43619,train
54542,train
45032,train
6689,train
13498,train
97449,train
72385,train
43991,train
80915,train
81944,train
57674,train
75427,train
37383,train
27433,train
39835,train
12314,train
95005,train
53513,train
45588,train
11379,train
4180,train
64431,train
72997,train
40189,train
12319,train
60180,train
82802,train
46639,train
16302,train
40852,train
80546,train
48607,train
64512,train
12356,train
97521,train
77446,train
18039,train
41389,train
28812,train
22174,train
9044,train
52350,train
26890,train
94394,train
21140,train
71024,train
94913,train
51873,train
2169,train
74374,train
89688,train
39087,train
50229,train
73976,train
97374,train
14460,train
43097,train
67535,train
50832,train
47445,train
43878,train
79274,train
27657,train
2152,train
55828,train
29281,train
802,train
50962,train
99418,train
72285,train
1861,train
48497,train
30797,train
55713,train
64801,train
91180,train
50734,train
94932,train
81009,train
73262,train
59090,train
44211,train
49130,train
43888,train
30296,train
76826,train
61083,train
60086,train
58603,train
26853,train
18897,train
33062,train
97845,train
50514,train
42870,train
39481,train
98483,train
70087,train
31061,train
83551,train
31126,train
64183,train
16432,train
109,train
89695,train
71736,train
9916,train
65642,train
74376,train
88015,train
17587,train
54919,train
59363,train
42688,train
24599,train
25214,train
40610,train
59312,train
88334,train
99804,train
11091,train
77788,train
68231,train
77028,train
77081,train
98060,train
68050,train
10476,train
30175,train
20064,train
83483,train
3751,train
71253,train
58284,train
7090,train
52497,train
76581,train
33765,train
93210,train
59408,train
62966,train
33729,train
47341,train
74144,train
46509,train
96845,train
89599,train
1310,train
96435,train
62319,train
16448,train
61639,train
24861,train
47779,train
30270,train
90870,train
62853,train
30908,train
80000,train
98383,train
76501,train
93157,train
25140,train
92600,train
63618,train
92025,train
51119,train
3762,train
68984,train
38910,train
10543,train
63997,train
94413,train
83571,train
43293,train
68608,train
93597,train
97327,train
77558,train
3041,train
83595,train
83410,train
78922,train
64539,train
77601,train
63951,train
33661,train
90675,train
8654,train
69436,train
78813,train
98587,train
56435,train
93710,train
48255,train
33763,train
15160,train
79083,train
18124,train
41434,train
32139,train
65667,train
71748,train
666,train
38824,train
76520,train
33265,train
2463,train
63129,train
87418,train
9923,train
22224,train
25982,train
52896,train
1814,train
94876,train
36461,train
34305,train
99236,train
79617,train
88962,train
55811,train
89603,train
50703,train
91187,train
42856,train
92686,train
72976,train
27113,train
66332,train
64078,train
75865,train
4089,train
11788,train
80744,train
87692,train
60785,train
80368,train
40975,train
34555,train
95805,train
74999,train
24386,train
52999,train
47149,train
91164,train
13665,train
22401,train
46587,train
72907,train
71308,train
48097,train
47777,train
79457,train
10268,train
97593,train
25429,train
2473,train
47377,train
37983,train
86852,train
79408,train
12065,train
43651,train
37153,train
62172,train
1128,train
35625,train
76492,train
25181,train
36295,train
19129,train
37238,train
23348,train
52219,train
22145,train
28743,train
10810,train
79090,train
99317,train
60849,train
90040,train
8482,train
47579,train
36699,train
48266,train
16930,train
23537,train
54515,train
21470,train
84151,train
27708,train
57735,train
46929,train
99672,train
3233,train
37317,train
81796,train
54123,train
55228,train
24388,train
53184,train
43486,train
94512,train
29833,train
94064,train
86132,train
64147,train
71490,train
71946,train
27184,train
3947,train
21394,train
63801,train
84816,train
57969,train
78264,train
8561,train
25810,train
5420,train
13532,train
79590,train
6135,train
22063,train
14389,train
5802,train
46204,train
21959,train
48522,train
94249,train
23930,train
7878,train
80002,train
48366,train
81894,train
44471,train
82293,train
19697,train
52045,train
14645,train
95659,train
93987,train
62578,train
81369,train
19799,train
28759,train
4144,train
88102,train
19626,train
50502,train
17647,train
52225,train
94564,train
60686,train
11126,train
19590,train
93216,train
47050,train
57267,train
98101,train
35211,train
84975,train
79295,train
93960,train
46631,train
97967,train
3047,train
76467,train
46392,train
48411,train
84747,train
59327,train
57577,train
90797,train
88007,train
74225,train
85495,train
52459,train
47748,train
70171,train
93727,train
492,train
29626,train
57465,train
10670,train
84167,train
66799,train
68871,train
1680,train
48529,train
92209,train
23323,train
81662,train
8206,train
2182,train
68166,train
30220,train
99605,train
17133,train
66179,train
72502,train
34921,train
36433,train
21235,train
22547,train
33417,train
76553,train
47508,train
97561,train
21129,train
39826,train
14224,train
69571,train
37997,train
45072,train
29768,train
93781,train
80825,train
1322,train
77237,train
80235,train
67321,train
7687,train
31078,train
54320,train
33997,train
30785,train
92776,train
68737,train
51326,train
14456,train
91064,train
47310,train
86844,train
31977,train
42697,train
12990,train
79592,train
62828,train
46136,train
37504,train
64477,train
66392,train
34163,train
10949,train
40957,train
97329,train
82674,train
14562,train
32499,train
32260,train
2838,train
81650,train
58468,train
29334,train
83191,train
92390,train
61546,train
78835,train
29975,train
45761,train
25770,train
35121,train
49995,train
76532,train
55450,train
16792,train
95998,train
45749,train
26796,train
79812,train
20026,train
79662,train
90581,train
50381,train
83357,train
8685,train
18016,train
17783,train
92,train
17792,train
64969,train
7400,train
18579,train
83817,train
76901,train
47883,train
14643,train
77115,train
51854,train
63122,train
78079,train
70402,train
54939,train
38763,train
33845,train
433,train
98864,train
53590,train
3124,train
55994,train
32896,train
43940,train
50078,train
5632,train
14344,train
4216,train
74327,train
46224,train
50395,train
74472,train
46355,train
2510,train
40765,train
39009,train
78769,train
71639,train
89403,train
95748,train
68686,train
11769,train
45246,train
7633,train
34272,train
32731,train
49458,train
36428,train
74520,train
44244,train
44602,train
8013,train
52507,train
34028,train
4419,train
43729,train
56088,train
33827,train
97345,train
21839,train
42555,train
51184,train
72844,train
98849,train
48208,train
56127,train
23989,train
67926,train
44767,train
72472,train
33295,train
58718,train
18540,train
72338,train
13735,train
49240,train
608,train
45452,train
74573,train
26228,train
67056,train
48508,train
54339,train
44328,train
78355,train
78823,train
86140,train
78069,train
74841,train
92467,train
43515,train
41537,train
78145,train
14614,train
51835,train
32931,train
43879,train
944,train
4404,train
53776,train
4048,train
39933,train
30448,train
24618,train
88659,train
93326,train
24436,train
15776,train
60200,train
59545,train
36591,train
92928,train
79475,train
57705,train
30676,train
45561,train
26627,train
35373,train
51397,train
37901,train
94947,train
50798,train
69596,train
55169,train
41291,train
96060,train
72202,train
98441,train
44880,train
20496,train
3386,train
20106,train
70281,train
36778,train
36001,train
90820,train
8863,train
74215,train
60603,train
53234,train
50838,train
70624,train
79693,train
51736,train
51434,train
5791,train
67199,train
51141,train
47639,train
31236,train
22042,train
15566,train
9207,train
68296,train
23026,train
75406,train
99472,train
85564,train
8427,train
55509,train
58821,train
91492,train
87590,train
83797,train
72093,train
20792,train
23188,train
4788,train
50200,train
92855,train
65532,train
11382,train
76691,train
17234,train
10206,train
61780,train
34459,train
30518,train
76284,train
32751,train
26297,train
86657,train
86265,train
74924,train
37299,train
66915,train
6922,train
84901,train
23566,train
79296,train
95470,train
82943,train
63207,train
55812,train
28118,train
46336,train
49728,train
84902,train
88832,train
57101,train
1929,train
56416,train
16443,train
5509,train
47040,train
49317,train
27084,train
29751,train
90545,train
61863,train
59498,train
41853,train
57498,train
53691,train
25071,train
99659,train
55785,train
6048,train
24988,train
53585,train
1202,train
60439,train
70226,train
84995,train
4678,train
38522,train
82710,train
74739,train
36408,train
25492,train
78576,train
16234,train
29218,train
97743,train
47029,train
5708,train
61897,train
26944,train
45752,train
22260,train
16168,train
61717,train
39226,train
29301,train
3729,train
60563,train
30371,train
65971,train
69944,train
87488,train
89014,train
97292,train
70727,train
30612,train
33044,train
90512,train
61390,train
45457,train
34127,train
76041,train
95051,train
38611,train
92983,train
37647,train
8402,train
78754,train
19540,train
82771,train
66759,train
37793,train
24455,train
11531,train
85423,train
76277,train
24819,train
53612,train
14023,train
54608,train
4151,train
40532,train
20186,train
33413,train
83821,train
74170,train
6861,train
13303,train
3959,train
16583,train
31289,train
62817,train
73672,train
97660,train
95374,train
73998,train
82688,train
25611,train
7671,train
80314,train
67884,train
39624,train
5977,train
54260,train
57601,train
20025,train
39210,train
93666,train
15482,train
96690,train
92937,train
832,train
63505,train
23100,train
15264,train
56084,train
29539,train
23334,train
80613,train
88419,train
98393,train
22272,train
57642,train
96790,train
5948,train
65754,train
80205,train
25102,train
96047,train
60040,train
5731,train
10776,train
63956,train
3423,train
96425,train
82380,train
87246,train
12790,train
68044,train
27515,train
42901,train
12794,train
73454,train
80237,train
76560,train
21983,train
2592,train
99454,train
9698,train
83462,train
40867,train
99759,train
4553,train
82375,train
36729,train
23030,train
32338,train
30688,train
16946,train
6996,train
21663,train
64602,train
61161,train
67341,train
40794,train
6055,train
48663,train
29522,train
27782,train
67237,train
80021,train
74250,train
66931,train
50557,train
9933,train
11510,train
6783,train
60173,train
61066,train
87482,train
40493,train
94637,train
49305,train
54663,train
37637,train
14006,train
46193,train
85810,train
25796,train
49502,train
34006,train
59303,train
66689,train
22626,train
82294,train
57526,train
81089,train
55899,train
84645,train
34384,train
4333,train
2626,train
5869,train
66820,train
38065,train
47201,train
89710,train
11725,train
42558,train
23347,train
80224,train
60095,train
64372,train
66289,train
12605,train
65590,train
22429,train
96710,train
47315,train
46507,train
94696,train
61838,train
91672,train
84315,train
11234,train
74145,train
86154,train
48748,train
76771,train
4759,train
52755,train
50982,train
89118,train
9215,train
66676,train
63347,train
53629,train
62486,train
4367,train
21426,train
93482,train
89671,train
60422,train
45955,train
40043,train
58064,train
57685,train
40009,train
52462,train
1775,train
369,train
14242,train
17685,train
32427,train
45160,train
49377,train
11735,train
70773,train
29750,train
79601,train
97470,train
88797,train
52327,train
54265,train
39800,train
93996,train
51122,train
36101,train
18673,train
35779,train
4747,train
53089,train
22474,train
55502,train
211,train
48844,train
6878,train
32851,train
84956,train
63221,train
38455,train
30224,train
57450,train
71400,train
42841,train
17415,train
40583,train
93299,train
76823,train
52268,train
2052,train
75526,train
23581,train
76554,train
9466,train
75193,train
82878,train
64864,train
82250,train
71996,train
67697,train
80708,train
49871,train
83179,train
30017,train
94698,train
30385,train
28987,train
51254,train
74139,train
30433,train
9168,train
11387,train
42334,train
80784,train
23703,train
54534,train
60282,train
8485,train
34509,train
54348,train
86729,train
89234,train
81570,train
55946,train
91946,train
26831,train
16199,train
61256,train
65529,train
83099,train
58780,train
79871,train
95758,train
10814,train
31809,train
34728,train
69267,train
27897,train
39733,train
77321,train
78837,train
42352,train
40166,train
21540,train
12339,train
61720,train
13883,train
39605,train
39316,train
99842,train
65936,train
99235,train
82794,train
288,train
51700,train
66023,train
41779,train
50974,train
54489,train
18459,train
85662,train
17039,train
59454,train
37048,train
32235,train
57062,train
42059,train
44848,train
51208,train
28539,train
2113,train
41598,train
86642,train
24036,train
99292,train
91768,train
82552,train
27715,train
39572,train
18149,train
45771,train
65272,train
21214,train
73344,train
23005,train
46736,train
97142,train
84827,train
32083,train
15141,train
57973,train
9438,train
10205,train
21647,train
40544,train
58615,train
70510,train
75304,train
16823,train
31272,train
33688,train
40687,train
48582,train
65990,train
18933,train
77261,train
36924,train
75522,train
10057,train
95974,train
20088,train
45073,train
5983,train
9807,train
56971,train
69680,train
89006,train
64197,train
39387,train
41122,train
98072,train
54640,train
85998,train
95056,train
16125,train
74704,train
88991,train
9670,train
93258,train
79217,train
50357,train
99734,train
1052,train
23333,train
82201,train
988,train
59642,train
9199,train
15982,train
80869,train
96700,train
23799,train
13011,train
1902,train
34223,train
95461,train
58428,train
6684,train
4649,train
61825,train
39197,train
70177,train
49955,train
96591,train
47828,train
18216,train
72127,train
6409,train
33704,train
6625,train
34157,train
93670,train
90952,train
33875,train
30952,train
66747,train
15664,train
78827,train
44997,train
36316,train
91486,train
45937,train
79182,train
98249,train
17306,train
38001,train
36072,train
15345,train
912,train
37768,train
55528,train
86578,train
45715,train
91980,train
13718,train
23077,train
24415,train
36073,train
58077,train
24140,train
43437,train
54796,train
65090,train
85592,train
72713,train
42890,train
95620,train
41404,train
43461,train
80376,train
48434,train
52734,train
22609,train
27911,train
76978,train
25217,train
35299,train
79355,train
18109,train
82269,train
82647,train
29385,train
80768,train
9827,train
80518,train
398,train
63538,train
22814,train
24031,train
3217,train
72922,train
57250,train
460,train
75976,train
84349,train
72537,train
53205,train
625,train
32173,train
4426,train
46969,train
45197,train
76983,train
56126,train
22810,train
32097,train
97315,train
40363,train
96865,train
26852,train
61184,train
37449,train
1788,train
62092,train
57615,train
49404,train
83708,train
64266,train
49339,train
41908,train
83100,train
43705,train
65313,train
4618,train
35514,train
33368,train
80705,train
61039,train
90355,train
9954,train
75301,train
6291,train
60155,train
84516,train
17102,train
69682,train
92570,train
92537,train
97637,train
11922,train
99570,train
78103,train
41057,train
4801,train
86601,train
64854,train
81476,train
5167,train
75765,train
97304,train
57839,train
18516,train
66227,train
7019,train
74344,train
93610,train
21498,train
59557,train
9039,train
47210,train
72975,train
19636,train
94157,train
47851,train
22983,train
35208,train
78889,train
52332,train
63689,train
54764,train
32980,train
58169,train
8056,train
48387,train
56116,train
33708,train
88174,train
13607,train
64984,train
40090,train
3752,train
32458,train
64168,train
76028,train
43905,train
41298,train
16120,train
94764,train
10779,train
98872,train
88833,train
93396,train
52709,train
56715,train
20837,train
60421,train
19566,train
44684,train
21707,train
69139,train
20429,train
19937,train
66599,train
26881,train
4979,train
44195,train
32847,train
57367,train
53440,train
77582,train
62889,train
97900,train
22940,train
11729,train
58981,train
42748,train
59439,train
3066,train
31142,train
61400,train
90930,train
2812,train
25027,train
60440,train
55436,train
43869,train
99121,train
87013,train
10031,train
6572,train
7323,train
81326,train
98376,train
56133,train
76035,train
21590,train
29012,train
7620,train
74382,train
80888,train
39646,train
78974,train
89310,train
62514,train
82595,train
3659,train
70099,train
4475,train
65006,train
40564,train
81414,train
26493,train
79998,train
40107,train
94169,train
47123,train
37706,train
97051,train
851,train
33852,train
58917,train
77258,train
55593,train
22419,train
34458,train
59920,train
40600,train
67529,train
56227,train
94269,train
69540,train
71102,train
3477,train
19815,train
13874,train
41802,train
9252,train
26806,train
26461,train
73723,train
86758,train
10996,train
13699,train
78662,train
81666,train
11253,train
59601,train
87634,train
68419,train
85629,train
42897,train
44594,train
14140,train
78636,train
26776,train
74839,train
51675,train
97077,train
31674,train
59070,train
22534,train
51001,train
76769,train
13802,train
29900,train
47584,train
17968,train
55213,train
25937,train
8106,train
8813,train
23432,train
81237,train
74487,train
47366,train
5759,train
8501,train
89461,train
9860,train
51969,train
52424,train
21850,train
72448,train
21052,train
7426,train
34478,train
33699,train
98213,train
19868,train
38177,train
77454,train
83958,train
45575,train
74361,train
24733,train
59083,train
54097,train
80364,train
48336,train
14594,train
87505,train
91069,train
48931,train
34269,train
37705,train
39177,train
36014,train
60167,train
10739,train
10471,train
45636,train
66419,train
82642,train
51429,train
63113,train
20402,train
43679,train
45868,train
95205,train
99792,train
66232,train
16964,train
46727,train
57977,train
6970,train
96031,train
60198,train
77309,train
15806,train
48939,train
46707,train
55356,train
96884,train
76323,train
5481,train
34433,train
56783,train
81281,train
22388,train
47196,train
67602,train
48949,train
42058,train
25017,train
91506,train
90190,train
5843,train
54553,train
62074,train
54432,train
36062,train
12368,train
84111,train
60630,train
63204,train
50759,train
71176,train
63074,train
81350,train
13178,train
87241,train
84579,train
91132,train
47708,train
93750,train
81410,train
1785,train
29655,train
27878,train
99972,train
17453,train
91051,train
14998,train
47349,train
63910,train
23608,train
98896,train
84778,train
88117,train
51993,train
70629,train
96201,train
31666,train
1171,train
97592,train
70416,train
74599,train
88845,train
66887,train
41454,train
12518,train
44408,train
16252,train
81296,train
55010,train
80470,train
57992,train
87273,train
25797,train
18198,train
54414,train
87731,train
84727,train
38853,train
50576,train
41548,train
64369,train
25865,train
73235,train
83159,train
44434,train
67337,train
99561,train
8445,train
2196,train
3571,train
63361,train
86379,train
69478,train
85789,train
94009,train
48588,train
40272,train
4077,train
37747,train
27893,train
84043,train
31912,train
42941,train
66278,train
52372,train
39038,train
32665,train
73178,train
30025,train
75425,train
31459,train
32880,train
75238,train
33994,train
87714,train
89445,train
28815,train
28143,train
71935,train
19653,train
41137,train
94101,train
42533,train
22881,train
11691,train
68811,train
2870,train
6905,train
71626,train
90698,train
42590,train
7659,train
94331,train
2138,train
95133,train
80939,train
178,train
48360,train
75431,train
93073,train
43740,train
49306,train
31377,train
46227,train
95674,train
1121,train
66459,train
61647,train
54779,train
14719,train
2092,train
7034,train
29774,train
85571,train
58453,train
26319,train
60081,train
95536,train
40343,train
76349,train
73923,train
71787,train
58856,train
44609,train
75721,train
84149,train
57096,train
8249,train
6198,train
3745,train
77011,train
80552,train
56925,train
68794,train
88476,train
40405,train
84211,train
39025,train
11100,train
33441,train
6328,train
44416,train
97941,train
16271,train
39111,train
65810,train
65055,train
25956,train
12334,train
38481,train
9565,train
79128,train
8926,train
60185,train
46767,train
27741,train
94375,train
5596,train
40572,train
82857,train
59742,train
35377,train
1444,train
49927,train
67953,train
42972,train
95096,train
50724,train
33060,train
90726,train
12278,train
55642,train
68986,train
87523,train
53877,train
30855,train
96968,train
64236,train
38457,train
66025,train
70370,train
11883,train
42377,train
44031,train
7328,train
31570,train
57686,train
95355,train
24313,train
21144,train
40350,train
32360,train
37736,train
45542,train
51228,train
8821,train
54942,train
24034,train
7770,train
22862,train
19184,train
64318,train
62442,train
71774,train
35188,train
85846,train
40380,train
2474,train
60201,train
10892,train
40270,train
30415,train
71171,train
52826,train
97134,train
85594,train
77101,train
68802,train
2596,train
6766,train
75345,train
10942,train
13105,train
92955,train
90152,train
34298,train
74729,train
99123,train
22352,train
13890,train
7940,train
73445,train
89337,train
16403,train
78689,train
13070,train
32573,train
37955,train
34131,train
45629,train
34687,train
32414,train
97627,train
68580,train
11340,train
59947,train
11385,train
50,train
98892,train
77524,train
51608,train
82364,train
34701,train
17070,train
67457,train
20416,train
31869,train
39954,train
98600,train
89402,train
98764,train
39779,train
42316,train
67031,train
61911,train
33979,train
28848,train
9317,train
34016,train
28761,train
71572,train
17029,train
63611,train
96779,train
38905,train
16465,train
94583,train
9190,train
43607,train
20260,train
84869,train
32635,train
55651,train
67032,train
35068,train
75096,train
97588,train
8819,train
81846,train
20125,train
44266,train
13041,train
7229,train
1225,train
5371,train
2940,train
58739,train
23103,train
36296,train
43763,train
20293,train
7730,train
52169,train
25874,train
23505,train
71090,train
18956,train
87848,train
476,train
55847,train
87285,train
73977,train
19145,train
9481,train
51696,train
61580,train
24743,train
110,train
37845,train
40937,train
85386,train
43644,train
16089,train
25843,train
43472,train
22155,train
77992,train
22724,train
80958,train
54847,train
98877,train
87027,train
2064,train
86899,train
72147,train
67117,train
18765,train
44305,train
37691,train
8572,train
84012,train
44137,train
60620,train
27149,train
6728,train
22919,train
60273,train
75706,train
16472,train
32354,train
17678,train
61105,train
89361,train
58663,train
54724,train
59572,train
80660,train
23449,train
810,train
8948,train
78306,train
17117,train
5027,train
59528,train
39112,train
86408,train
67268,train
6041,train
77181,train
33122,train
46272,train
87725,train
44377,train
22261,train
13152,train
56967,train
78917,train
477,train
62484,train
84035,train
83906,train
84378,train
49276,train
28446,train
63629,train
98300,train
71851,train
27661,train
50083,train
90909,train
81557,train
49059,train
19093,train
85440,train
20645,train
1163,train
78751,train
54448,train
3151,train
618,train
35783,train
1211,train
25567,train
23854,train
79242,train
82865,train
62162,train
83288,train
78375,train
70030,train
50092,train
24813,train
52646,train
94813,train
21681,train
27854,train
32926,train
69833,train
81549,train
34740,train
72323,train
93225,train
15764,train
92218,train
53879,train
71999,train
8824,train
59477,train
98185,train
95624,train
65110,train
47676,train
79142,train
3094,train
45108,train
84562,train
96317,train
17247,train
73104,train
85761,train
35324,train
11262,train
18917,train
51773,train
82534,train
9269,train
43765,train
4281,train
78506,train
38185,train
42095,train
48826,train
63013,train
46690,train
77428,train
31480,train
73860,train
49466,train
5744,train
19419,train
96561,train
26625,train
18422,train
23063,train
3564,train
39960,train
72084,train
85215,train
10285,train
94407,train
20672,train
71304,train
91578,train
98388,train
70494,train
33297,train
21405,train
98610,train
67426,train
90292,train
11888,train
82,train
93212,train
63649,train
15746,train
57094,train
77063,train
14103,train
99081,train
78761,train
57384,train
98640,train
79787,train
23543,train
40087,train
41647,train
58588,train
62971,train
35190,train
27826,train
42336,train
35862,train
76646,train
9445,train
27799,train
1352,train
32767,train
24610,train
96910,train
99713,train
98808,train
10523,train
44081,train
83741,train
84,train
77411,train
69618,train
86274,train
88010,train
28682,train
98750,train
49463,train
37309,train
97821,train
44652,train
3070,train
89901,train
29123,train
10612,train
73677,train
95412,train
19455,train
54249,train
31036,train
85001,train
14508,train
30341,train
38783,train
35732,train
14786,train
79725,train
71236,train
20152,train
15456,train
27278,train
41859,train
49647,train
95861,train
2094,train
84196,train
34513,train
51030,train
35116,train
5363,train
85481,train
90528,train
463,train
42402,train
17692,train
37783,train
89156,train
39976,train
60817,train
30097,train
52470,train
38980,train
89254,train
95421,train
96883,train
23286,train
62737,train
53861,train
70073,train
72530,train
87213,train
16721,train
11629,train
28982,train
52633,train
40721,train
88637,train
62808,train
5026,train
86834,train
11173,train
11344,train
25581,train
32579,train
68791,train
21734,train
41096,train
87378,train
33539,train
210,train
17371,train
17303,train
50392,train
65681,train
37241,train
4078,train
87461,train
9211,train
72588,train
48211,train
61882,train
7773,train
56256,train
94909,train
96481,train
81758,train
50776,train
56144,train
50053,train
64036,train
67654,train
76453,train
10375,train
81569,train
58688,train
69899,train
83674,train
85505,train
15361,train
22934,train
93088,train
47607,train
7654,train
91155,train
48072,train
97152,train
28098,train
41017,train
31369,train
2228,train
46771,train
88967,train
19755,train
35794,train
47770,train
68124,train
39924,train
90689,train
14336,train
91309,train
46787,train
45125,train
644,train
13639,train
74986,train
14145,train
53557,train
62720,train
39464,train
6316,train
76066,train
60950,train
60304,train
84439,train
7213,train
32082,train
62256,train
41484,train
29180,train
40722,train
78012,train
55028,train
4897,train
67085,train
95006,train
71377,train
71057,train
26318,train
67969,train
48489,train
449,train
27727,train
36833,train
73208,train
12936,train
8784,train
36028,train
1569,train
13877,train
35154,train
10843,train
44786,train
35718,train
49272,train
4322,train
52344,train
21787,train
81741,train
37599,train
69669,train
69104,train
27800,train
82790,train
32013,train
42392,train
44232,train
93029,train
16242,train
45537,train
20832,train
88603,train
80259,train
2400,train
19258,train
15205,train
41353,train
6134,train
39629,train
22672,train
72709,train
20913,train
74828,train
19509,train
22765,train
66698,train
42200,train
80199,train
53511,train
24077,train
74749,train
30064,train
54065,train
9717,train
38211,train
5564,train
90821,train
69922,train
94532,train
57008,train
98239,train
75285,train
70787,train
51424,train
77395,train
31582,train
81014,train
61555,train
99400,train
2283,train
94287,train
53657,train
23845,train
16518,train
4183,train
62627,train
68731,train
89352,train
81750,train
45637,train
6379,train
8985,train
99836,train
61566,train
77618,train
30100,train
59435,train
38654,train
58134,train
77990,train
71012,train
20880,train
8177,train
4006,train
54035,train
80742,train
42083,train
25345,train
19920,train
66810,train
76178,train
51631,train
28440,train
10741,train
14486,train
69730,train
53098,train
82296,train
76594,train
77091,train
63375,train
63172,train
3109,train
66773,train
41873,train
74959,train
56648,train
68111,train
63103,train
35326,train
71079,train
2697,train
54665,train
93098,train
12644,train
20843,train
89739,train
72022,train
38057,train
39942,train
98242,train
2484,train
21955,train
22339,train
6753,train
78920,train
42653,train
99192,train
14646,train
64370,train
63396,train
45421,train
8850,train
46851,train
14013,train
48103,train
94617,train
17727,train
90715,train
45086,train
49842,train
19974,train
22218,train
52502,train
38424,train
97076,train
46369,train
57724,train
97270,train
76496,train
51306,train
30523,train
69910,train
85967,train
92102,train
43950,train
62513,train
79885,train
73942,train
78651,train
35297,train
93504,train
30573,train
23844,train
70977,train
18035,train
93403,train
7022,train
25316,train
60899,train
56217,train
93724,train
66339,train
8666,train
87582,train
92321,train
72344,train
9031,train
42487,train
4653,train
90530,train
7556,train
72607,train
51805,train
59428,train
21689,train
90720,train
33259,train
3270,train
200,train
19188,train
32628,train
31318,train
23837,train
62355,train
98604,train
18394,train
43977,train
50637,train
9640,train
57301,train
88029,train
91819,train
30232,train
90002,train
75280,train
52098,train
45117,train
62159,train
80777,train
14323,train
38563,train
91171,train
2875,train
44649,train
15467,train
90248,train
73330,train
29873,train
29909,train
95132,train
66262,train
75454,train
43634,train
57537,train
33578,train
57956,train
27281,train
48816,train
48241,train
554,train
33286,train
16993,train
78594,train
95615,train
56309,train
29243,train
14142,train
89873,train
11555,train
20208,train
57739,train
92263,train
96066,train
67262,train
72983,train
75716,train
16284,train
15098,train
41360,train
41807,train
29205,train
36005,train
71345,train
58853,train
14897,train
67632,train
83373,train
53282,train
65795,train
25098,train
88941,train
74363,train
17786,train
83496,train
24856,train
94183,train
34922,train
61406,train
86464,train
1276,train
17772,train
72553,train
70395,train
81825,train
42542,train
9307,train
92328,train
60195,train
12228,train
66655,train
27207,train
5282,train
95346,train
95379,train
23960,train
42397,train
48797,train
30583,train
21685,train
77996,train
98361,train
89968,train
75791,train
39369,train
38795,train
94641,train
79081,train
43176,train
53587,train
22194,train
65773,train
90500,train
43255,train
98110,train
51981,train
98390,train
39480,train
37077,train
9107,train
68152,train
56009,train
12683,train
19912,train
45283,train
55717,train
77872,train
25374,train
59584,train
61291,train
35710,train
47272,train
63085,train
94599,train
73737,train
62077,train
98790,train
65652,train
24881,train
39296,train
6150,train
90831,train
96168,train
81836,train
79786,train
75187,train
1348,train
83554,train
52621,train
60342,train
88537,train
13089,train
71336,train
3785,train
60112,train
53697,train
49971,train
2221,train
71443,train
65074,train
45505,train
98200,train
14806,train
62357,train
19695,train
36325,train
98754,train
8788,train
82887,train
62417,train
41044,train
63372,train
77648,train
88842,train
61271,train
95320,train
49169,train
61618,train
90348,train
50608,train
49691,train
57087,train
53490,train
24564,train
74993,train
39660,train
12565,train
75276,train
15420,train
1746,train
31946,train
31341,train
23396,train
94855,train
49868,train
58459,train
32215,train
29194,train
18429,train
84363,train
31347,train
54050,train
72092,train
95698,train
60515,train
50186,train
98545,train
32468,train
72221,train
18008,train
98667,train
40534,train
57265,train
23294,train
30621,train
16790,train
21257,train
45998,train
91804,train
63195,train
23849,train
56093,train
1526,train
5389,train
81595,train
22268,train
55975,train
83979,train
35745,train
21679,train
60871,train
73760,train
39775,train
54761,train
45539,train
21562,train
48642,train
44714,train
35092,train
27793,train
50062,train
92499,train
59968,train
39944,train
3543,train
30353,train
39701,train
41088,train
92922,train
76006,train
33435,train
28731,train
64353,train
45641,train
46007,train
71597,train
82676,train
50331,train
54006,train
1871,train
85005,train
14304,train
42630,train
29667,train
31434,train
75227,train
81491,train
68622,train
41099,train
58814,train
32138,train
97902,train
57120,train
16592,train
62932,train
13132,train
55404,train
83726,train
50958,train
95783,train
9087,train
30285,train
17636,train
91973,train
16341,train
95122,train
64386,train
44840,train
42182,train
61957,train
34970,train
11339,train
29087,train
8044,train
11158,train
80362,train
29022,train
2807,train
48727,train
7104,train
33184,train
39750,train
58060,train
51033,train
77715,train
63005,train
96189,train
19778,train
23824,train
61883,train
23619,train
22438,train
13759,train
93631,train
96798,train
41322,train
34321,train
87383,train
98190,train
51496,train
56847,train
64956,train
4016,train
42938,train
71853,train
83075,train
21483,train
72420,train
94891,train
68650,train
90065,train
26661,train
1520,train
29549,train
41686,train
84500,train
94571,train
50430,train
60741,train
55030,train
17020,train
48591,train
25208,train
82892,train
58335,train
5968,train
26394,train
86525,train
3826,train
63683,train
48974,train
58510,train
36888,train
5515,train
1824,train
77713,train
5049,train
65621,train
38413,train
55584,train
89105,train
37050,train
12830,train
71233,train
42166,train
7310,train
79714,train
13862,train
23809,train
10416,train
9541,train
29202,train
26401,train
91537,train
62507,train
64304,train
16219,train
41060,train
12012,train
16130,train
66014,train
50044,train
16662,train
33996,train
85216,train
95426,train
37976,train
31754,train
68061,train
61072,train
77245,train
42635,train
83563,train
23754,train
65919,train
57747,train
77273,train
41295,train
915,train
49564,train
40672,train
27479,train
77270,train
61741,train
84067,train
40455,train
62978,train
70978,train
71529,train
55197,train
21997,train
52448,train
67306,train
25326,train
33359,train
23868,train
86109,train
24288,train
29213,train
79383,train
89418,train
60339,train
21295,train
18633,train
20924,train
2499,train
84359,train
17356,train
48735,train
70883,train
76948,train
31162,train
7586,train
95732,train
56397,train
13704,train
40611,train
89966,train
9145,train
91930,train
15876,train
45020,train
21748,train
13078,train
55464,train
77403,train
99021,train
83620,train
81169,train
92703,train
48828,train
70196,train
3139,train
80529,train
33125,train
7043,train
94244,train
53208,train
49164,train
88630,train
97562,train
14796,train
83425,train
16573,train
82070,train
38218,train
10666,train
24312,train
58809,train
25667,train
85652,train
45948,train
45260,train
12773,train
42596,train
76893,train
4323,train
76468,train
60247,train
37775,train
1962,train
47392,train
28916,train
42193,train
58411,train
11375,train
32330,train
76744,train
16367,train
58606,train
20136,train
83787,train
46773,train
78318,train
47514,train
20899,train
28390,train
2564,train
45049,train
88125,train
77094,train
51016,train
76577,train
63426,train
62108,train
2391,train
63584,train
37612,train
35173,train
74895,train
58461,train
74239,train
75967,train
88197,train
1314,train
26350,train
91092,train
7343,train
92185,train
38141,train
95458,train
17078,train
8317,train
65045,train
56089,train
42418,train
57058,train
42987,train
86805,train
1991,train
23567,train
73384,train
86312,train
76974,train
54124,train
78043,train
54407,train
2878,train
54922,train
3271,train
49855,train
97135,train
75118,train
55323,train
21242,train
39120,train
31397,train
23816,train
60812,train
79991,train
92220,train
94006,train
92262,train
45346,train
25355,train
88188,train
56307,train
74985,train
83651,train
40046,train
87263,train
3684,train
70887,train
64339,train
38785,train
98689,train
61198,train
72272,train
66201,train
89810,train
98950,train
1089,train
23455,train
52554,train
70570,train
61262,train
53354,train
12216,train
32778,train
30060,train
88266,train
3145,train
78944,train
34213,train
10622,train
54610,train
78908,train
74465,train
383,train
51559,train
31357,train
69824,train
68246,train
19165,train
6671,train
58927,train
48652,train
91791,train
39590,train
94996,train
30437,train
81374,train
42761,train
5674,train
68874,train
35734,train
94836,train
99616,train
94614,train
90291,train
23079,train
46108,train
70664,train
22980,train
8328,train
11818,train
11603,train
46379,train
13135,train
42975,train
93023,train
97318,train
80412,train
51933,train
35027,train
58509,train
8319,train
66562,train
42640,train
44781,train
37251,train
86233,train
528,train
22201,train
86726,train
71091,train
29097,train
84741,train
79549,train
66950,train
32044,train
67672,train
53356,train
46517,train
92876,train
96101,train
84259,train
61710,train
38695,train
88557,train
10295,train
86093,train
29437,train
39616,train
64091,train
68717,train
9029,train
10596,train
43716,train
38723,train
15878,train
72585,train
32493,train
96140,train
72168,train
81622,train
85617,train
26090,train
36749,train
40898,train
73165,train
68572,train
10623,train
717,train
76537,train
85083,train
36871,train
78344,train
2445,train
30627,train
92206,train
10262,train
50278,train
6031,train
14461,train
1048,train
66380,train
57357,train
5110,train
71358,train
45237,train
26887,train
82249,train
65247,train
759,train
29018,train
20477,train
61405,train
45436,train
71164,train
1587,train
23510,train
39898,train
8707,train
57125,train
1715,train
75005,train
56124,train
18297,train
11471,train
10388,train
11347,train
40049,train
21574,train
54573,train
60162,train
81228,train
85612,train
1864,train
85150,train
80155,train
37477,train
80070,train
49854,train
82372,train
51829,train
67060,train
37718,train
96355,train
98006,train
45078,train
43999,train
19638,train
73629,train
43684,train
61168,train
42725,train
80752,train
82656,train
53669,train
98174,train
96097,train
93092,train
9375,train
65190,train
43193,train
90984,train
70989,train
24964,train
49829,train
17239,train
86704,train
80383,train
63496,train
3028,train
27631,train
26384,train
43801,train
78493,train
91,train
86398,train
92736,train
39810,train
44604,train
2361,train
54002,train
52771,train
27337,train
58653,train
30991,train
73750,train
94296,train
19601,train
43353,train
32542,train
60346,train
22978,train
49670,train
316,train
13018,train
43272,train
92023,train
88293,train
26324,train
19752,train
38634,train
49899,train
23368,train
98810,train
55423,train
99577,train
33679,train
36234,train
1071,train
20268,train
9539,train
87640,train
30913,train
71978,train
54086,train
6026,train
85191,train
20566,train
51402,train
99221,train
1935,train
85501,train
34612,train
95352,train
87240,train
25364,train
40240,train
58059,train
56506,train
29515,train
2855,train
39411,train
40596,train
72415,train
61539,train
85959,train
20182,train
27936,train
18237,train
1041,train
64292,train
41612,train
9569,train
71271,train
2452,train
45163,train
41987,train
11809,train
14512,train
28546,train
77342,train
96432,train
91853,train
68390,train
4423,train
34007,train
89544,train
32801,train
63962,train
3459,train
39829,train
5258,train
44099,train
23691,train
68616,train
5645,train
49823,train
65873,train
22465,train
35451,train
22225,train
84177,train
94205,train
27158,train
85320,train
34316,train
61794,train
92393,train
78694,train
78629,train
90912,train
96033,train
18643,train
48310,train
60402,train
7402,train
59760,train
53749,train
82319,train
36955,train
39596,train
72414,train
4637,train
60335,train
99978,train
43896,train
42214,train
40927,train
34589,train
23101,train
79523,train
17348,train
64610,train
76875,train
18541,train
25002,train
86123,train
641,train
24810,train
12341,train
64320,train
79643,train
23249,train
77827,train
33166,train
68788,train
35354,train
2006,train
66896,train
90521,train
21553,train
49918,train
9352,train
35203,train
56900,train
4450,train
22714,train
83145,train
78785,train
25132,train
82010,train
14241,train
92048,train
60598,train
4415,train
56689,train
23775,train
50739,train
41397,train
3846,train
84977,train
15009,train
55631,train
69226,train
15384,train
21812,train
50172,train
99278,train
8186,train
79312,train
82045,train
12250,train
82460,train
71059,train
35741,train
31368,train
33370,train
60589,train
3190,train
55851,train
57472,train
96969,train
17640,train
82618,train
13087,train
21431,train
87028,train
87215,train
83806,train
74073,train
67203,train
25240,train
4288,train
39176,train
19453,train
39888,train
9311,train
29588,train
20825,train
68601,train
44780,train
79323,train
81034,train
89809,train
12853,train
8920,train
8071,train
32355,train
95478,train
34216,train
8130,train
38914,train
88625,train
75956,train
70351,train
86782,train
74600,train
47082,train
95500,train
31329,train
63124,train
26370,train
21290,train
46806,train
46852,train
27258,train
16988,train
2631,train
10041,train
32761,train
86572,train
14906,train
75727,train
43510,train
86565,train
33434,train
78343,train
1455,train
8118,train
60038,train
74743,train
34710,train
20651,train
69853,train
53434,train
640,train
78157,train
55142,train
37123,train
24827,train
5660,train
26787,train
5525,train
98449,train
69079,train
68597,train
13127,train
28983,train
31436,train
21480,train
90599,train
12254,train
72584,train
76409,train
37373,train
18696,train
32353,train
77369,train
72873,train
54614,train
13563,train
2466,train
46539,train
25247,train
41603,train
3890,train
19673,train
31068,train
73890,train
11569,train
43983,train
44915,train
92520,train
873,train
15212,train
85886,train
62980,train
64951,train
37019,train
92732,train
79600,train
58816,train
50043,train
45997,train
41062,train
36229,train
98162,train
9974,train
29054,train
69177,train
99353,train
77943,train
10228,train
97860,train
24413,train
64095,train
13137,train
66065,train
41922,train
89334,train
55856,train
72691,train
56987,train
78133,train
41674,train
48877,train
306,train
77344,train
32692,train
31850,train
58377,train
78236,train
49897,train
99882,train
10286,train
60355,train
41348,train
64240,train
87356,train
4015,train
92779,train
5966,train
494,train
64492,train
79527,train
23919,train
49776,train
33191,train
87390,train
92292,train
65160,train
50512,train
20887,train
45675,train
11296,train
42382,train
83960,train
46574,train
72296,train
72834,train
9988,train
50855,train
41035,train
18615,train
93812,train
66030,train
80321,train
89508,train
47648,train
72935,train
57320,train
78524,train
22146,train
65931,train
64242,train
98960,train
11873,train
465,train
28503,train
4473,train
51527,train
56212,train
48700,train
84143,train
67359,train
28554,train
92787,train
94535,train
86830,train
24811,train
10043,train
75674,train
17094,train
46290,train
60420,train
35728,train
28242,train
29345,train
24094,train
99740,train
48015,train
69013,train
99733,train
60864,train
99859,train
10394,train
72099,train
78768,train
87309,train
49997,train
28159,train
34161,train
15124,train
39801,train
36971,train
44417,train
54989,train
53707,train
90150,train
20775,train
7099,train
62068,train
19153,train
51843,train
66213,train
88976,train
11795,train
27528,train
22102,train
64185,train
34159,train
87957,train
79797,train
2090,train
25846,train
52642,train
58612,train
94833,train
54725,train
68063,train
17042,train
38873,train
65352,train
47939,train
74321,train
87778,train
27563,train
56264,train
36553,train
69907,train
40030,train
35240,train
2947,train
88627,train
42644,train
92133,train
22162,train
14819,train
3954,train
40378,train
48291,train
85493,train
16854,train
60005,train
16466,train
7327,train
84851,train
67463,train
35409,train
14040,train
90886,train
89381,train
82058,train
66576,train
76410,train
63075,train
99908,train
6778,train
94089,train
54352,train
66209,train
7567,train
85325,train
76285,train
37274,train
57518,train
59169,train
13995,train
31413,train
21977,train
2191,train
1971,train
10423,train
77945,train
92802,train
11999,train
15844,train
32106,train
91152,train
31752,train
42003,train
86304,train
70741,train
63329,train
79278,train
70648,train
94080,train
9620,train
17150,train
43708,train
43341,train
25074,train
722,train
80814,train
24685,train
29275,train
58555,train
96231,train
33365,train
51862,train
84899,train
32261,train
39475,train
17492,train
86449,train
84258,train
93080,train
31707,train
20162,train
24651,train
67190,train
70467,train
80312,train
77828,train
59301,train
93977,train
1947,train
90473,train
22050,train
30963,train
17310,train
99110,train
93956,train
65447,train
27939,train
39490,train
88663,train
32165,train
52403,train
81389,train
11649,train
33343,train
94243,train
39017,train
19462,train
30697,train
54291,train
8393,train
40208,train
69784,train
14656,train
53166,train
65528,train
67400,train
14354,train
49547,train
89754,train
79741,train
9432,train
63996,train
28320,train
65838,train
49447,train
59096,train
24652,train
87871,train
45746,train
19416,train
88840,train
34364,train
7673,train
76733,train
54093,train
78267,train
26431,train
13971,train
88277,train
19065,train
30231,train
47042,train
41639,train
43929,train
40696,train
18214,train
73893,train
26044,train
89463,train
49569,train
26208,train
33352,train
72943,train
56826,train
4750,train
60107,train
9361,train
49162,train
40433,train
11035,train
40059,train
80498,train
54692,train
99751,train
50554,train
43126,train
22845,train
77457,train
78575,train
63915,train
88019,train
98665,train
63480,train
98354,train
20084,train
31260,train
96100,train
88696,train
60669,train
3677,train
11101,train
7337,train
8808,train
38383,train
415,train
93410,train
14965,train
66762,train
39859,train
49579,train
55302,train
64877,train
37601,train
60995,train
1215,train
54480,train
32953,train
47275,train
70063,train
46214,train
14693,train
67177,train
36592,train
41376,train
96718,train
92808,train
9621,train
57713,train
51922,train
7234,train
31873,train
21090,train
86327,train
43215,train
37994,train
15261,train
86404,train
31009,train
22546,train
89984,train
16396,train
72811,train
94301,train
8029,train
85638,train
28230,train
94549,train
70560,train
42968,train
63338,train
18377,train
88697,train
83600,train
19543,train
62058,train
39116,train
38671,train
83008,train
2413,train
47821,train
66928,train
99969,train
1165,train
12044,train
63119,train
28511,train
24171,train
68264,train
84797,train
52296,train
73231,train
53621,train
27430,train
54310,train
33329,train
26249,train
38818,train
13539,train
88127,train
95594,train
91614,train
15940,train
31931,train
75766,train
96760,train
81719,train
12811,train
9403,train
5302,train
5399,train
60797,train
85281,train
8961,train
23658,train
4227,train
25842,train
12782,train
56241,train
83027,train
65223,train
86932,train
21265,train
65282,train
70211,train
23894,train
36798,train
60843,train
85895,train
844,train
21319,train
37013,train
15163,train
71894,train
23833,train
44558,train
8201,train
69693,train
42520,train
76368,train
33972,train
48308,train
79899,train
51127,train
13081,train
18363,train
62161,train
89127,train
59885,train
95283,train
31959,train
75648,train
52626,train
87155,train
45235,train
91117,train
3034,train
3612,train
10147,train
779,train
34732,train
16042,train
71528,train
85162,train
10761,train
32290,train
6595,train
16840,train
29388,train
26457,train
56785,train
14970,train
76942,train
96820,train
50188,train
27381,train
4644,train
8338,train
7386,train
343,train
63663,train
69828,train
38249,train
74834,train
77907,train
72740,train
80392,train
1702,train
35236,train
99946,train
13647,train
94729,train
1449,train
98427,train
70948,train
87070,train
16485,train
15902,train
84875,train
64348,train
37516,train
60148,train
31168,train
14291,train
52727,train
92018,train
72393,train
83860,train
41730,train
96901,train
73128,train
12144,train
838,train
24796,train
21322,train
1226,train
25271,train
72004,train
53579,train
72124,train
70270,train
91169,train
93341,train
97391,train
54594,train
1123,train
77550,train
71157,train
84264,train
25989,train
18244,train
72727,train
39114,train
98959,train
40661,train
44168,train
40795,train
11918,train
16698,train
28319,train
8603,train
79716,train
55846,train
40988,train
18957,train
34989,train
19656,train
35359,train
51634,train
68602,train
75393,train
85668,train
10404,train
93999,train
17892,train
73061,train
64884,train
3578,train
90368,train
24749,train
58364,train
98613,train
34078,train
7139,train
87685,train
97119,train
59275,train
62947,train
23296,train
90943,train
62894,train
18839,train
42235,train
50604,train
30916,train
16742,train
32205,train
75247,train
95523,train
37122,train
48002,train
56579,train
86441,train
6527,train
73848,train
67571,train
52816,train
3699,train
63837,train
18064,train
86600,train
32567,train
6962,train
7094,train
38384,train
22122,train
69578,train
6159,train
69283,train
3554,train
53804,train
11853,train
96044,train
45178,train
14342,train
22822,train
61213,train
36856,train
14569,train
65892,train
91651,train
95628,train
57446,train
86138,train
53924,train
14943,train
85202,train
90706,train
53686,train
8114,train
69548,train
35941,train
82714,train
1239,train
99753,train
33574,train
61257,train
64777,train
99849,train
96963,train
81175,train
44879,train
66787,train
85143,train
66082,train
78526,train
50540,train
79539,train
26733,train
19070,train
73321,train
42180,train
27540,train
23545,train
69502,train
9376,train
68859,train
10202,train
9041,train
14146,train
36879,train
98692,train
15634,train
17601,train
71248,train
10049,train
89420,train
15155,train
54523,train
77966,train
88758,train
57613,train
81142,train
68534,train
33287,train
34771,train
55864,train
3165,train
63416,train
75604,train
69377,train
52428,train
68882,train
86880,train
51869,train
41687,train
55621,train
10835,train
61228,train
80281,train
26180,train
29311,train
17661,train
94417,train
34039,train
34066,train
23959,train
34631,train
75052,train
60652,train
50546,train
80302,train
40220,train
49789,train
47357,train
59062,train
80703,train
19317,train
10555,train
19546,train
15997,train
23350,train
47051,train
4485,train
38972,train
22016,train
78216,train
37124,train
55793,train
14948,train
82257,train
20387,train
97462,train
97137,train
21790,train
15720,train
155,train
48659,train
88737,train
76090,train
72680,train
57591,train
22846,train
78570,train
91235,train
1595,train
50042,train
91738,train
36209,train
58527,train
4739,train
23612,train
88564,train
7030,train
32262,train
2175,train
26210,train
62501,train
44746,train
14191,train
33536,train
16041,train
33665,train
6585,train
72711,train
42713,train
24945,train
29147,train
24826,train
54119,train
34770,train
37291,train
89592,train
64962,train
72937,train
2788,train
78065,train
79568,train
63862,train
42765,train
20108,train
97787,train
16627,train
51287,train
55269,train
8241,train
34955,train
69053,train
50610,train
65364,train
84470,train
16401,train
12972,train
68480,train
26449,train
74572,train
17555,train
43405,train
3107,train
64533,train
39390,train
22572,train
57340,train
89412,train
46747,train
58538,train
43155,train
25741,train
43299,train
89579,train
20334,train
90756,train
66802,train
88844,train
2151,train
47650,train
55679,train
86055,train
37025,train
61599,train
32869,train
43191,train
14281,train
78390,train
37434,train
61583,train
34150,train
46963,train
88232,train
48445,train
48108,train
78474,train
88239,train
2959,train
5987,train
70433,train
67633,train
60952,train
30377,train
29870,train
44419,train
22023,train
6484,train
42101,train
94447,train
83990,train
6470,train
15114,train
63516,train
36156,train
16766,train
55140,train
94304,train
72125,train
28542,train
2210,train
72866,train
11082,train
61817,train
922,train
30820,train
34490,train
25101,train
12796,train
74943,train
28407,train
18575,train
93379,train
93537,train
49923,train
12608,train
83564,train
444,train
68066,train
80049,train
12642,train
73476,train
66728,train
68662,train
6588,train
85735,train
24587,train
59597,train
48057,train
71543,train
75664,train
125,train
9248,train
53281,train
37700,train
59095,train
27080,train
4946,train
92180,train
52147,train
9388,train
90144,train
35508,train
10457,train
50506,train
39905,train
64157,train
39855,train
12270,train
43611,train
28068,train
27498,train
5973,train
44536,train
86756,train
66499,train
72799,train
73065,train
95325,train
47269,train
72545,train
12577,train
76903,train
94374,train
52445,train
37294,train
51913,train
53853,train
5992,train
41461,train
13614,train
97661,train
7417,train
31601,train
33861,train
37325,train
46815,train
55132,train
48110,train
17866,train
32701,train
55862,train
63034,train
96187,train
70427,train
65319,train
82567,train
86962,train
85556,train
13286,train
10955,train
26197,train
51355,train
84321,train
40266,train
78479,train
14753,train
45423,train
72421,train
17417,train
430,train
18125,train
59455,train
7299,train
8265,train
24592,train
68365,train
33554,train
89338,train
703,train
46378,train
46782,train
32852,train
4866,train
19329,train
10161,train
23104,train
31510,train
14407,train
36772,train
88849,train
45697,train
23398,train
31166,train
61123,train
59279,train
81244,train
42852,train
42030,train
80458,train
79724,train
57425,train
66447,train
75687,train
75708,train
30668,train
88322,train
12002,train
72359,train
81392,train
31573,train
1199,train
95476,train
27303,train
52576,train
39541,train
99020,train
66193,train
83065,train
96395,train
91857,train
3781,train
33490,train
55272,train
27754,train
17552,train
57435,train
30618,train
19525,train
93644,train
55355,train
20822,train
72095,train
75128,train
66635,train
94903,train
3212,train
37821,train
43804,train
19465,train
74316,train
54160,train
87580,train
42588,train
50327,train
64421,train
579,train
12106,train
80233,train
41033,train
57348,train
84450,train
66403,train
21872,train
95223,train
43098,train
15268,train
65914,train
68755,train
94437,train
24541,train
23297,train
56115,train
6927,train
64826,train
33372,train
85378,train
8719,train
14625,train
73578,train
58691,train
81416,train
80964,train
45276,train
64306,train
62974,train
54,train
49184,train
33205,train
37877,train
90212,train
39613,train
72240,train
19043,train
5366,train
74917,train
60913,train
49135,train
91504,train
70585,train
44409,train
21451,train
98993,train
20874,train
80219,train
72962,train
64375,train
24361,train
87053,train
71550,train
26999,train
87361,train
48024,train
70204,train
79804,train
36124,train
20521,train
61918,train
99558,train
88450,train
42437,train
54527,train
23540,train
13580,train
32027,train
47945,train
19881,train
56048,train
34188,train
46724,train
36346,train
22599,train
37755,train
72170,train
98076,train
98882,train
85431,train
84955,train
17270,train
58585,train
65116,train
10313,train
10081,train
70277,train
26722,train
66783,train
57048,train
81373,train
71366,train
11919,train
26418,train
37903,train
53737,train
41016,train
85942,train
70799,train
31828,train
95997,train
15054,train
57848,train
22098,train
23165,train
30919,train
24699,train
62693,train
17177,train
4970,train
92620,train
58586,train
87503,train
36691,train
53601,train
46031,train
43964,train
5638,train
53914,train
16804,train
37943,train
74982,train
42709,train
58054,train
94185,train
88275,train
51371,train
32908,train
8504,train
52417,train
47467,train
36472,train
9420,train
93263,train
56170,train
44570,train
9883,train
76232,train
56740,train
17927,train
21410,train
37836,train
58840,train
71446,train
5976,train
29425,train
17345,train
7941,train
87202,train
89090,train
3473,train
63161,train
44969,train
7831,train
55880,train
72831,train
11350,train
30252,train
23172,train
26735,train
74536,train
52515,train
46026,train
2594,train
29510,train
96694,train
40783,train
31279,train
65783,train
61801,train
18557,train
33097,train
92126,train
4282,train
63461,train
56244,train
93013,train
85831,train
49784,train
11509,train
87616,train
22614,train
64817,train
38628,train
51486,train
66417,train
76881,train
12387,train
95858,train
2992,train
30259,train
53182,train
48774,train
8220,train
16784,train
80886,train
19183,train
47251,train
56996,train
75981,train
36599,train
70122,train
38014,train
31331,train
93377,train
52246,train
36304,train
79202,train
70572,train
92282,train
42447,train
91019,train
32120,train
34136,train
66679,train
69859,train
97956,train
892,train
16354,train
82883,train
24048,train
13491,train
62711,train
8375,train
83497,train
32118,train
37113,train
96310,train
54980,train
59064,train
74747,train
78480,train
2904,train
48972,train
92241,train
13346,train
56488,train
95535,train
1798,train
65163,train
26053,train
44242,train
1445,train
87321,train
4656,train
4148,train
81207,train
52113,train
58704,train
32511,train
35934,train
41703,train
29264,train
69156,train
52966,train
18227,train
54430,train
56515,train
68195,train
47842,train
12363,train
27769,train
85954,train
99399,train
89825,train
25019,train
35859,train
56274,train
70236,train
67206,train
80423,train
43367,train
85751,train
75916,train
14280,train
24658,train
17814,train
61504,train
37188,train
393,train
56737,train
6725,train
75142,train
21934,train
44186,train
72786,train
35416,train
52920,train
11819,train
21210,train
45005,train
31353,train
43307,train
58753,train
58725,train
75160,train
13573,train
43858,train
2225,train
61803,train
78373,train
30074,train
96278,train
83461,train
73269,train
37039,train
94176,train
82973,train
3529,train
75056,train
96931,train
92753,train
7772,train
66641,train
11798,train
59598,train
41219,train
687,train
72901,train
97898,train
80316,train
4164,train
64525,train
13017,train
34994,train
97029,train
19810,train
46513,train
70145,train
6463,train
56472,train
55886,train
97157,train
29841,train
90128,train
65825,train
80979,train
21222,train
17871,train
79002,train
90064,train
61240,train
82952,train
80786,train
44565,train
9121,train
55279,train
26177,train
68461,train
32377,train
75557,train
36664,train
37266,train
3707,train
98462,train
18775,train
15108,train
57325,train
55025,train
97543,train
83654,train
6329,train
74932,train
20979,train
36033,train
39641,train
59051,train
65575,train
61288,train
66338,train
6162,train
30951,train
55543,train
42696,train
6519,train
4347,train
94699,train
6248,train
44511,train
50813,train
7832,train
57697,train
8406,train
78991,train
472,train
1565,train
79894,train
92109,train
16153,train
92554,train
51070,train
57060,train
29511,train
11979,train
36726,train
30261,train
76716,train
45935,train
81267,train
88107,train
26204,train
65477,train
33943,train
12306,train
97124,train
79748,train
13272,train
12698,train
80586,train
15279,train
75458,train
21299,train
18868,train
97203,train
50853,train
31402,train
99066,train
27271,train
71120,train
75078,train
76736,train
55076,train
46817,train
8923,train
92154,train
41147,train
2999,train
21672,train
81788,train
79062,train
57749,train
7681,train
18467,train
26274,train
3209,train
24805,train
99514,train
5435,train
55394,train
90141,train
80636,train
39700,train
87114,train
52817,train
42922,train
52163,train
54696,train
39710,train
43038,train
338,train
1766,train
18936,train
57254,train
96980,train
35927,train
2533,train
24902,train
11047,train
97980,train
64082,train
91966,train
91227,train
49643,train
10759,train
30617,train
2293,train
63191,train
23007,train
29668,train
94869,train
19460,train
51732,train
68092,train
66174,train
96976,train
16141,train
57835,train
17508,train
76104,train
65050,train
60390,train
89746,train
27937,train
79607,train
80550,train
80461,train
63256,train
35909,train
44736,train
30528,train
75675,train
26910,train
49748,train
55829,train
58375,train
49081,train
86831,train
14351,train
65200,train
23162,train
40092,train
53093,train
15283,train
19018,train
27194,train
51043,train
70589,train
99521,train
27670,train
70004,train
9959,train
29501,train
74713,train
72479,train
90270,train
80914,train
57128,train
94471,train
468,train
44304,train
71325,train
7766,train
55335,train
80150,train
41529,train
93119,train
66491,train
56103,train
99375,train
79173,train
11917,train
12646,train
23142,train
91016,train
18092,train
54058,train
38737,train
54276,train
21428,train
77256,train
61543,train
65426,train
66114,train
67533,train
50649,train
14811,train
41526,train
16815,train
79186,train
26146,train
41690,train
75639,train
64661,train
71221,train
17540,train
95279,train
38371,train
96870,train
83223,train
77083,train
49719,train
75215,train
64605,train
82096,train
20381,train
33240,train
51227,train
8943,train
70015,train
17827,train
40394,train
93636,train
89140,train
40099,train
29962,train
98466,train
48463,train
74241,train
54184,train
81117,train
11625,train
61768,train
85646,train
90722,train
62605,train
32737,train
68120,train
97793,train
21793,train
67869,train
37745,train
76938,train
58682,train
78359,train
97354,train
55286,train
74523,train
76018,train
47417,train
5021,train
28688,train
90879,train
71688,train
97405,train
2209,train
41738,train
98463,train
78422,train
399,train
45888,train
5720,train
80900,train
40946,train
46128,train
9440,train
74306,train
23469,train
7178,train
27418,train
70619,train
64009,train
1380,train
84225,train
42566,train
95190,train
27156,train
28153,train
51437,train
17821,train
37884,train
2903,train
19193,train
87389,train
49548,train
58544,train
21694,train
39483,train
46622,train
15511,train
52517,train
58756,train
89261,train
43106,train
82728,train
52559,train
22649,train
98386,train
113,train
65301,train
75594,train
34194,train
77746,train
57573,train
15942,train
26436,train
59985,train
24932,train
19470,train
74645,train
84476,train
14504,train
6179,train
66328,train
35950,train
87647,train
69746,train
58535,train
12355,train
93786,train
64494,train
39153,train
5066,train
53644,train
70673,train
37159,train
1598,train
69608,train
89988,train
63544,train
99032,train
47348,train
23727,train
46515,train
95154,train
41443,train
63068,train
91190,train
19892,train
82288,train
26285,train
25317,train
18337,train
46541,train
98349,train
10151,train
66632,train
53337,train
57382,train
58124,train
74128,train
11670,train
9909,train
81551,train
85544,train
56367,train
11454,train
19614,train
21782,train
1673,train
88981,train
59798,train
93154,train
67371,train
11449,train
51505,train
27146,train
36214,train
73778,train
73116,train
20123,train
69055,train
46708,train
53931,train
48220,train
16461,train
12920,train
73281,train
24528,train
25716,train
6489,train
11345,train
97700,train
80068,train
31652,train
4062,train
90159,train
62285,train
46359,train
75168,train
36,train
72046,train
54499,train
71138,train
5644,train
21875,train
76832,train
18474,train
2345,train
29399,train
77725,train
57544,train
7715,train
26005,train
72372,train
18731,train
34378,train
99748,train
46949,train
88027,train
82895,train
74977,train
27444,train
23842,train
18794,train
18204,train
11728,train
27244,train
13709,train
34473,train
59357,train
39556,train
32599,train
20233,train
82448,train
45880,train
42942,train
1419,train
52790,train
27226,train
57495,train
17485,train
80544,train
68356,train
30712,train
83062,train
10896,train
72933,train
25338,train
5253,train
52138,train
40249,train
36651,train
76425,train
41811,train
69314,train
43467,train
96527,train
63451,train
81885,train
31971,train
76176,train
56015,train
11621,train
43838,train
85515,train
69832,train
57782,train
43201,train
7007,train
29108,train
46444,train
44183,train
92081,train
59368,train
41513,train
77504,train
83649,train
53090,train
65872,train
82607,train
94476,train
12335,train
8828,train
52846,train
42362,train
17466,train
85898,train
53284,train
33274,train
31820,train
58803,train
3004,train
17409,train
12528,train
41344,train
55109,train
3256,train
55376,train
76599,train
21547,train
70485,train
73412,train
1843,train
13662,train
70357,train
37774,train
36125,train
82353,train
42810,train
74140,train
48535,train
43669,train
53357,train
92655,train
22247,train
95450,train
78513,train
1669,train
8488,train
88963,train
40506,train
48304,train
86979,train
30331,train
40676,train
12932,train
12433,train
29538,train
66323,train
1148,train
36110,train
54389,train
66850,train
76703,train
14715,train
14737,train
14097,train
29970,train
66251,train
34421,train
87660,train
78790,train
96214,train
5375,train
56840,train
53065,train
85196,train
65797,train
87930,train
43871,train
728,train
52319,train
97829,train
93114,train
24622,train
28873,train
1771,train
80607,train
42001,train
38377,train
30813,train
81966,train
3702,train
34785,train
10782,train
10681,train
8424,train
10261,train
45507,train
66969,train
11425,train
6999,train
3376,train
40417,train
25308,train
58972,train
38169,train
76715,train
48822,train
59442,train
18903,train
7809,train
36047,train
3708,train
32911,train
83510,train
36415,train
8558,train
86011,train
57766,train
1850,train
17130,train
25769,train
7510,train
84474,train
62923,train
62016,train
64173,train
37617,train
56887,train
49316,train
6868,train
56300,train
41901,train
63145,train
43357,train
31424,train
93660,train
6969,train
74474,train
90173,train
39632,train
71474,train
78074,train
52419,train
28887,train
24385,train
62999,train
21076,train
44120,train
59624,train
12039,train
93357,train
52584,train
90624,train
80804,train
99150,train
61128,train
81614,train
8748,train
54449,train
88214,train
83111,train
74119,train
59283,train
33591,train
88901,train
46982,train
69713,train
20489,train
62591,train
72575,train
26021,train
13571,train
76685,train
88555,train
48277,train
68523,train
91256,train
95184,train
59710,train
56412,train
19995,train
51281,train
92469,train
34058,train
7205,train
32632,train
72510,train
442,train
87277,train
58008,train
38911,train
76727,train
58,train
36724,train
49642,train
59749,train
77950,train
29689,train
65969,train
87928,train
88685,train
4136,train
90781,train
69380,train
94278,train
35602,train
79479,train
50322,train
98861,train
91280,train
15222,train
21736,train
75312,train
22791,train
18782,train
29179,train
68457,train
22879,train
75154,train
9801,train
28213,train
69434,train
18791,train
38527,train
14788,train
54295,train
66634,train
44650,train
53300,train
30335,train
45116,train
66147,train
45377,train
542,train
33023,train
27748,train
3104,train
89589,train
35395,train
28411,train
73015,train
86514,train
46718,train
50237,train
16590,train
32078,train
81668,train
16378,train
94820,train
65761,train
64572,train
68172,train
67893,train
97931,train
86292,train
94501,train
87741,train
17970,train
35510,train
21563,train
46931,train
86229,train
55974,train
56410,train
17961,train
99527,train
88720,train
21360,train
26489,train
83155,train
88670,train
35496,train
55813,train
9143,train
38829,train
49160,train
33131,train
42242,train
6297,train
55233,train
44101,train
81728,train
99715,train
84819,train
77953,train
71352,train
46711,train
51097,train
8768,train
73797,train
62107,train
99502,train
41477,train
6042,train
31658,train
36251,train
82401,train
54868,train
46114,train
94804,train
67724,train
29977,train
99311,train
58225,train
13347,train
44948,train
15075,train
13235,train
34593,train
29104,train
92110,train
31173,train
10802,train
49033,train
67240,train
48149,train
1718,train
656,train
11153,train
22923,train
33939,train
1531,train
81608,train
70690,train
56347,train
58430,train
33414,train
9357,train
30014,train
59187,train
7465,train
11767,train
24843,train
17486,train
73521,train
76837,train
32571,train
39253,train
54372,train
11050,train
22820,train
30131,train
99530,train
19991,train
61610,train
2186,train
19214,train
65955,train
16413,train
87165,train
77586,train
96751,train
70705,train
17947,train
77954,train
36824,train
45813,train
29871,train
70318,train
7466,train
96270,train
60886,train
93801,train
24040,train
6840,train
85623,train
88022,train
49056,train
55314,train
81400,train
93515,train
69238,train
25083,train
89724,train
64413,train
70425,train
3476,train
74085,train
9053,train
43717,train
93640,train
73683,train
3782,train
23426,train
70878,train
65993,train
10356,train
37401,train
41139,train
40105,train
30808,train
2616,train
12416,train
3946,train
67094,train
98211,train
58448,train
6456,train
45106,train
81021,train
98281,train
77341,train
21316,train
61166,train
1904,train
54083,train
62769,train
52074,train
1950,train
72102,train
83892,train
9751,train
83211,train
68790,train
20145,train
98480,train
95310,train
41236,train
89886,train
86391,train
5135,train
69313,train
43048,train
4116,train
26395,train
7838,train
25450,train
77535,train
6101,train
84253,train
36641,train
91226,train
28233,train
38742,train
88721,train
9453,train
5388,train
23250,train
68112,train
30613,train
25879,train
83948,train
93559,train
15787,train
78393,train
53477,train
25439,train
85204,train
86466,train
51039,train
2467,train
31478,train
14500,train
76326,train
3724,train
57227,train
95423,train
38228,train
77764,train
81145,train
98541,train
62512,train
13860,train
4234,train
88023,train
16225,train
3916,train
94870,train
5425,train
97276,train
18159,train
3593,train
24084,train
49023,train
27254,train
91003,train
82700,train
64995,train
85573,train
12100,train
89722,train
86170,train
85637,train
90201,train
7482,train
94689,train
52878,train
77747,train
84402,train
68428,train
55257,train
9120,train
45814,train
67154,train
49612,train
45657,train
15282,train
2683,train
28318,train
75129,train
3283,train
22955,train
60670,train
88936,train
68443,train
93787,train
56626,train
54177,train
63713,train
58271,train
14632,train
1299,train
31131,train
58310,train
16873,train
83520,train
27954,train
72350,train
63055,train
66343,train
87387,train
86865,train
3405,train
51809,train
28129,train
11587,train
20529,train
68352,train
57659,train
67696,train
6089,train
74582,train
44420,train
7771,train
51211,train
230,train
33316,train
96507,train
36243,train
33026,train
69954,train
51072,train
14049,train
40813,train
56899,train
7305,train
61337,train
41540,train
9844,train
76545,train
74379,train
29696,train
9726,train
29739,train
51376,train
27069,train
28335,train
4491,train
26315,train
19846,train
61674,train
35600,train
65125,train
18983,train
87036,train
96863,train
95160,train
26720,train
60035,train
20525,train
99641,train
94826,train
32937,train
10812,train
29664,train
79618,train
90640,train
98221,train
49890,train
85750,train
52864,train
62344,train
79928,train
79810,train
35824,train
3284,train
92832,train
30412,train
3173,train
22445,train
32505,train
1155,train
56817,train
38379,train
38443,train
33534,train
96796,train
46176,train
9522,train
28006,train
75614,train
27503,train
97640,train
53031,train
83060,train
61721,train
65908,train
16411,train
95741,train
29953,train
41066,train
67252,train
12664,train
30766,train
19222,train
97834,train
48470,train
28510,train
79201,train
34059,train
29233,train
11850,train
36722,train
60898,train
75830,train
27195,train
64070,train
15719,train
89977,train
17980,train
57391,train
28686,train
91917,train
1671,train
80393,train
55014,train
65863,train
80221,train
6678,train
44095,train
42641,train
2395,train
86841,train
39794,train
25608,train
95262,train
47531,train
36443,train
6679,train
57262,train
57861,train
17925,train
48075,train
92695,train
95672,train
6274,train
60305,train
73491,train
83161,train
58616,train
51490,train
46260,train
39512,train
99316,train
56003,train
24816,train
14577,train
23155,train
24387,train
43811,train
21440,train
60689,train
17119,train
85405,train
26995,train
75428,train
64397,train
91002,train
82312,train
69649,train
19772,train
90254,train
60489,train
38485,train
7297,train
10933,train
50277,train
57854,train
1365,train
70713,train
84669,train
91314,train
842,train
43849,train
96689,train
50611,train
97457,train
8969,train
84031,train
9125,train
45983,train
31623,train
30274,train
94822,train
69208,train
92950,train
54284,train
90196,train
31466,train
70524,train
70503,train
39313,train
45083,train
1909,train
13395,train
32150,train
60062,train
78527,train
16520,train
13898,train
65039,train
62624,train
56597,train
40823,train
85843,train
31884,train
73843,train
17211,train
56562,train
77973,train
78816,train
5105,train
47488,train
47202,train
9366,train
98826,train
65363,train
93782,train
41338,train
60714,train
17837,train
10350,train
65461,train
41630,train
57149,train
52730,train
82984,train
51395,train
6530,train
57025,train
2761,train
58192,train
86769,train
99764,train
8670,train
13121,train
682,train
32947,train
13963,train
72551,train
19539,train
52369,train
79054,train
77808,train
4453,train
69259,train
43808,train
13085,train
81348,train
20844,train
24921,train
32559,train
57000,train
51977,train
94627,train
40295,train
80045,train
95144,train
17473,train
69779,train
22786,train
66128,train
78775,train
94382,train
62022,train
2759,train
57444,train
1158,train
95778,train
76702,train
81465,train
61215,train
26390,train
47861,train
66552,train
12483,train
64354,train
20673,train
93352,train
47213,train
31085,train
58075,train
6685,train
62575,train
51798,train
2496,train
69121,train
43074,train
6147,train
57353,train
83156,train
77913,train
54650,train
31194,train
61503,train
84238,train
16516,train
35229,train
56966,train
23106,train
16116,train
22884,train
49200,train
32742,train
89757,train
36657,train
54994,train
95230,train
96237,train
74780,train
52720,train
81199,train
58204,train
189,train
13722,train
21860,train
31087,train
30800,train
80001,train
11610,train
58004,train
30521,train
70146,train
47035,train
93612,train
31963,train
25863,train
5699,train
51242,train
50411,train
16654,train
17819,train
50202,train
13267,train
39069,train
98643,train
14402,train
17709,train
19907,train
94642,train
26240,train
50423,train
91299,train
20031,train
71360,train
97133,train
85882,train
94279,train
25866,train
75033,train
50019,train
31976,train
87577,train
69185,train
41267,train
58887,train
55220,train
26114,train
81050,train
78924,train
24149,train
37886,train
12595,train
37790,train
68057,train
32124,train
44212,train
28623,train
11791,train
26224,train
97773,train
56335,train
64625,train
39695,train
53479,train
29829,train
1453,train
25270,train
427,train
42549,train
12553,train
10686,train
91787,train
63298,train
64630,train
41888,train
64571,train
32818,train
25715,train
55568,train
2431,train
33059,train
77811,train
68340,train
67878,train
4657,train
18292,train
7183,train
56001,train
54772,train
86240,train
78007,train
46671,train
4225,train
40356,train
19481,train
94754,train
51379,train
83828,train
66784,train
88966,train
92621,train
8901,train
2326,train
72278,train
62498,train
79297,train
15551,train
14960,train
3805,train
53991,train
50321,train
11877,train
39109,train
42337,train
50259,train
91599,train
23025,train
5679,train
98614,train
27432,train
1732,train
60474,train
4124,train
54822,train
37221,train
91479,train
2583,train
70164,train
73798,train
2335,train
18411,train
39352,train
85771,train
44765,train
76394,train
24906,train
99861,train
97876,train
21531,train
92051,train
88654,train
9381,train
49615,train
94966,train
72120,train
98019,train
84883,train
33373,train
78528,train
83127,train
32637,train
59512,train
71635,train
44260,train
11464,train
39515,train
88028,train
6477,train
25081,train
51911,train
38540,train
84804,train
11243,train
72963,train
25926,train
73134,train
67406,train
6980,train
68220,train
81383,train
61538,train
51179,train
21158,train
40826,train
21999,train
68391,train
506,train
23755,train
94231,train
3603,train
34203,train
82052,train
52672,train
82911,train
78042,train
92907,train
95161,train
54433,train
5565,train
44819,train
62965,train
9853,train
94242,train
98570,train
92437,train
63065,train
98474,train
95112,train
68240,train
17940,train
3843,train
51952,train
83481,train
30892,train
47591,train
68478,train
92513,train
6242,train
50630,train
66089,train
29046,train
15875,train
25309,train
92758,train
19593,train
54720,train
36932,train
68036,train
81141,train
22103,train
78367,train
97242,train
42360,train
77436,train
35017,train
42971,train
59715,train
69966,train
76900,train
38957,train
47817,train
58801,train
98478,train
34689,train
41065,train
83374,train
87404,train
96341,train
97432,train
99839,train
25393,train
24860,train
37544,train
73222,train
19025,train
41083,train
59911,train
35596,train
76125,train
98243,train
1176,train
88465,train
59420,train
6561,train
99922,train
5266,train
52919,train
43150,train
77855,train
58708,train
30654,train
94464,train
41992,train
73503,train
14306,train
48083,train
245,train
43130,train
65138,train
56989,train
12709,train
5083,train
49168,train
7541,train
758,train
72798,train
88177,train
24460,train
30798,train
58309,train
80779,train
71218,train
57786,train
14252,train
19237,train
18175,train
5092,train
47590,train
41662,train
25803,train
59828,train
48332,train
26459,train
20238,train
63342,train
98616,train
18173,train
11646,train
41881,train
96574,train
58038,train
30898,train
43463,train
65145,train
62700,train
81202,train
56408,train
26506,train
51703,train
93188,train
70246,train
27215,train
4093,train
80419,train
11131,train
2014,train
56146,train
89668,train
90975,train
85856,train
92053,train
60248,train
31359,train
43616,train
4724,train
16406,train
28625,train
71780,train
70041,train
44046,train
96558,train
43951,train
73192,train
85716,train
56994,train
61181,train
18112,train
17387,train
37139,train
85487,train
71315,train
55775,train
78904,train
1304,train
47472,train
36926,train
88613,train
15484,train
65431,train
5659,train
54936,train
76985,train
45818,train
76402,train
48777,train
92796,train
59577,train
62738,train
80342,train
24886,train
72822,train
44642,train
49472,train
29817,train
37979,train
13813,train
32365,train
98321,train
8907,train
77086,train
32459,train
9617,train
52891,train
3927,train
79993,train
1837,train
54110,train
60927,train
45732,train
62244,train
68281,train
71144,train
18435,train
80495,train
11346,train
32492,train
86412,train
574,train
66645,train
74628,train
13727,train
15734,train
24917,train
83966,train
4662,train
24989,train
17524,train
4355,train
96491,train
56404,train
84764,train
41478,train
13687,train
29473,train
88606,train
44394,train
4819,train
29103,train
47295,train
90637,train
26522,train
6773,train
73268,train
30780,train
29520,train
76676,train
1573,train
28661,train
43189,train
61017,train
52872,train
25057,train
31206,train
89173,train
60919,train
82437,train
85845,train
80422,train
62309,train
19411,train
61428,train
9714,train
38105,train
89019,train
61946,train
88223,train
51713,train
62986,train
40697,train
99818,train
79931,train
31911,train
49881,train
31032,train
83633,train
79291,train
11880,train
19706,train
15921,train
10990,train
95985,train
94422,train
93815,train
93725,train
57047,train
84235,train
66622,train
7963,train
12452,train
66160,train
88803,train
16669,train
70753,train
39766,train
80414,train
78960,train
90493,train
79452,train
42882,train
13561,train
71574,train
2811,train
95339,train
28842,train
83183,train
87496,train
48242,train
71072,train
53594,train
77633,train
76527,train
54403,train
97097,train
7049,train
65598,train
10045,train
65244,train
86481,train
32529,train
91421,train
8102,train
15738,train
46223,train
52598,train
54850,train
27845,train
56341,train
75146,train
41069,train
10143,train
81271,train
83151,train
41174,train
80525,train
87298,train
71714,train
17946,train
64097,train
34663,train
24439,train
88370,train
96119,train
56979,train
27319,train
52108,train
45089,train
77625,train
29546,train
69133,train
23628,train
30563,train
74425,train
6311,train
57515,train
59400,train
24229,train
53258,train
66866,train
16954,train
98884,train
98099,train
48869,train
37804,train
95362,train
81598,train
98159,train
74787,train
91670,train
93726,train
17343,train
33471,train
81999,train
14639,train
3025,train
94832,train
39668,train
58991,train
52285,train
83281,train
99144,train
30463,train
48253,train
81820,train
23439,train
90740,train
57134,train
91724,train
13856,train
7608,train
85172,train
99586,train
34221,train
14575,train
10389,train
67510,train
86817,train
39096,train
36694,train
95164,train
28194,train
78258,train
41814,train
40164,train
3837,train
3534,train
74678,train
94865,train
56342,train
54898,train
78363,train
45918,train
64953,train
8989,train
5696,train
56038,train
74459,train
83940,train
89253,train
8844,train
76215,train
13623,train
92840,train
32794,train
24612,train
71118,train
97129,train
37227,train
56023,train
52394,train
63789,train
36576,train
97955,train
95999,train
50786,train
76592,train
61972,train
57476,train
31350,train
17514,train
58179,train
77404,train
75087,train
79171,train
63210,train
96439,train
26794,train
5050,train
31352,train
8766,train
60239,train
14809,train
58881,train
14510,train
12746,train
78998,train
31356,train
66311,train
65645,train
7414,train
98095,train
24231,train
95625,train
28669,train
39820,train
36763,train
68158,train
3422,train
66487,train
61707,train
5070,train
38129,train
18031,train
16741,train
70704,train
67014,train
95825,train
41508,train
20938,train
79434,train
58869,train
68822,train
94248,train
22310,train
34237,train
91063,train
87623,train
79038,train
783,train
62114,train
53537,train
51073,train
35706,train
66859,train
86044,train
66411,train
34757,train
24734,train
87065,train
4053,train
21166,train
97175,train
19634,train
15673,train
955,train
52799,train
87101,train
3265,train
38833,train
15439,train
55430,train
1823,train
71979,train
63356,train
83932,train
18378,train
25475,train
47166,train
23622,train
18811,train
98020,train
56296,train
57278,train
76423,train
72829,train
35233,train
13620,train
66495,train
46182,train
84087,train
30304,train
2382,train
22673,train
92593,train
64111,train
94816,train
78712,train
60811,train
16829,train
43520,train
33361,train
66134,train
45680,train
30269,train
71224,train
62813,train
70509,train
44945,train
48127,train
91891,train
35613,train
27671,train
38956,train
95995,train
44174,train
9618,train
90467,train
49393,train
66324,train
60177,train
32390,train
96111,train
42869,train
11013,train
95571,train
92482,train
69702,train
84702,train
76924,train
25910,train
2742,train
52254,train
57127,train
63366,train
25056,train
22214,train
45109,train
12562,train
38828,train
72958,train
48560,train
32903,train
70208,train
27259,train
35671,train
26716,train
63194,train
88014,train
84728,train
9812,train
4764,train
55035,train
71909,train
79605,train
36302,train
62458,train
77745,train
17672,train
97171,train
94252,train
42965,train
19763,train
5428,train
47556,train
58194,train
36307,train
64985,train
74400,train
54341,train
60760,train
61266,train
4896,train
39982,train
62795,train
31163,train
76579,train
71361,train
74902,train
4375,train
40576,train
47874,train
2881,train
96059,train
62196,train
23788,train
90336,train
75577,train
24619,train
70296,train
38947,train
72814,train
37006,train
56873,train
218,train
81841,train
73496,train
40843,train
28479,train
40559,train
87191,train
77490,train
43584,train
908,train
78235,train
25933,train
3766,train
35388,train
82881,train
29049,train
66476,train
39150,train
92869,train
37771,train
56096,train
98130,train
24095,train
24582,train
6738,train
5041,train
32561,train
16732,train
37223,train
47219,train
40461,train
97267,train
59608,train
8105,train
96006,train
28636,train
33017,train
80401,train
36102,train
49496,train
51500,train
69882,train
3721,train
61404,train
86561,train
50860,train
8513,train
67804,train
63756,train
11527,train
59385,train
46868,train
27165,train
259,train
15088,train
36538,train
29850,train
55371,train
69487,train
34704,train
92360,train
64964,train
58638,train
33584,train
3700,train
42085,train
86941,train
76712,train
32268,train
69665,train
22997,train
78194,train
29598,train
2380,train
37810,train
35193,train
10058,train
30488,train
97546,train
14350,train
1607,train
48400,train
88038,train
77306,train
53466,train
66766,train
4460,train
32396,train
49229,train
29529,train
23427,train
53752,train
43338,train
67825,train
15866,train
95281,train
58107,train
5967,train
73188,train
16602,train
7050,train
11148,train
95263,train
22783,train
94854,train
49754,train
28269,train
11336,train
51528,train
65622,train
72806,train
14388,train
72302,train
80627,train
34933,train
52393,train
87588,train
57599,train
23665,train
72295,train
8616,train
91304,train
96133,train
15325,train
86742,train
98932,train
1911,train
96007,train
71585,train
33476,train
69561,train
11458,train
73156,train
84675,train
39258,train
60403,train
19771,train
68699,train
46504,train
74124,train
84354,train
74058,train
71745,train
71815,train
30146,train
95556,train
48963,train
57056,train
5689,train
71822,train
36239,train
17609,train
3949,train
27622,train
79915,train
81658,train
18146,train
84780,train
67402,train
95675,train
40535,train
13254,train
92968,train
93472,train
27043,train
47661,train
79596,train
92535,train
10762,train
76794,train
55287,train
92915,train
85560,train
32195,train
95270,train
96975,train
14356,train
81073,train
88938,train
24765,train
95438,train
81485,train
11480,train
26895,train
31477,train
44352,train
15581,train
39134,train
26400,train
57583,train
7764,train
19553,train
33755,train
60276,train
40786,train
7405,train
37851,train
92630,train
40997,train
33197,train
73430,train
28864,train
921,train
31514,train
76008,train
97309,train
58048,train
83752,train
45367,train
51824,train
81270,train
6475,train
53530,train
64963,train
13511,train
91035,train
32444,train
56151,train
32736,train
60721,train
2274,train
7277,train
19349,train
35459,train
77165,train
34677,train
72460,train
96578,train
64689,train
78733,train
27064,train
74616,train
98707,train
46766,train
81390,train
16927,train
95509,train
4909,train
56957,train
83841,train
86835,train
76740,train
62456,train
45250,train
70266,train
94520,train
48098,train
12233,train
87095,train
15743,train
92985,train
76511,train
73197,train
57783,train
36610,train
31837,train
34451,train
91467,train
67445,train
97423,train
24280,train
13354,train
20119,train
65909,train
7276,train
29373,train
67485,train
25812,train
87619,train
66870,train
15143,train
19502,train
16356,train
2581,train
69143,train
90666,train
16292,train
71329,train
87264,train
99027,train
76582,train
45019,train
19797,train
77182,train
96509,train
87354,train
51482,train
33706,train
25029,train
4503,train
99306,train
31774,train
26749,train
10527,train
32246,train
58262,train
78779,train
44877,train
67668,train
94025,train
85804,train
79630,train
75566,train
21096,train
82113,train
71105,train
92607,train
57702,train
92268,train
18742,train
63226,train
60567,train
7617,train
71686,train
38194,train
73431,train
15853,train
9223,train
2375,train
91822,train
53394,train
11228,train
562,train
50892,train
9240,train
58830,train
71638,train
11202,train
45420,train
31187,train
62388,train
18840,train
87864,train
46103,train
66830,train
57799,train
86152,train
73946,train
91059,train
44010,train
84106,train
25955,train
48714,train
64755,train
64336,train
47681,train
46439,train
51246,train
40688,train
1185,train
29826,train
14331,train
70463,train
38581,train
14221,train
40516,train
3147,train
55411,train
89042,train
98585,train
34474,train
8840,train
29957,train
53254,train
77839,train
66878,train
37442,train
22021,train
94495,train
11529,train
39337,train
29673,train
87863,train
6353,train
61855,train
58104,train
33775,train
91668,train
5402,train
2593,train
79613,train
68341,train
80403,train
76154,train
96331,train
58455,train
84742,train
98416,train
86727,train
92284,train
25202,train
65631,train
92242,train
82939,train
95382,train
1507,train
66049,train
5331,train
83956,train
31712,train
74695,train
73978,train
66330,train
31419,train
96523,train
92483,train
4273,train
87967,train
55231,train
20774,train
39429,train
50345,train
82347,train
66947,train
57366,train
90900,train
62511,train
87743,train
16417,train
2980,train
21946,train
13904,train
88063,train
84987,train
6779,train
41601,train
32836,train
29809,train
21197,train
57664,train
4833,train
3211,train
91089,train
62580,train
80006,train
6703,train
81343,train
87656,train
11890,train
25075,train
67622,train
41905,train
99364,train
53966,train
89781,train
97446,train
34243,train
21838,train
2840,train
13441,train
77670,train
52217,train
90671,train
91086,train
83972,train
15972,train
14458,train
68299,train
1998,train
15653,train
38264,train
85025,train
31705,train
67727,train
73391,train
28071,train
61076,train
1271,train
95163,train
46142,train
24691,train
65958,train
92431,train
24141,train
17489,train
53754,train
23967,train
62084,train
94591,train
85693,train
6601,train
41627,train
61678,train
46360,train
16329,train
73956,train
46249,train
36609,train
67058,train
43943,train
31516,train
75542,train
86659,train
94454,train
3054,train
59137,train
18384,train
95442,train
64832,train
74807,train
9280,train
58847,train
33989,train
23883,train
89306,train
41460,train
17037,train
84134,train
82998,train
54071,train
2194,train
84582,train
24050,train
35649,train
64703,train
20789,train
50136,train
81954,train
19084,train
80548,train
2044,train
20203,train
98056,train
77917,train
26964,train
80702,train
21247,train
84939,train
24882,train
2831,train
28306,train
41325,train
51138,train
20011,train
41058,train
15211,train
12842,train
9217,train
27262,train
23302,train
87068,train
54361,train
5557,train
70242,train
670,train
93994,train
53012,train
60366,train
79228,train
8188,train
73289,train
51671,train
56099,train
4811,train
30888,train
55779,train
29632,train
77066,train
37834,train
82036,train
73534,train
49610,train
43145,train
72413,train
82357,train
89507,train
65759,train
79795,train
25899,train
48762,train
1193,train
49039,train
86444,train
46173,train
13601,train
31741,train
2642,train
74375,train
13067,train
7978,train
23972,train
73401,train
65188,train
19931,train
60588,train
69917,train
88568,train
87010,train
2858,train
71015,train
31305,train
26261,train
87518,train
11071,train
33050,train
49254,train
3069,train
51868,train
79345,train
63151,train
68766,train
76034,train
79022,train
49839,train
97159,train
28494,train
29098,train
91305,train
92749,train
73260,train
27722,train
50254,train
54899,train
79913,train
5526,train
11040,train
27809,train
33784,train
61982,train
9509,train
77151,train
61645,train
63884,train
25361,train
24278,train
46996,train
55704,train
42632,train
66224,train
90547,train
43398,train
92265,train
71961,train
33351,train
97245,train
16156,train
73919,train
29531,train
40091,train
45819,train
25602,train
4510,train
39261,train
15525,train
19729,train
88714,train
17861,train
18979,train
95432,train
72447,train
73926,train
30964,train
67254,train
94750,train
98369,train
8419,train
87344,train
78962,train
44951,train
39071,train
69236,train
1396,train
17058,train
4175,train
70751,train
95210,train
89221,train
66344,train
35682,train
93681,train
71671,train
85284,train
52496,train
16979,train
25850,train
226,train
62468,train
29361,train
30699,train
26133,train
30662,train
33739,train
49495,train
82524,train
39152,train
52251,train
95216,train
60684,train
63696,train
36935,train
52724,train
78819,train
40743,train
74257,train
13664,train
48364,train
55970,train
52095,train
11944,train
63998,train
49075,train
19599,train
13023,train
39748,train
15600,train
20067,train
67767,train
50894,train
14859,train
89046,train
8758,train
62709,train
14704,train
48474,train
88806,train
51943,train
90569,train
48958,train
88875,train
22071,train
34249,train
68406,train
59124,train
11916,train
41256,train
94979,train
5626,train
66527,train
37046,train
55557,train
66718,train
17731,train
40791,train
43536,train
82583,train
73176,train
25903,train
86238,train
47327,train
91336,train
18803,train
24718,train
70506,train
45663,train
52612,train
55049,train
76695,train
60410,train
43113,train
57974,train
29239,train
55842,train
84578,train
16680,train
27332,train
26664,train
91801,train
88043,train
28635,train
44247,train
6549,train
79336,train
84382,train
43521,train
45167,train
59822,train
91137,train
6608,train
10969,train
51602,train
2805,train
30585,train
47906,train
83391,train
14955,train
63666,train
7515,train
739,train
73699,train
70554,train
43039,train
19550,train
44336,train
94240,train
52232,train
38547,train
27951,train
37111,train
51546,train
5714,train
39198,train
53085,train
25972,train
356,train
90967,train
58521,train
42065,train
98484,train
12982,train
65939,train
78078,train
68001,train
98365,train
52027,train
42620,train
49519,train
50206,train
84755,train
11867,train
38524,train
29403,train
1754,train
82935,train
71662,train
98702,train
45229,train
9431,train
19389,train
65134,train
51915,train
56656,train
45777,train
16875,train
52822,train
52076,train
91239,train
80437,train
0,train
12754,train
52923,train
71459,train
60077,train
16638,train
29052,train
96887,train
81241,train
51426,train
57027,train
79614,train
58872,train
24526,train
90440,train
75959,train
52847,train
52711,train
44587,train
57952,train
64667,train
16477,train
53784,train
59716,train
23678,train
60547,train
20259,train
94530,train
29717,train
64317,train
75274,train
29035,train
28067,train
98320,train
31284,train
64834,train
32922,train
32488,train
36261,train
78855,train
32031,train
49406,train
9688,train
79292,train
252,train
9165,train
69282,train
57488,train
34683,train
31475,train
11504,train
11279,train
36667,train
43331,train
69481,train
28551,train
62880,train
88725,train
11136,train
14984,train
56517,train
37069,train
10221,train
9879,train
61007,train
15543,train
64830,train
42728,train
28267,train
69642,train
19091,train
3900,train
41511,train
92325,train
83071,train
33933,train
86603,train
93701,train
66639,train
41842,train
98684,train
50145,train
34343,train
47252,train
84539,train
97727,train
35437,train
42042,train
82106,train
20350,train
65693,train
98744,train
28468,train
78688,train
3366,train
972,train
24998,train
77325,train
73722,train
26429,train
52443,train
30475,train
44591,train
2332,train
31808,train
26689,train
6825,train
35743,train
69408,train
30485,train
90195,train
52698,train
83727,train
4274,train
45084,train
22712,train
60841,train
34809,train
2390,train
91685,train
54033,train
94646,train
9904,train
19573,train
32039,train
31599,train
5490,train
56440,train
43800,train
58999,train
17038,train
6032,train
18101,train
24764,train
28858,train
4388,train
11990,train
8930,train
90981,train
67923,train
87113,train
2396,train
44088,train
18007,train
88728,train
20258,train
75090,train
9016,train
84769,train
47105,train
72878,train
57040,train
41229,train
52808,train
28181,train
26790,train
81857,train
7237,train
63134,train
62961,train
49304,train
24744,train
98172,train
90490,train
30509,train
94846,train
36063,train
3945,train
99775,train
15445,train
57241,train
37908,train
89779,train
70754,train
64323,train
30709,train
78956,train
84537,train
8612,train
89680,train
38697,train
73249,train
121,train
1413,train
49077,train
10789,train
98979,train
50925,train
81949,train
54557,train
40982,train
66015,train
60174,train
46883,train
60482,train
52053,train
55490,train
80680,train
31938,train
49749,train
6176,train
49020,train
15062,train
14824,train
81043,train
49684,train
13592,train
85130,train
2725,train
78263,train
23858,train
84529,train
92803,train
70738,train
14556,train
11755,train
6817,train
68568,train
22921,train
50563,train
9556,train
58147,train
94720,train
85032,train
15900,train
57645,train
82005,train
85773,train
14429,train
76431,train
7454,train
83568,train
17491,train
44530,train
93319,train
55646,train
15937,train
55611,train
32010,train
93869,train
25721,train
76755,train
7854,train
89577,train
28179,train
47064,train
74206,train
21314,train
38642,train
73337,train
38998,train
77845,train
3297,train
63609,train
6491,train
78252,train
10030,train
43171,train
69782,train
70808,train
33733,train
42923,train
99304,train
16985,train
49429,train
6377,train
43089,train
30009,train
77526,train
62450,train
15115,train
57098,train
21404,train
80179,train
43363,train
6447,train
39294,train
47563,train
20190,train
24553,train
87875,train
2056,train
22686,train
75933,train
72498,train
74477,train
65940,train
61420,train
27416,train
16844,train
40709,train
2993,train
60419,train
40755,train
78999,train
57273,train
45639,train
16929,train
32284,train
36111,train
17767,train
5165,train
85260,train
36834,train
16055,train
59220,train
32831,train
45810,train
69000,train
4050,train
45098,train
91784,train
46921,train
13982,train
45228,train
58737,train
18145,train
1001,train
34948,train
90038,train
92490,train
59974,train
45791,train
46457,train
45669,train
40590,train
12543,train
75379,train
36263,train
67594,train
31726,train
40097,train
31885,train
29706,train
79148,train
43680,train
27119,train
48408,train
56216,train
25698,train
21622,train
79771,train
13952,train
52750,train
63402,train
56032,train
27295,train
13520,train
57864,train
85518,train
2601,train
77102,train
4629,train
57354,train
64908,train
46327,train
97249,train
4562,train
37252,train
4840,train
74220,train
90742,train
25632,train
91454,train
84533,train
34951,train
19366,train
6479,train
44583,train
88252,train
78928,train
95918,train
73000,train
60026,train
1868,train
82766,train
25553,train
13527,train
31375,train
44442,train
2022,train
55282,train
29330,train
10833,train
79823,train
49484,train
11541,train
62380,train
17482,train
35924,train
64068,train
35440,train
51946,train
1800,train
43356,train
27,train
11841,train
21215,train
85112,train
62301,train
29561,train
22987,train
62053,train
93182,train
1088,train
29315,train
91565,train
77255,train
10753,train
60223,train
3739,train
5122,train
42183,train
81002,train
39837,train
63349,train
29985,train
21556,train
99303,train
38839,train
37109,train
9821,train
14959,train
43142,train
14923,train
4940,train
99011,train
34743,train
73427,train
82216,train
70986,train
24973,train
27742,train
51653,train
10883,train
54569,train
86951,train
94801,train
70500,train
20553,train
82054,train
62509,train
36082,train
84709,train
68541,train
87684,train
50086,train
66040,train
45884,train
70268,train
84218,train
63603,train
14229,train
28214,train
89899,train
48459,train
72378,train
52818,train
66680,train
22228,train
65749,train
28436,train
2502,train
77646,train
17374,train
49436,train
94144,train
79322,train
56062,train
89751,train
88353,train
12047,train
43569,train
61497,train
60810,train
18179,train
85335,train
79178,train
49416,train
62994,train
53361,train
9060,train
53275,train
33036,train
83252,train
11059,train
23389,train
48576,train
99857,train
82245,train
38336,train
89344,train
96199,train
40892,train
69006,train
69299,train
43823,train
72402,train
93684,train
37596,train
10400,train
77669,train
25162,train
35571,train
4932,train
6869,train
99182,train
25368,train
64409,train
76236,train
28240,train
35478,train
83795,train
12393,train
47479,train
68183,train
13340,train
31378,train
57154,train
94361,train
60414,train
78713,train
62363,train
72716,train
3637,train
95127,train
24758,train
83499,train
46905,train
37562,train
14865,train
5456,train
75762,train
89168,train
21636,train
47894,train
43443,train
66360,train
47705,train
57264,train
52635,train
66938,train
11548,train
38034,train
624,train
84073,train
65904,train
64424,train
43319,train
63100,train
70078,train
65374,train
36167,train
94621,train
9653,train
32610,train
99170,train
71506,train
88961,train
20926,train
55770,train
58263,train
99102,train
82024,train
44353,train
72764,train
69369,train
63006,train
82996,train
3402,train
57026,train
80898,train
29458,train
70107,train
13351,train
2282,train
72599,train
69494,train
36093,train
81815,train
25822,train
86091,train
92778,train
18418,train
91204,train
36803,train
93816,train
820,train
48042,train
79466,train
1666,train
31276,train
68854,train
44670,train
43298,train
46665,train
43004,train
16160,train
85164,train
37379,train
85799,train
42062,train
24728,train
53637,train
64026,train
92542,train
14319,train
82228,train
32872,train
18721,train
42318,train
89982,train
52425,train
29533,train
4000,train
48765,train
97509,train
39583,train
55437,train
98779,train
14973,train
8530,train
31647,train
99635,train
77440,train
94536,train
34824,train
59704,train
41520,train
85387,train
73671,train
61060,train
58232,train
55221,train
47413,train
10533,train
77392,train
49250,train
22253,train
29137,train
39568,train
99625,train
43843,train
50511,train
13569,train
82211,train
55027,train
22259,train
67474,train
21829,train
16412,train
3679,train
27074,train
96045,train
1661,train
89047,train
54474,train
84013,train
45797,train
52948,train
71983,train
79697,train
73013,train
3651,train
25178,train
42498,train
60659,train
29627,train
46487,train
61772,train
71954,train
40719,train
96717,train
21698,train
38740,train
23888,train
63367,train
65472,train
92652,train
12434,train
65988,train
66566,train
76296,train
10726,train
58346,train
64782,train
16538,train
31230,train
84069,train
50772,train
58746,train
68479,train
8973,train
28651,train
84299,train
70953,train
67272,train
60780,train
94819,train
23429,train
17754,train
82817,train
69175,train
13459,train
58577,train
90346,train
72368,train
71611,train
20368,train
31159,train
24236,train
56281,train
50535,train
93097,train
1632,train
83421,train
64562,train
29528,train
58178,train
97324,train
99817,train
64178,train
47405,train
73916,train
42757,train
80862,train
16305,train
86933,train
84415,train
54436,train
76375,train
466,train
76750,train
37011,train
67218,train
27094,train
39516,train
19432,train
37534,train
29113,train
50020,train
93737,train
44936,train
61973,train
31638,train
48783,train
29073,train
43636,train
72293,train
64072,train
83573,train
85295,train
64380,train
53811,train
18390,train
56310,train
52871,train
89242,train
60278,train
16686,train
46699,train
96594,train
31753,train
33839,train
29566,train
97746,train
63671,train
18094,train
70144,train
28103,train
5686,train
91949,train
4220,train
53969,train
24049,train
89537,train
90121,train
48243,train
4593,train
53794,train
83558,train
72331,train
48293,train
83348,train
4766,train
40104,train
37451,train
75782,train
55552,train
29053,train
38877,train
25512,train
17599,train
54637,train
92849,train
23851,train
3096,train
78609,train
92678,train
57002,train
32423,train
72008,train
8553,train
28604,train
94905,train
14915,train
42710,train
91885,train
9606,train
46140,train
9680,train
59538,train
4219,train
45432,train
37346,train
43750,train
75735,train
67872,train
96273,train
28971,train
37047,train
46614,train
16119,train
81189,train
11414,train
24624,train
41733,train
76603,train
19830,train
27565,train
52017,train
16735,train
32302,train
95427,train
9306,train
15435,train
90764,train
14442,train
48331,train
24330,train
92215,train
57334,train
89293,train
25700,train
86689,train
66657,train
86570,train
56834,train
14443,train
90374,train
521,train
15817,train
81830,train
51182,train
32096,train
97003,train
34241,train
1772,train
89792,train
97316,train
57079,train
56535,train
58778,train
18867,train
18071,train
32984,train
20852,train
35912,train
77176,train
15405,train
78026,train
98490,train
12252,train
90301,train
39343,train
77499,train
23312,train
38694,train
46597,train
32068,train
59273,train
65483,train
66021,train
21551,train
96909,train
58002,train
66625,train
66384,train
28990,train
86072,train
79947,train
70377,train
8421,train
54785,train
84642,train
67073,train
26652,train
25224,train
59409,train
26220,train
51502,train
25233,train
22297,train
84928,train
72287,train
10473,train
70354,train
86369,train
41227,train
12499,train
84963,train
46970,train
11839,train
60326,train
17319,train
10487,train
11192,train
68389,train
63171,train
7711,train
38324,train
38142,train
59180,train
31868,train
59377,train
56384,train
71475,train
1870,train
10053,train
10405,train
88134,train
2136,train
93615,train
79080,train
39121,train
61312,train
40431,train
8231,train
49073,train
86969,train
52011,train
66932,train
63016,train
84162,train
77756,train
32193,train
26507,train
73762,train
96436,train
36169,train
37616,train
18569,train
25031,train
19630,train
13416,train
47632,train
13372,train
22716,train
95217,train
88811,train
92301,train
17063,train
28247,train
58479,train
46168,train
22171,train
55267,train
17798,train
69447,train
57132,train
26992,train
74115,train
82859,train
12337,train
24175,train
98971,train
12980,train
39494,train
88939,train
17448,train
48414,train
56191,train
72036,train
85686,train
79398,train
74890,train
96251,train
73871,train
42109,train
54212,train
16057,train
17019,train
61388,train
83190,train
81892,train
3280,train
64425,train
96429,train
69581,train
97551,train
59993,train
11467,train
31143,train
85261,train
2100,train
99099,train
72349,train
45969,train
3579,train
75520,train
43827,train
49403,train
17398,train
31414,train
14520,train
83728,train
88748,train
76205,train
93148,train
65991,train
13434,train
35000,train
11658,train
88819,train
58368,train
29506,train
30647,train
31527,train
41084,train
6961,train
20520,train
71938,train
44428,train
89678,train
74431,train
32345,train
74936,train
74556,train
35166,train
287,train
10243,train
79859,train
94290,train
58960,train
50341,train
65061,train
79125,train
51340,train
85600,train
62639,train
18041,train
53055,train
21653,train
631,train
25046,train
22823,train
35125,train
57021,train
75095,train
88561,train
13270,train
42599,train
12396,train
95498,train
34559,train
46682,train
9126,train
99501,train
22668,train
76283,train
73627,train
22677,train
29269,train
87106,train
32717,train
93322,train
3913,train
28984,train
32715,train
71132,train
30018,train
89638,train
59743,train
35780,train
51378,train
54956,train
49725,train
77418,train
22275,train
31241,train
43666,train
1216,train
73259,train
31345,train
93566,train
25061,train
88457,train
59595,train
23800,train
57552,train
34427,train
10529,train
28300,train
72838,train
42536,train
82879,train
25367,train
69230,train
39260,train
54712,train
43711,train
10668,train
18275,train
51635,train
21499,train
55157,train
13584,train
95287,train
52722,train
70420,train
50879,train
25509,train
47858,train
79401,train
13160,train
20459,train
62761,train
9555,train
16317,train
54451,train
54812,train
86846,train
26237,train
82619,train
81855,train
69446,train
28361,train
26136,train
49433,train
35802,train
79435,train
98399,train
80514,train
68933,train
74706,train
75295,train
81832,train
76295,train
38659,train
53850,train
50130,train
72880,train
30466,train
89913,train
44900,train
94781,train
69034,train
83719,train
4911,train
43638,train
84960,train
54884,train
28244,train
14617,train
62800,train
8924,train
3770,train
25559,train
20242,train
21614,train
90273,train
35301,train
27910,train
46674,train
65796,train
5810,train
71194,train
73279,train
64812,train
9921,train
76818,train
35198,train
36276,train
46321,train
98070,train
3980,train
10646,train
67080,train
84911,train
85506,train
53097,train
89614,train
89918,train
36563,train
85640,train
48094,train
75858,train
70523,train
46376,train
9188,train
63640,train
22039,train
83811,train
28937,train
35422,train
94899,train
43583,train
76487,train
92509,train
13652,train
58115,train
74569,train
82727,train
14655,train
68245,train
85413,train
30188,train
48100,train
56135,train
27789,train
79358,train
27224,train
37766,train
84127,train
52084,train
14447,train
1603,train
95967,train
58205,train
51272,train
40862,train
42586,train
77320,train
71153,train
12107,train
29169,train
1290,train
35759,train
445,train
41171,train
30094,train
90393,train
8810,train
68398,train
2954,train
81192,train
43658,train
63504,train
98088,train
4680,train
13608,train
98934,train
70520,train
8354,train
38023,train
15216,train
40616,train
53439,train
26767,train
20042,train
44371,train
18543,train
7704,train
18799,train
85894,train
33452,train
58519,train
16281,train
34552,train
28534,train
12234,train
69407,train
3322,train
47385,train
79108,train
31012,train
47198,train
14175,train
60897,train
13888,train
80684,train
35827,train
11715,train
32868,train
54307,train
76923,train
74889,train
30370,train
10193,train
79703,train
30117,train
60338,train
77957,train
38708,train
1182,train
56138,train
16555,train
75163,train
95085,train
9426,train
55367,train
24015,train
17381,train
10288,train
48038,train
20709,train
78610,train
16623,train
90098,train
90205,train
6976,train
94062,train
62243,train
11197,test
50779,test
46415,test
98857,test
9319,test
44687,test
24889,test
83951,test
39880,test
32357,test
88518,test
74182,test
19041,test
96885,test
27969,test
83355,test
45839,test
45854,test
19556,test
7945,test
71257,test
35928,test
75469,test
35185,test
72027,test
65099,test
50421,test
92162,test
82108,test
81448,test
24081,test
85741,test
23976,test
33880,test
10781,test
75011,test
482,test
56350,test
53814,test
57678,test
20467,test
89355,test
31563,test
87177,test
97518,test
81673,test
10632,test
95343,test
39398,test
24939,test
57164,test
12077,test
29314,test
48615,test
48662,test
31181,test
8839,test
99104,test
19565,test
67842,test
43635,test
10616,test
63776,test
29398,test
85015,test
6648,test
92324,test
45487,test
62180,test
25724,test
22615,test
83959,test
82345,test
5544,test
39456,test
15585,test
1235,test
97886,test
80311,test
75068,test
24138,test
66241,test
90619,test
28111,test
5911,test
97283,test
39788,test
14945,test
37114,test
14110,test
38711,test
87474,test
82629,test
25609,test
14793,test
44135,test
60889,test
39287,test
21859,test
61582,test
70088,test
70391,test
29560,test
59679,test
71025,test
69491,test
91034,test
56377,test
6030,test
15544,test
14633,test
64145,test
3321,test
62405,test
49372,test
83802,test
10540,test
1984,test
95775,test
74901,test
65455,test
49230,test
83063,test
78017,test
92452,test
84190,test
6631,test
25169,test
96926,test
69464,test
73313,test
74004,test
59790,test
52916,test
4959,test
95695,test
47538,test
44954,test
5801,test
60392,test
50095,test
53891,test
12785,test
84993,test
24367,test
72924,test
15119,test
81992,test
81983,test
23724,test
83603,test
86848,test
47116,test
31209,test
46742,test
72722,test
75001,test
57768,test
12593,test
33242,test
26149,test
91154,test
73506,test
17097,test
73025,test
77196,test
77417,test
44337,test
64914,test
96906,test
61628,test
78830,test
34967,test
9503,test
56647,test
47301,test
29958,test
76849,test
52202,test
87421,test
30931,test
9304,test
74156,test
51082,test
43509,test
68191,test
66220,test
40413,test
24806,test
68808,test
67806,test
15401,test
64902,test
24069,test
22049,test
38153,test
93704,test
44952,test
47572,test
10687,test
67661,test
90819,test
88750,test
69626,test
29699,test
82536,test
15871,test
28336,test
64849,test
3073,test
34502,test
92919,test
12710,test
28803,test
16519,test
42926,test
40449,test
3315,test
6621,test
7384,test
74057,test
73974,test
10524,test
46380,test
14928,test
19751,test
86365,test
19245,test
73053,test
16959,test
44090,test
65552,test
96541,test
49801,test
27538,test
63898,test
27172,test
65875,test
17015,test
17187,test
64297,test
76230,test
11130,test
34814,test
12987,test
1340,test
18809,test
28516,test
77497,test
3490,test
55383,test
86029,test
71557,test
87274,test
1037,test
3385,test
32017,test
1532,test
31211,test
30587,test
60677,test
38771,test
28017,test
80036,test
82417,test
64495,test
36034,test
6045,test
21081,test
98500,test
36321,test
35515,test
78190,test
52467,test
96570,test
24876,test
18510,test
61200,test
95135,test
32724,test
56321,test
45757,test
83944,test
44136,test
44629,test
76908,test
36147,test
34231,test
47568,test
33931,test
12129,test
54682,test
38803,test
22745,test
21867,test
6189,test
27665,test
56080,test
20417,test
20827,test
14541,test
52606,test
99137,test
86405,test
87049,test
33058,test
24199,test
76480,test
78316,test
89606,test
78691,test
36496,test
40454,test
54525,test
44193,test
27783,test
87720,test
45796,test
29788,test
47997,test
89393,test
90334,test
97512,test
54367,test
94945,test
66181,test
87511,test
94260,test
3268,test
943,test
76894,test
2296,test
25230,test
85921,test
46299,test
83896,test
5187,test
86862,test
97875,test
28210,test
85394,test
54409,test
17898,test
37275,test
41839,test
40524,test
99923,test
32244,test
11096,test
78706,test
78829,test
54120,test
40577,test
75698,test
55458,test
38239,test
46244,test
69755,test
61797,test
76872,test
86940,test
49646,test
3144,test
30171,test
86410,test
12218,test
28950,test
34938,test
95482,test
82033,test
95860,test
81054,test
93965,test
64932,test
85523,test
39589,test
43281,test
40808,test
49914,test
48048,test
66075,test
50794,test
28277,test
90645,test
88747,test
11817,test
72667,test
77765,test
72839,test
50574,test
76952,test
10459,test
72969,test
70900,test
54538,test
27403,test
73332,test
52175,test
92350,test
45441,test
88404,test
3112,test
30623,test
88092,test
42131,test
55857,test
21693,test
29904,test
25807,test
74300,test
79282,test
49239,test
38962,test
69652,test
32014,test
58031,test
57855,test
52860,test
6536,test
80257,test
76184,test
92899,test
21327,test
81759,test
46179,test
76456,test
86861,test
90994,test
48888,test
31937,test
74162,test
47988,test
18226,test
13004,test
25696,test
48465,test
73459,test
53625,test
10027,test
57989,test
97896,test
76185,test
12695,test
29651,test
77858,test
62845,test
5397,test
97036,test
26054,test
87736,test
76984,test
88299,test
63931,test
83819,test
24557,test
55935,test
7457,test
54802,test
8724,test
30653,test
52890,test
13605,test
13214,test
30208,test
75893,test
76265,test
515,test
11423,test
65296,test
33249,test
53541,test
18770,test
42657,test
56470,test
31680,test
93545,test
6082,test
17425,test
17600,test
35547,test
24706,test
88916,test
83733,test
54544,test
168,test
40453,test
25533,test
79277,test
85888,test
79722,test
87398,test
12297,test
52884,test
33621,test
7529,test
97681,test
50746,test
83722,test
67119,test
79206,test
87254,test
25542,test
56371,test
4939,test
16588,test
5855,test
52743,test
82082,test
74036,test
96298,test
38097,test
44708,test
4009,test
72916,test
40970,test
2472,test
81219,test
68627,test
4381,test
19042,test
21914,test
11636,test
82577,test
8487,test
98146,test
82069,test
41064,test
73636,test
97100,test
91839,test
65109,test
60359,test
41808,test
63983,test
32849,test
44007,test
7509,test
52178,test
20895,test
70043,test
55230,test
43886,test
69951,test
64301,test
35916,test
21796,test
40187,test
69343,test
46171,test
3087,test
11475,test
26432,test
64842,test
61713,test
26341,test
95115,test
44356,test
95330,test
24899,test
1457,test
31533,test
90148,test
96321,test
38168,test
45331,test
21476,test
63203,test
67589,test
71623,test
33677,test
95156,test
13039,test
29994,test
85910,test
48514,test
47490,test
94842,test
2604,test
18754,test
28445,test
99977,test
96350,test
22887,test
4026,test
10085,test
13204,test
9950,test
33951,test
48614,test
73927,test
31056,test
71026,test
21535,test
70488,test
41943,test
911,test
43323,test
95746,test
85673,test
67068,test
97169,test
56754,test
28653,test
60078,test
14238,test
43782,test
43364,test
86517,test
88236,test
44702,test
60577,test
50025,test
12772,test
34957,test
1954,test
36391,test
18948,test
78674,test
78191,test
69501,test
80290,test
15100,test
39652,test
27766,test
56495,test
13057,test
43277,test
41971,test
93592,test
96978,test
8442,test
64460,test
74356,test
73914,test
36943,test
5561,test
8587,test
2246,test
3840,test
83058,test
84796,test
38854,test
23168,test
52377,test
61840,test
67951,test
35658,test
94174,test
75186,test
475,test
8481,test
71532,test
95395,test
81599,test
97136,test
72675,test
50903,test
27687,test
85488,test
65920,test
68393,test
49752,test
31309,test
87896,test
89170,test
15598,test
52879,test
45129,test
98820,test
41424,test
55765,test
23322,test
49065,test
68370,test
94741,test
58269,test
29993,test
79936,test
80375,test
88874,test
23404,test
30085,test
89020,test
86346,test
72199,test
6517,test
24459,test
8365,test
36195,test
90976,test
38282,test
28491,test
90143,test
35186,test
62269,test
90728,test
25578,test
95569,test
60351,test
91201,test
31880,test
88057,test
99100,test
36406,test
56944,test
5401,test
53932,test
31216,test
43786,test
37090,test
66844,test
16939,test
82853,test
76341,test
30088,test
71579,test
26357,test
6676,test
46139,test
64174,test
97694,test
20767,test
40258,test
71689,test
40872,test
3769,test
77038,test
88528,test
16021,test
97393,test
91631,test
43430,test
44021,test
2479,test
28587,test
30005,test
67895,test
62476,test
86197,test
27579,test
81976,test
78803,test
95322,test
98681,test
82035,test
71784,test
78328,test
59087,test
47890,test
49187,test
51328,test
60423,test
3391,test
52328,test
67269,test
19427,test
38811,test
63682,test
93478,test
90050,test
92460,test
94436,test
83198,test
54615,test
41330,test
81125,test
7631,test
61548,test
64720,test
8925,test
20171,test
29220,test
41671,test
35933,test
46098,test
72155,test
56336,test
51821,test
65791,test
78850,test
23136,test
9088,test
83725,test
1090,test
88945,test
18364,test
71653,test
30268,test
98683,test
56729,test
45748,test
17707,test
53399,test
98573,test
23327,test
49533,test
15929,test
64029,test
14070,test
90650,test
40154,test
68263,test
16118,test
30956,test
43022,test
79482,test
59661,test
83046,test
78726,test
27590,test
52198,test
56933,test
52523,test
23036,test
70552,test
37645,test
2264,test
52832,test
34346,test
45739,test
19959,test
87216,test
43987,test
49910,test
82991,test
20667,test
54242,test
94114,test
63476,test
21781,test
25658,test
31267,test
47781,test
77931,test
24488,test
61183,test
95703,test
46951,test
40708,test
82280,test
23901,test
74592,test
15424,test
12472,test
20671,test
54089,test
3204,test
38208,test
18121,test
69735,test
33353,test
42405,test
28442,test
29421,test
78209,test
22295,test
14953,test
89341,test
26124,test
97099,test
28473,test
55903,test
37899,test
15392,test
35357,test
38498,test
96061,test
57934,test
84261,test
52861,test
15197,test
4105,test
85980,test
9761,test
30549,test
7749,test
6427,test
5337,test
99944,test
82885,test
10078,test
93851,test
11217,test
82103,test
51381,test
55362,test
21855,test
37734,test
33069,test
81646,test
98250,test
59422,test
21847,test
42846,test
88934,test
75539,test
32915,test
53936,test
33876,test
19050,test
3822,test
61478,test
21925,test
89082,test
67294,test
39491,test
62119,test
28863,test
16097,test
86043,test
75951,test
62572,test
83893,test
18314,test
57350,test
51818,test
97113,test
80759,test
58393,test
55078,test
39459,test
63743,test
73566,test
15300,test
44833,test
32664,test
2273,test
11492,test
69518,test
67301,test
88873,test
99889,test
11609,test
5223,test
31183,test
39736,test
26349,test
29404,test
50269,test
99954,test
83246,test
56668,test
28309,test
55624,test
51789,test
98512,test
24573,test
61093,test
74305,test
55712,test
94619,test
87621,test
13223,test
6590,test
12388,test
56838,test
36378,test
63267,test
85114,test
44640,test
12372,test
76688,test
31528,test
9657,test
64778,test
67989,test
74184,test
16244,test
32850,test
87030,test
18387,test
53975,test
66723,test
79382,test
53305,test
38202,test
40737,test
65127,test
28939,test
18163,test
73805,test
14578,test
65140,test
82585,test
8197,test
51651,test
41718,test
45399,test
271,test
35678,test
53096,test
45899,test
44899,test
10234,test
99828,test
12082,test
11901,test
79512,test
92550,test
51845,test
51427,test
19215,test
98922,test
11677,test
48940,test
59618,test
90461,test
25191,test
95326,test
38420,test
19109,test
66152,test
47293,test
80285,test
88605,test
68438,test
43311,test
69846,test
37569,test
96447,test
7275,test
36178,test
82260,test
66435,test
74455,test
85840,test
47964,test
86827,test
88924,test
13752,test
47027,test
90101,test
95097,test
1978,test
21644,test
87411,test
71229,test
50139,test
48688,test
33924,test
94349,test
53153,test
24896,test
69168,test
21557,test
3728,test
15643,test
48894,test
4780,test
44360,test
35581,test
97228,test
58719,test
76916,test
69167,test
17889,test
96345,test
19020,test
45353,test
10531,test
38209,test
74109,test
18893,test
80171,test
27941,test
13556,test
69376,test
26551,test
11325,test
51945,test
82830,test
81398,test
43316,test
56942,test
44701,test
44332,test
62122,test
37876,test
33025,test
40976,test
74526,test
21924,test
93266,test
32952,test
64021,test
80016,test
9759,test
18402,test
69049,test
73331,test
62425,test
13761,test
57978,test
47177,test
41660,test
44992,test
17912,test
77821,test
91759,test
60658,test
18228,test
50445,test
27386,test
26932,test
80306,test
63136,test
70763,test
23711,test
87570,test
64692,test
9496,test
28569,test
56118,test
78807,test
79441,test
24887,test
66178,test
69421,test
67208,test
20835,test
73003,test
38610,test
22199,test
70222,test
82370,test
8084,test
53544,test
76531,test
20082,test
8981,test
48562,test
21303,test
55866,test
94607,test
83570,test
85909,test
35006,test
81708,test
76692,test
23882,test
82832,test
90420,test
72854,test
61998,test
25970,test
96094,test
76243,test
33963,test
78152,test
94595,test
64503,test
31860,test
43382,test
66184,test
60604,test
8415,test
24752,test
52760,test
6820,test
66691,test
53129,test
12963,test
81818,test
53112,test
2977,test
50165,test
55683,test
56875,test
11830,test
27217,test
29291,test
55947,test
22309,test
28330,test
33322,test
40400,test
61459,test
32888,test
39943,test
20027,test
31304,test
25244,test
12431,test
70931,test
32321,test
66246,test
20576,test
52518,test
52160,test
37960,test
19278,test
30121,test
5255,test
85991,test
43481,test
75589,test
40177,test
89211,test
1742,test
14924,test
29175,test
80554,test
8771,test
43661,test
87718,test
48682,test
49528,test
87724,test
97680,test
44444,test
12529,test
60870,test
40839,test
2047,test
65793,test
67036,test
29775,test
77916,test
71747,test
62481,test
22318,test
57329,test
619,test
90980,test
53433,test
31133,test
75287,test
2825,test
18336,test
47229,test
84060,test
42525,test
97851,test
86003,test
77887,test
5931,test
61792,test
2654,test
81735,test
38933,test
76590,test
32035,test
85605,test
41010,test
76013,test
56613,test
99437,test
138,test
14363,test
70289,test
67737,test
62451,test
63799,test
38340,test
32451,test
68571,test
92658,test
5387,test
28885,test
19066,test
18242,test
25485,test
88580,test
79583,test
98966,test
99987,test
31653,test
78661,test
88890,test
85222,test
44885,test
40196,test
55203,test
19351,test
74329,test
90801,test
29101,test
77302,test
74825,test
18856,test
35835,test
22756,test
74116,test
45169,test
83830,test
96279,test
71029,test
18061,test
85553,test
7530,test
73582,test
56473,test
68847,test
89758,test
4179,test
82206,test
42110,test
33207,test
89832,test
42580,test
30577,test
45589,test
9140,test
22946,test
93002,test
67740,test
42730,test
11142,test
75468,test
8316,test
12468,test
41619,test
10339,test
74430,test
50449,test
806,test
79988,test
36697,test
79538,test
28127,test
76078,test
45672,test
4754,test
33844,test
64396,test
74897,test
72931,test
97761,test
33503,test
21346,test
37330,test
3692,test
25012,test
80593,test
17644,test
72039,test
57949,test
16938,test
71047,test
21961,test
84287,test
85497,test
37751,test
6559,test
16881,test
92319,test
29153,test
9839,test
18207,test
20342,test
21338,test
42977,test
44482,test
85365,test
73934,test
59617,test
1959,test
87204,test
61767,test
28453,test
10274,test
71881,test
93806,test
55306,test
25524,test
29576,test
85228,test
6898,test
57215,test
70126,test
16830,test
22167,test
82454,test
31826,test
99155,test
53767,test
41720,test
26532,test
97796,test
71644,test
42722,test
78188,test
6097,test
87300,test
96941,test
77533,test
80509,test
38974,test
70803,test
94473,test
61110,test
12985,test
46795,test
48335,test
94916,test
49352,test
74511,test
60894,test
42051,test
5423,test
96383,test
17905,test
38751,test
57578,test
50896,test
31476,test
49522,test
89951,test
14826,test
47238,test
16103,test
71125,test
43500,test
45759,test
55522,test
77723,test
66988,test
46746,test
66327,test
21950,test
40346,test
23831,test
56776,test
99441,test
51566,test
82745,test
22622,test
76611,test
11886,test
15993,test
46804,test
47760,test
37598,test
60671,test
35753,test
79480,test
13876,test
34594,test
31224,test
37226,test
96671,test
76821,test
72407,test
33462,test
27828,test
23414,test
59778,test
28036,test
92511,test
26694,test
93274,test
78708,test
39465,test
37494,test
56018,test
67799,test
35145,test
80269,test
78239,test
17147,test
6376,test
93886,test
32991,test
99477,test
67223,test
16663,test
89446,test
77964,test
30137,test
64322,test
37029,test
14094,test
43442,test
64443,test
48947,test
69253,test
11294,test
28763,test
38112,test
92839,test
50761,test
13698,test
14380,test
51971,test
5624,test
822,test
11018,test
39973,test
46213,test
41574,test
37091,test
26250,test
87197,test
29920,test
89953,test
49355,test
73219,test
63227,test
42304,test
82789,test
67274,test
532,test
21528,test
41433,test
8563,test
13980,test
46934,test
9482,test
91243,test
7917,test
95278,test
12324,test
53680,test
45953,test
65927,test
18889,test
49013,test
14349,test
22428,test
53977,test
92949,test
32853,test
89559,test
46370,test
31059,test
86703,test
68399,test
47807,test
15951,test
12729,test
3863,test
28676,test
76363,test
89501,test
30559,test
69559,test
34997,test
6407,test
64356,test
89936,test
43625,test
6298,test
85940,test
42015,test
32784,test
68876,test
7575,test
5065,test
34349,test
42270,test
37949,test
77242,test
70061,test
34520,test
86734,test
76997,test
38314,test
45520,test
83711,test
57281,test
57960,test
78056,test
95030,test
49527,test
19293,test
46748,test
16705,test
75165,test
52654,test
36397,test
32217,test
60967,test
9902,test
50624,test
21902,test
23375,test
51347,test
44584,test
33926,test
30716,test
39146,test
17016,test
49365,test
50774,test
37933,test
58635,test
27615,test
42708,test
49104,test
98822,test
5156,test
18106,test
40869,test
9346,test
27166,test
62454,test
72342,test
28371,test
90782,test
40110,test
29887,test
58958,test
70379,test
57683,test
94030,test
54068,test
76655,test
11310,test
54021,test
68442,test
14483,test
22602,test
16974,test
44831,test
44939,test
52547,test
79767,test
75527,test
27926,test
82153,test
72706,test
38968,test
19140,test
9281,test
87158,test
66993,test
89735,test
62739,test
69592,test
19386,test
50261,test
95776,test
86673,test
74369,test
99912,test
63297,test
73250,test
42849,test
93817,test
91841,test
83386,test
6652,test
79342,test
301,test
48817,test
72038,test
21402,test
8038,test
35781,test
4546,test
27066,test
46396,test
79114,test
19696,test
44908,test
85906,test
11706,test
82240,test
4017,test
20669,test
68889,test
69084,test
48929,test
87922,test
31796,test
7352,test
77891,test
75895,test
16030,test
2784,test
99505,test
80455,test
11868,test
91284,test
28880,test
91498,test
38924,test
68144,test
33640,test
10627,test
73204,test
65269,test
56828,test
15503,test
64897,test
58457,test
86604,test
26619,test
61590,test
6790,test
95847,test
83632,test
78030,test
43121,test
30562,test
37472,test
41997,test
25375,test
40088,test
18158,test
10593,test
35442,test
40285,test
92864,test
44644,test
21023,test
25373,test
13554,test
70275,test
88995,test
83103,test
81565,test
64507,test
69926,test
4512,test
4698,test
41243,test
52775,test
14525,test
91258,test
44595,test
2294,test
57393,test
87830,test
11044,test
81941,test
14683,test
79356,test
67525,test
67484,test
84852,test
48761,test
15524,test
4484,test
22284,test
19644,test
1438,test
77116,test
97166,test
43261,test
60884,test
41108,test
32729,test
13192,test
431,test
96515,test
70387,test
67683,test
42535,test
1346,test
76130,test
25421,test
33853,test
9775,test
87613,test
11656,test
1467,test
20641,test
97363,test
15254,test
73037,test
66654,test
70243,test
57119,test
3802,test
80945,test
91148,test
99403,test
71956,test
94342,test
71711,test
74860,test
986,test
1240,test
62270,test
31593,test
80878,test
8632,test
91205,test
39088,test
10518,test
65603,test
11486,test
42672,test
98170,test
19933,test
24483,test
35908,test
36930,test
39679,test
86760,test
1059,test
46973,test
87771,test
28478,test
85285,test
55783,test
31389,test
21555,test
97059,test
24283,test
69151,test
27478,test
33987,test
96630,test
25855,test
54691,test
34197,test
26113,test
47232,test
71723,test
35820,test
8132,test
78544,test
21056,test
35945,test
67395,test
4832,test
57873,test
13988,test
45626,test
19219,test
77295,test
38176,test
80940,test
98908,test
9175,test
31965,test
62406,test
98680,test
43308,test
34146,test
63891,test
74583,test
89997,test
77322,test
35964,test
37719,test
6578,test
53393,test
28715,test
49183,test
77316,test
6761,test
96382,test
68474,test
39075,test
74201,test
43953,test
9622,test
76544,test
17537,test
35880,test
29005,test
95818,test
31787,test
11598,test
1016,test
75817,test
32350,test
51129,test
78298,test
64833,test
38550,test
45547,test
31879,test
1338,test
37262,test
2240,test
26641,test
25476,test
76248,test
17223,test
68606,test
94493,test
53347,test
77933,test
74707,test
98407,test
15201,test
28148,test
29835,test
41198,test
41366,test
4176,test
32325,test
53350,test
69149,test
62585,test
98292,test
2660,test
32288,test
34898,test
39436,test
33597,test
45986,test
73124,test
8682,test
9881,test
37703,test
30835,test
39967,test
71073,test
92451,test
96955,test
6596,test
13765,test
96213,test
90936,test
96433,test
22293,test
85628,test
29927,test
16726,test
60448,test
20514,test
53655,test
95676,test
39762,test
45387,test
31431,test
24255,test
52442,test
78061,test
23498,test
84330,test
58868,test
40667,test
14884,test
90867,test
23217,test
76324,test
45159,test
86378,test
96040,test
4057,test
34896,test
73640,test
66964,test
55932,test
93306,test
68138,test
10846,test
91618,test
90860,test
90146,test
11784,test
22950,test
90661,test
44809,test
24310,test
97109,test
59604,test
26966,test
78045,test
303,test
17656,test
1095,test
1915,test
61651,test
14502,test
19100,test
94707,test
17583,test
27228,test
28654,test
53984,test
88441,test
84399,test
19710,test
61117,test
61692,test
57887,test
76897,test
31067,test
24107,test
24868,test
83583,test
70518,test
1926,test
97012,test
27261,test
77861,test
48903,test
94561,test
30125,test
84521,test
68087,test
35037,test
12777,test
78353,test
47497,test
33111,test
19056,test
1545,test
80249,test
91628,test
71083,test
34582,test
63514,test
79642,test
30810,test
75321,test
69113,test
3604,test
25141,test
78460,test
9967,test
93539,test
87266,test
20397,test
70331,test
92801,test
91850,test
38674,test
21434,test
16385,test
87066,test
63705,test
33526,test
60792,test
12964,test
5629,test
84671,test
31915,test
20534,test
88538,test
10645,test
4386,test
93875,test
58424,test
40643,test
13703,test
82990,test
5779,test
53349,test
96225,test
48119,test
57600,test
94003,test
77455,test
7262,test
72851,test
61634,test
65027,test
20185,test
18052,test
325,test
11125,test
12568,test
82961,test
869,test
882,test
98417,test
9966,test
81511,test
33593,test
41804,test
88410,test
86004,test
55830,test
31993,test
80212,test
95583,test
6509,test
91482,test
21377,test
21122,test
54167,test
82993,test
91354,test
20143,test
14939,test
4196,test
43723,test
66741,test
27409,test
55943,test
24630,test
65882,test
90329,test
76596,test
23384,test
13261,test
15251,test
15142,test
59206,test
55190,test
50147,test
34716,test
25170,test
14572,test
86360,test
4616,test
27312,test
90799,test
17563,test
31673,test
75619,test
90477,test
10534,test
29238,test
82521,test
30303,test
92722,test
12421,test
7861,test
15998,test
59507,test
56042,test
25643,test
86503,test
65839,test
70147,test
33563,test
79919,test
21954,test
30381,test
53626,test
54801,test
92626,test
68373,test
93577,test
8459,test
43297,test
85912,test
78165,test
89164,test
55630,test
18712,test
47624,test
65215,test
21132,test
30392,test
46585,test
91038,test
35062,test
99398,test
38386,test
83675,test
1966,test
24825,test
58049,test
53199,test
3514,test
61519,test
96783,test
40228,test
15385,test
73648,test
89923,test
34411,test
38847,test
52524,test
81475,test
77642,test
79595,test
56949,test
89130,test
11360,test
10074,test
57534,test
94073,test
46528,test
32112,test
21139,test
90838,test
16209,test
28356,test
20206,test
14339,test
735,test
45476,test
14415,test
64863,test
62907,test
51353,test
87937,test
45389,test
53550,test
29209,test
49244,test
38760,test
92182,test
99562,test
1499,test
71620,test
85744,test
65240,test
94012,test
17517,test
14706,test
92308,test
21779,test
1273,test
91143,test
26332,test
9457,test
49742,test
42577,test
36041,test
29544,test
2922,test
60096,test
12736,test
70200,test
74448,test
4396,test
2685,test
56186,test
57473,test
81963,test
67489,test
16013,test
80149,test
28918,test
84530,test
43587,test
47978,test
46813,test
62287,test
21857,test
88923,test
45230,test
4742,test
62000,test
74728,test
86904,test
23996,test
32865,test
64400,test
58092,test
61606,test
6318,test
17581,test
45253,test
23140,test
51520,test
25753,test
35703,test
65032,test
8937,test
24485,test
44341,test
96998,test
45370,test
8794,test
1564,test
34276,test
13005,test
75152,test
28307,test
61088,test
29323,test
85011,test
9692,test
70779,test
60114,test
92003,test
31065,test
91646,test
81304,test
94612,test
67409,test
36035,test
22168,test
61305,test
89539,test
65880,test
52271,test
63043,test
27684,test
86293,test
11207,test
84414,test
5890,test
41001,test
39107,test
81568,test
27240,test
42787,test
29069,test
17996,test
58553,test
57142,test
9416,test
44450,test
61463,test
8282,test
21461,test
23277,test
44366,test
15527,test
94810,test
23527,test
79313,test
44870,test
57375,test
79840,test
84735,test
52649,test
52215,test
38195,test
77139,test
32221,test
38539,test
20848,test
77,test
34121,test
85116,test
99963,test
5104,test
33363,test
40125,test
16224,test
81242,test
22166,test
79910,test
83020,test
14761,test
89697,test
9720,test
40678,test
61824,test
43963,test
97990,test
73322,test
87587,test
8983,test
89853,test
1863,test
17662,test
12686,test
93498,test
44599,test
89360,test
84091,test
20928,test
23476,test
93112,test
42679,test
52476,test
84763,test
40934,test
11562,test
10637,test
31144,test
49432,test
36335,test
23517,test
26542,test
57589,test
91584,test
99794,test
86315,test
27816,test
22152,test
76800,test
87865,test
48071,test
77278,test
87475,test
17746,test
7987,test
45538,test
36547,test
33375,test
85915,test
30706,test
55083,test
6533,test
32905,test
50584,test
61029,test
53880,test
72704,test
13880,test
21951,test
16269,test
43030,test
61989,test
53599,test
16233,test
16183,test
42311,test
58835,test
70417,test
30817,test
14901,test
76747,test
82894,test
82253,test
54103,test
43413,test
29772,test
65550,test
45534,test
72980,test
12399,test
65942,test
48113,test
94274,test
64739,test
37440,test
28428,test
81932,test
93868,test
36384,test
89259,test
31590,test
96892,test
67879,test
22006,test
12484,test
6403,test
68997,test
86710,test
2928,test
30375,test
10155,test
88312,test
83414,test
9399,test
52752,test
56252,test
60679,test
87342,test
89258,test
17376,test
45523,test
30041,test
19624,test
38894,test
8389,test
49212,test
49577,test
31621,test
96110,test
60330,test
58794,test
38473,test
95993,test
63999,test
17627,test
46130,test
75645,test
3474,test
51995,test
63091,test
64279,test
77355,test
97127,test
25329,test
29725,test
46829,test
39108,test
70098,test
49908,test
77361,test
40834,test
36179,test
524,test
1787,test
12749,test
47263,test
49671,test
8567,test
5344,test
26229,test
29013,test
39946,test
30580,test
20647,test
48641,test
64579,test
67812,test
44867,test
28616,test
14383,test
2346,test
34461,test
47138,test
75324,test
84626,test
72981,test
21194,test
9585,test
41729,test
96510,test
27318,test
49667,test
61419,test
32375,test
15471,test
54456,test
87250,test
18082,test
12979,test
67841,test
65070,test
38981,test
57133,test
45687,test
71520,test
87489,test
10130,test
51901,test
56066,test
4243,test
48689,test
19305,test
50594,test
77720,test
92399,test
59222,test
4119,test
74350,test
66763,test
29512,test
17542,test
10879,test
94482,test
85064,test
9219,test
63404,test
42952,test
14561,test
81507,test
63740,test
67248,test
24684,test
33858,test
65611,test
58791,test
16543,test
19380,test
34062,test
57335,test
74294,test
99016,test
48021,test
14862,test
35522,test
33884,test
62075,test
6457,test
93198,test
57386,test
70167,test
48606,test
10592,test
30349,test
79852,test
66831,test
80838,test
21876,test
63897,test
29407,test
60549,test
12557,test
2377,test
88053,test
24190,test
56680,test
32114,test
48167,test
14615,test
58247,test
95952,test
27397,test
2241,test
76806,test
39363,test
49175,test
19132,test
70706,test
69326,test
38138,test
60010,test
44374,test
69664,test
5841,test
58664,test
90745,test
31580,test
95114,test
38376,test
58744,test
10986,test
2866,test
81821,test
15237,test
65671,test
66483,test
64975,test
79963,test
77431,test
41545,test
77224,test
78716,test
49771,test
27208,test
94431,test
76054,test
78428,test
33326,test
75356,test
53950,test
81952,test
81835,test
87185,test
17278,test
78137,test
83641,test
64152,test
49252,test
39291,test
65155,test
94343,test
58679,test
15498,test
42509,test
90944,test
71427,test
15774,test
69409,test
97982,test
7616,test
58655,test
86153,test
76070,test
11290,test
7006,test
10688,test
58560,test
13265,test
66772,test
85438,test
50981,test
84683,test
10246,test
59527,test
37138,test
43685,test
80438,test
99768,test
68555,test
77189,test
52521,test
63089,test
44645,test
62274,test
82366,test
45324,test
7446,test
14506,test
23692,test
22142,test
97731,test
48384,test
58323,test
66584,test
9504,test
25427,test
30628,test
90360,test
27924,test
73213,test
31214,test
46345,test
51100,test
28243,test
43129,test
9608,test
46112,test
76352,test
9347,test
54839,test
11093,test
99668,test
31758,test
46645,test
55331,test
48674,test
36979,test
4301,test
99791,test
40311,test
33116,test
96628,test
85234,test
34043,test
52073,test
21121,test
7684,test
75856,test
89794,test
16496,test
32775,test
93562,test
33527,test
97831,test
73520,test
86667,test
33970,test
2771,test
86056,test
12672,test
13157,test
68310,test
71553,test
44745,test
9302,test
7483,test
39884,test
7799,test
3645,test
73954,test
71955,test
99147,test
28648,test
78793,test
7955,test
17022,test
78602,test
43222,test
79353,test
70022,test
62064,test
3932,test
56945,test
69076,test
16254,test
23500,test
68075,test
69676,test
88699,test
61024,test
74141,test
98589,test
23781,test
96036,test
79238,test
59877,test
11219,test
7580,test
99284,test
53210,test
54892,test
89749,test
89109,test
76498,test
53953,test
24057,test
4639,test
39262,test
69980,test
3304,test
14487,test
38951,test
85277,test
66038,test
30428,test
20273,test
40362,test
21051,test
83203,test
83007,test
2729,test
54635,test
50987,test
63869,test
67432,test
12328,test
87520,test
52745,test
62721,test
51912,test
971,test
96260,test
77073,test
42483,test
35892,test
1867,test
82732,test
23864,test
41582,test
55750,test
22579,test
7640,test
23579,test
26420,test
66319,test
43925,test
98978,test
96634,test
91274,test
78466,test
45344,test
7170,test
74698,test
94097,test
37040,test
52329,test
52570,test
9236,test
60206,test
16699,test
28216,test
20621,test
51111,test
61229,test
98284,test
93630,test
77704,test
11684,test
99956,test
61785,test
7080,test
46413,test
98136,test
43742,test
18622,test
35427,test
89343,test
40540,test
47122,test
20231,test
20367,test
60687,test
96805,test
95942,test
84274,test
25085,test
73256,test
50914,test
67129,test
79456,test
2998,test
56636,test
12911,test
90840,test
67271,test
44760,test
147,test
2024,test
60013,test
28464,test
8634,test
77930,test
6867,test
58811,test
21765,test
41607,test
68652,test
77141,test
27977,test
34810,test
6624,test
91806,test
20127,test
28450,test
44290,test
50764,test
22019,test
42184,test
3061,test
28567,test
62485,test
40747,test
97202,test
83909,test
87794,test
61894,test
34339,test
75657,test
67227,test
49638,test
35974,test
24400,test
26143,test
70362,test
93916,test
20834,test
68104,test
65137,test
69427,test
6712,test
7003,test
76253,test
88535,test
48624,test
83987,test
13885,test
78445,test
52272,test
5907,test
67328,test
82083,test
55082,test
61169,test
334,test
203,test
38682,test
53781,test
88526,test
6420,test
53501,test
5702,test
73673,test
81730,test
5285,test
10292,test
48598,test
96362,test
29344,test
31649,test
2308,test
14774,test
30869,test
25582,test
56895,test
50425,test
37843,test
95418,test
47217,test
72247,test
4425,test
68666,test
61091,test
63389,test
23289,test
41456,test
63487,test
43908,test
89007,test
49836,test
49611,test
35349,test
71779,test
61389,test
54163,test
68855,test
68972,test
37062,test
11286,test
17424,test
11186,test
67163,test
2964,test
96678,test
30332,test
99914,test
69887,test
28393,test
90892,test
36965,test
22800,test
52527,test
93784,test
17824,test
45028,test
59304,test
24472,test
74270,test
41201,test
90062,test
31444,test
24930,test
56145,test
71406,test
7361,test
43591,test
50744,test
59703,test
37888,test
14563,test
43806,test
54458,test
53314,test
63142,test
45634,test
7545,test
3633,test
32259,test
52055,test
9804,test
46356,test
9027,test
73821,test
76420,test
70121,test
39016,test
91043,test
72379,test
14432,test
26381,test
12525,test
21109,test
17607,test
54494,test
69776,test
49718,test
51013,test
71991,test
96106,test
97198,test
65553,test
61297,test
64377,test
35987,test
55086,test
53207,test
32624,test
22480,test
71959,test
24858,test
95357,test
27062,test
24968,test
31024,test
62323,test
85861,test
33247,test
5284,test
98523,test
55985,test
24062,test
47014,test
46255,test
86338,test
17444,test
32940,test
65705,test
95747,test
46195,test
85816,test
91286,test
18699,test
33491,test
39044,test
18844,test
37108,test
99237,test
53037,test
82219,test
41217,test
69070,test
22484,test
37097,test
64453,test
28293,test
59060,test
64419,test
84079,test
18350,test
33627,test
36175,test
68742,test
17277,test
41792,test
15565,test
11167,test
8205,test
20294,test
6516,test
68793,test
73399,test
18414,test
28752,test
44121,test
92602,test
75847,test
30453,test
14393,test
29710,test
8739,test
15322,test
326,test
33335,test
45570,test
69430,test
63823,test
630,test
15256,test
9697,test
66276,test
56402,test
95813,test
94897,test
54521,test
12707,test
29854,test
11981,test
43295,test
60537,test
72284,test
31486,test
40712,test
91897,test
28718,test
6411,test
91677,test
76469,test
65794,test
78244,test
41023,test
53693,test
68074,test
26049,test
51609,test
94715,test
1139,test
83612,test
53246,test
44947,test
45090,test
46730,test
62447,test
65366,test
20191,test
20074,test
68222,test
93743,test
80762,test
80400,test
27465,test
39186,test
33103,test
32967,test
72375,test
99074,test
51800,test
58148,test
1521,test
92906,test
93665,test
91800,test
49583,test
77051,test
13282,test
50035,test
90736,test
47097,test
32732,test
31944,test
89714,test
26655,test
64002,test
52079,test
88108,test
81882,test
30930,test
21635,test
3577,test
5947,test
95410,test
19250,test
27580,test
95793,test
46102,test
16440,test
15901,test
22192,test
58074,test
90402,test
52338,test
4592,test
26802,test
55560,test
70522,test
26206,test
50338,test
11760,test
78058,test
45489,test
98323,test
4667,test
75464,test
39227,test
49582,test
31996,test
2708,test
19970,test
78995,test
23822,test
6365,test
63889,test
81509,test
89883,test
99894,test
86273,test
78335,test
81755,test
96703,test
80120,test
64802,test
96227,test
7728,test
50844,test
69274,test
30556,test
45422,test
20065,test
74471,test
99327,test
18932,test
28419,test
3416,test
15071,test
57955,test
83337,test
39461,test
76563,test
77730,test
81607,test
28883,test
98548,test
81246,test
38297,test
32211,test
64858,test
62488,test
41254,test
72874,test
85111,test
94210,test
19545,test
18994,test
28988,test
83922,test
5044,test
995,test
98123,test
8173,test
81235,test
95233,test
77986,test
91369,test
70438,test
74939,test
82872,test
52700,test
14469,test
87466,test
86736,test
162,test
71515,test
19894,test
41949,test
83705,test
44124,test
88187,test
93340,test
83507,test
68716,test
49690,test
64751,test
1624,test
3406,test
40161,test
9637,test
68739,test
95499,test
79873,test
53197,test
18270,test
85955,test
43832,test
76225,test
77135,test
13807,test
416,test
27354,test
99705,test
70493,test
73579,test
38593,test
63440,test
70315,test
87206,test
15730,test
91497,test
88482,test
18208,test
79384,test
38607,test
23307,test
27604,test
72428,test
46023,test
12003,test
77915,test
85908,test
17488,test
20279,test
34834,test
24879,test
67944,test
83176,test
67741,test
49811,test
4638,test
50533,test
61343,test
33811,test
90974,test
87539,test
27449,test
15200,test
93976,test
64234,test
36468,test
32109,test
43120,test
4090,test
64643,test
70439,test
26953,test
82297,test
88723,test
28073,test
59170,test
67524,test
89079,test
39968,test
53692,test
68170,test
30113,test
1293,test
24915,test
46233,test
98531,test
49302,test
47249,test
73343,test
64628,test
41673,test
6843,test
72090,test
51307,test
89732,test
62577,test
3880,test
89295,test
31146,test
12308,test
68476,test
33940,test
97530,test
72277,test
66430,test
15126,test
54832,test
90924,test
30255,test
58250,test
3666,test
7817,test
56370,test
34313,test
53962,test
29062,test
84887,test
80270,test
37311,test
38064,test
57439,test
70298,test
56850,test
17721,test
11260,test
66624,test
75629,test
99209,test
44830,test
83262,test
45677,test
32234,test
87810,test
78011,test
14938,test
58387,test
49105,test
11787,test
64731,test
45846,test
20701,test
94016,test
25488,test
21827,test
61885,test
96506,test
76854,test
81367,test
81695,test
24484,test
28426,test
53948,test
79740,test
90299,test
46726,test
12610,test
39435,test
12770,test
73938,test
51329,test
6928,test
6446,test
10271,test
33168,test
94380,test
84682,test
72605,test
86874,test
72926,test
70962,test
24830,test
30204,test
68469,test
77895,test
97724,test
1004,test
89279,test
3118,test
27968,test
89906,test
17447,test
90880,test
58365,test
21262,test
39421,test
54437,test
99269,test
40890,test
12878,test
61958,test
39702,test
93481,test
64153,test
81368,test
31513,test
41608,test
96762,test
95839,test
97253,test
12120,test
5233,test
61733,test
60739,test
95407,test
97395,test
51484,test
83773,test
54620,test
68814,test
51014,test
71134,test
9479,test
75284,test
19823,test
75808,test
10977,test
98816,test
37026,test
34307,test
46802,test
91681,test
67797,test
99800,test
39675,test
83627,test
65306,test
13589,test
50462,test
54333,test
34764,test
41590,test
96765,test
12482,test
97107,test
74397,test
65107,test
90677,test
48540,test
32643,test
49878,test
36878,test
14106,test
437,test
67519,test
36360,test
82497,test
45115,test
76619,test
86836,test
65997,test
80966,test
28294,test
9454,test
3829,test
3033,test
86325,test
26526,test
3626,test
46765,test
63973,test
40207,test
20619,test
30144,test
89700,test
55601,test
21715,test
87069,test
72971,test
34848,test
82626,test
95506,test
52980,test
84050,test
7132,test
57698,test
2573,test
36958,test
60745,test
48515,test
92211,test
58994,test
88052,test
2816,test
3614,test
24829,test
84726,test
89759,test
24504,test
33886,test
36385,test
10692,test
43899,test
2849,test
33260,test
30595,test
89744,test
59270,test
81032,test
76334,test
16007,test
18634,test
42758,test
33650,test
77461,test
45112,test
16436,test
61087,test
75600,test
91022,test
74446,test
93271,test
4916,test
74579,test
79674,test
31542,test
69817,test
82770,test
79235,test
63703,test
15914,test
63795,test
33219,test
99747,test
50246,test
11483,test
30397,test
46834,test
69775,test
29889,test
75696,test
48681,test
47418,test
32337,test
17267,test
75201,test
14183,test
36491,test
80195,test
1723,test
57076,test
9685,test
53937,test
82413,test
76668,test
74328,test
63299,test
84510,test
87400,test
51149,test
27677,test
29196,test
95227,test
51280,test
94384,test
21651,test
65903,test
51022,test
40019,test
44126,test
59236,test
85088,test
83123,test
99369,test
77482,test
77580,test
93177,test
95869,test
31244,test
65038,test
22728,test
18759,test
81489,test
69017,test
83016,test
62914,test
66225,test
85625,test
53583,test
43093,test
13246,test
73558,test
84166,test
6208,test
86971,test
74808,test
35738,test
30866,test
83256,test
4235,test
96516,test
93217,test
89601,test
77006,test
22172,test
49827,test
46811,test
47409,test
90593,test
9192,test
71952,test
38551,test
12859,test
55258,test
11915,test
56277,test
57193,test
74097,test
56650,test
77052,test
72698,test
93336,test
46925,test
58332,test
72788,test
58876,test
85801,test
62365,test
42892,test
41231,test
28095,test
15416,test
93395,test
65449,test
9415,test
19526,test
83915,test
67566,test
3757,test
94251,test
66588,test
72174,test
95456,test
30218,test
62471,test
51957,test
35616,test
93279,test
62212,test
429,test
52993,test
1387,test
48908,test
95750,test
64516,test
28061,test
35109,test
93554,test
8380,test
95297,test
75421,test
90774,test
45564,test
84222,test
60074,test
5064,test
9058,test
58176,test
66615,test
42851,test
51260,test
49275,test
84081,test
20015,test
94557,test
31338,test
35672,test
65689,test
79983,test
11323,test
67370,test
24794,test
25486,test
96935,test
56010,test
29924,test
80871,test
62667,test
62251,test
85935,test
80145,test
65625,test
12921,test
80408,test
73774,test
33624,test
66852,test
59934,test
78226,test
296,test
68853,test
18033,test
98886,test
33743,test
67557,test
18807,test
59396,test
96686,test
75609,test
63141,test
12540,test
38779,test
32475,test
13344,test
77656,test
5786,test
11401,test
24208,test
26958,test
37909,test
1127,test
82965,test
13660,test
6165,test
97524,test
39784,test
48948,test
9138,test
45798,test
98332,test
13792,test
20829,test
80907,test
9508,test
36536,test
39004,test
33429,test
94950,test
10716,test
56171,test
43234,test
34391,test
99506,test
73941,test
39301,test
13079,test
90167,test
36210,test
6723,test
7501,test
85819,test
77769,test
16645,test
86116,test
93229,test
99077,test
29676,test
95257,test
70076,test
51330,test
4561,test
17158,test
22286,test
93170,test
32372,test
78338,test
85941,test
98329,test
83691,test
91364,test
82424,test
76048,test
15479,test
26732,test
50898,test
49262,test
13896,test
80874,test
39003,test
65753,test
40545,test
70566,test
95935,test
5821,test
470,test
14294,test
94136,test
66923,test
5494,test
66976,test
32672,test
15010,test
88323,test
12130,test
93588,test
45662,test
96198,test
77818,test
65169,test
44483,test
30145,test
77682,test
48479,test
29956,test
55969,test
70956,test
37992,test
12050,test
6109,test
93362,test
8149,test
59153,test
73979,test
74098,test
46471,test
77727,test
48633,test
73275,test
57161,test
7908,test
99732,test
52721,test
37356,test
76495,test
56301,test
27851,test
83303,test
47558,test
25386,test
40081,test
85943,test
37560,test
23214,test
71649,test
13381,test
17436,test
2181,test
40082,test
79791,test
6842,test
43895,test
9461,test
73529,test
82112,test
73616,test
65072,test
2143,test
93944,test
34527,test
2203,test
97455,test
16909,test
7735,test
44318,test
46283,test
34619,test
47626,test
28082,test
23054,test
13702,test
52063,test
40379,test
77545,test
63101,test
45533,test
17151,test
63475,test
51665,test
81742,test
90015,test
80058,test
83902,test
44994,test
40320,test
6788,test
79543,test
68721,test
67656,test
57616,test
34556,test
56398,test
65214,test
8709,test
92169,test
7600,test
85392,test
48715,test
4808,test
77221,test
7431,test
7472,test
1393,test
71276,test
40518,test
99848,test
59675,test
77022,test
8339,test
51625,test
23055,test
92884,test
38535,test
11952,test
85091,test
24033,test
76384,test
61107,test
21293,test
75583,test
80658,test
97571,test
11710,test
11644,test
89517,test
63322,test
59336,test
74177,test
62336,test
95365,test
71129,test
96158,test
76141,test
93383,test
97026,test
5158,test
73021,test
87267,test
9098,test
88380,test
45781,test
32308,test
27946,test
24486,test
53812,test
66757,test
69764,test
12338,test
84305,test
72967,test
44443,test
81310,test
87997,test
71658,test
30118,test
79320,test
1664,test
41558,test
99872,test
23811,test
38831,test
20471,test
78438,test
17840,test
3252,test
29519,test
16687,test
87517,test
2168,test
2381,test
68840,test
10862,test
23877,test
28192,test
48923,test
