user,split
18362,train
4375,train
18857,train
20106,train
16179,train
14459,train
8346,train
14449,train
1032,train
17489,train
6540,train
3913,train
19519,train
15148,train
5180,train
13705,train
7472,train
20393,train
10826,train
19323,train
7715,train
5198,train
17876,train
5918,train
14708,train
18131,train
8833,train
2349,train
4986,train
18485,train
4314,train
8751,train
8262,train
17877,train
14059,train
19686,train
8894,train
11274,train
6101,train
16316,train
1017,train
5615,train
10049,train
11475,train
17661,train
8138,train
4654,train
8999,train
5648,train
9045,train
1156,train
3149,train
18063,train
15712,train
19498,train
5900,train
14206,train
2684,train
20103,train
20278,train
3275,train
8098,train
3421,train
18730,train
7006,train
14624,train
4509,train
13114,train
1447,train
9513,train
14406,train
10466,train
12536,train
3783,train
344,train
9427,train
4627,train
20209,train
2375,train
20080,train
15379,train
9388,train
9461,train
10964,train
19696,train
1993,train
18881,train
170,train
20488,train
15636,train
19105,train
2287,train
14798,train
1449,train
105,train
715,train
2595,train
18533,train
3096,train
18981,train
2711,train
8381,train
17398,train
10188,train
19295,train
8470,train
14995,train
5195,train
15058,train
4695,train
4434,train
9849,train
11083,train
6600,train
14841,train
8595,train
989,train
15977,train
2052,train
892,train
6938,train
16967,train
10875,train
8773,train
14500,train
13163,train
12502,train
3968,train
3433,train
18889,train
4123,train
4307,train
16259,train
1828,train
14150,train
6439,train
540,train
11169,train
6276,train
4984,train
5835,train
3310,train
3794,train
18302,train
679,train
747,train
17773,train
2190,train
10545,train
9635,train
287,train
4180,train
2027,train
8823,train
3873,train
10468,train
12830,train
13297,train
9585,train
15630,train
249,train
16492,train
20191,train
3498,train
12496,train
14067,train
7421,train
9515,train
7367,train
1707,train
7497,train
5722,train
3637,train
17015,train
2712,train
12636,train
17755,train
7673,train
16417,train
3362,train
543,train
14436,train
2273,train
20529,train
5488,train
11342,train
1340,train
12809,train
7589,train
7331,train
12182,train
1356,train
8934,train
860,train
11072,train
12089,train
8589,train
2889,train
18794,train
8247,train
7135,train
19462,train
13431,train
9525,train
8753,train
8764,train
41,train
3057,train
9218,train
5736,train
17648,train
19560,train
524,train
14367,train
18092,train
15559,train
14883,train
5388,train
10233,train
14559,train
14473,train
14654,train
6255,train
14502,train
11872,train
1892,train
5977,train
1143,train
1087,train
6171,train
1961,train
12185,train
10371,train
10438,train
1541,train
7317,train
11787,train
11151,train
18541,train
15225,train
944,train
2402,train
11736,train
15326,train
11500,train
13565,train
15277,train
330,train
14297,train
14334,train
3048,train
16965,train
9775,train
13772,train
1190,train
19657,train
4340,train
476,train
9872,train
15675,train
9259,train
17558,train
918,train
13071,train
16413,train
16515,train
4130,train
11760,train
19080,train
16854,train
13315,train
5209,train
14668,train
1200,train
4482,train
17915,train
13605,train
8937,train
11728,train
1812,train
19257,train
467,train
11566,train
2598,train
5422,train
3284,train
16091,train
4091,train
4779,train
14187,train
2884,train
12411,train
18643,train
15089,train
17760,train
11714,train
11073,train
735,train
16877,train
1808,train
2462,train
3168,train
5881,train
11332,train
13764,train
7498,train
10448,train
19821,train
16164,train
19114,train
1342,train
1370,train
1062,train
2286,train
10084,train
11158,train
11716,train
1059,train
3006,train
10312,train
3581,train
12835,train
19370,train
15701,train
16569,train
13644,train
9299,train
16043,train
10523,train
7932,train
18468,train
7466,train
11819,train
3193,train
2751,train
3215,train
12036,train
13413,train
13809,train
1895,train
649,train
2920,train
20157,train
15243,train
3249,train
18439,train
10286,train
13366,train
18561,train
8932,train
18543,train
4632,train
2878,train
9703,train
19427,train
9102,train
7887,train
9482,train
2435,train
19520,train
501,train
20300,train
13243,train
10780,train
19818,train
11512,train
7605,train
14679,train
2831,train
3772,train
14696,train
20490,train
754,train
14535,train
14481,train
18336,train
4369,train
2602,train
286,train
16526,train
14758,train
2934,train
18809,train
9665,train
11608,train
3638,train
455,train
9097,train
3034,train
1856,train
2236,train
9466,train
18016,train
11802,train
1018,train
14599,train
17598,train
1512,train
10573,train
818,train
1092,train
4114,train
5184,train
2011,train
11362,train
8614,train
10883,train
4172,train
14269,train
2844,train
15674,train
8179,train
7552,train
8618,train
14549,train
697,train
1186,train
19792,train
3104,train
3782,train
9489,train
15597,train
3667,train
5397,train
725,train
14444,train
4771,train
16652,train
11026,train
11835,train
15524,train
14483,train
12883,train
305,train
10406,train
1124,train
8287,train
14126,train
5006,train
7510,train
14970,train
4850,train
17375,train
7171,train
3437,train
7438,train
5809,train
9805,train
7463,train
15201,train
20090,train
12230,train
6631,train
3884,train
3431,train
12911,train
16448,train
1689,train
14604,train
18146,train
12192,train
20079,train
14822,train
4550,train
10526,train
17752,train
14160,train
150,train
14124,train
3885,train
18090,train
275,train
19035,train
14630,train
10577,train
19092,train
2512,train
1704,train
16699,train
6473,train
7592,train
19631,train
7659,train
10259,train
12716,train
3749,train
7087,train
6931,train
9492,train
10171,train
7662,train
4574,train
18573,train
1411,train
5501,train
9511,train
17218,train
5671,train
6904,train
11452,train
18784,train
15936,train
1069,train
16194,train
10154,train
2469,train
18970,train
11979,train
6950,train
13751,train
19204,train
16292,train
7836,train
1723,train
11559,train
9398,train
5059,train
8394,train
8659,train
1590,train
13489,train
5331,train
15732,train
16440,train
14725,train
5293,train
281,train
7880,train
3217,train
8706,train
14028,train
6701,train
1682,train
5684,train
13518,train
14305,train
16007,train
16758,train
17158,train
9816,train
1388,train
10877,train
20061,train
2768,train
1280,train
3940,train
8907,train
16317,train
14291,train
11522,train
12279,train
12144,train
11183,train
11734,train
1905,train
12943,train
5967,train
16321,train
17547,train
16050,train
4005,train
14322,train
13670,train
16893,train
14998,train
1745,train
5478,train
14571,train
18675,train
12913,train
12957,train
12548,train
10879,train
16478,train
2451,train
8865,train
19649,train
183,train
876,train
20337,train
15768,train
1414,train
19177,train
4417,train
14285,train
6647,train
15951,train
17394,train
11827,train
17248,train
12403,train
5738,train
15101,train
4054,train
15754,train
6330,train
18209,train
18308,train
250,train
19535,train
3111,train
12970,train
18934,train
1097,train
9405,train
4357,train
3872,train
6405,train
8051,train
13404,train
18651,train
20039,train
17911,train
9705,train
12446,train
8147,train
18003,train
10778,train
15750,train
15595,train
4812,train
15281,train
15757,train
15533,train
5391,train
15233,train
15737,train
17423,train
19918,train
844,train
5512,train
10126,train
13469,train
3097,train
16239,train
1064,train
482,train
11174,train
7114,train
16101,train
12707,train
19467,train
17438,train
10758,train
17200,train
16561,train
19903,train
6302,train
4909,train
10380,train
15930,train
2201,train
12428,train
17985,train
20259,train
3788,train
4830,train
13678,train
1160,train
20247,train
9784,train
10428,train
11978,train
16754,train
19858,train
18662,train
9615,train
4364,train
12317,train
2660,train
19705,train
1207,train
17716,train
6235,train
5762,train
909,train
4985,train
665,train
18328,train
14925,train
2154,train
6830,train
19073,train
4373,train
14352,train
12810,train
5084,train
18559,train
19690,train
14299,train
2687,train
2480,train
3959,train
4875,train
135,train
9700,train
13739,train
11251,train
14750,train
18537,train
18816,train
7678,train
10972,train
9233,train
19161,train
18636,train
11105,train
15954,train
11023,train
4903,train
12090,train
18847,train
3157,train
2888,train
930,train
5120,train
66,train
15886,train
12654,train
20267,train
284,train
18021,train
413,train
531,train
17149,train
3366,train
1413,train
6858,train
2795,train
18231,train
5448,train
5586,train
8357,train
13149,train
11184,train
3826,train
3845,train
1260,train
19213,train
11474,train
13255,train
2533,train
10595,train
18368,train
17759,train
15832,train
9610,train
5415,train
19526,train
13579,train
17533,train
4697,train
11545,train
17115,train
6201,train
14237,train
16422,train
7929,train
13402,train
19363,train
3197,train
1352,train
14386,train
8961,train
8888,train
2298,train
15004,train
5914,train
4636,train
3176,train
17085,train
13493,train
9165,train
2110,train
6176,train
17475,train
5971,train
19065,train
10991,train
20543,train
15917,train
10042,train
18555,train
18692,train
3143,train
7529,train
10613,train
8774,train
14407,train
14284,train
3204,train
1702,train
5398,train
8328,train
5564,train
13900,train
9910,train
17212,train
363,train
20498,train
15209,train
9272,train
1650,train
5227,train
9968,train
18817,train
1396,train
16626,train
6450,train
10956,train
4138,train
9474,train
13102,train
17453,train
2290,train
15511,train
15672,train
1839,train
600,train
17573,train
9742,train
10288,train
2434,train
5117,train
11547,train
15130,train
13675,train
15699,train
2369,train
11479,train
7950,train
19190,train
14034,train
7067,train
14482,train
20297,train
16933,train
13572,train
17630,train
5513,train
12302,train
9785,train
10642,train
3929,train
20164,train
9327,train
4897,train
3632,train
2796,train
2353,train
1718,train
4681,train
2774,train
13464,train
14450,train
5252,train
20382,train
9516,train
16256,train
5783,train
6211,train
2156,train
270,train
14166,train
15872,train
7278,train
18041,train
1052,train
727,train
6329,train
12507,train
15771,train
18043,train
2041,train
9186,train
7103,train
2811,train
20450,train
15040,train
16376,train
529,train
14282,train
16582,train
19761,train
7381,train
4133,train
5781,train
8415,train
19311,train
14508,train
1943,train
2823,train
1134,train
4279,train
13196,train
7218,train
10487,train
7910,train
3835,train
18330,train
223,train
14337,train
7855,train
19496,train
4132,train
20515,train
9381,train
13483,train
15958,train
3757,train
17062,train
19614,train
11386,train
17033,train
18156,train
2161,train
19381,train
1063,train
10086,train
4677,train
9549,train
3984,train
1085,train
6872,train
15544,train
4296,train
7460,train
7749,train
7930,train
4833,train
8445,train
13307,train
14510,train
16369,train
12804,train
10870,train
2037,train
7708,train
11805,train
8220,train
11912,train
3904,train
19178,train
12051,train
8956,train
20406,train
8217,train
7214,train
17317,train
15995,train
10141,train
13953,train
14374,train
5719,train
3209,train
19028,train
20017,train
12454,train
2461,train
8044,train
10989,train
12244,train
20338,train
17197,train
11581,train
15910,train
14244,train
6972,train
16649,train
12236,train
13911,train
19843,train
3867,train
17419,train
7366,train
12653,train
17093,train
6667,train
20226,train
667,train
2158,train
1659,train
7420,train
20085,train
13741,train
18686,train
1853,train
9485,train
15962,train
8176,train
12735,train
6334,train
5283,train
967,train
1653,train
17061,train
139,train
13697,train
11283,train
176,train
19549,train
17430,train
2671,train
7536,train
3163,train
5007,train
19960,train
14576,train
14460,train
10919,train
15653,train
12019,train
17589,train
5597,train
11013,train
14485,train
12998,train
9452,train
339,train
4932,train
10068,train
1829,train
14693,train
19276,train
19325,train
6432,train
6574,train
10267,train
7701,train
19883,train
19339,train
10284,train
15033,train
6417,train
14702,train
14974,train
15468,train
19228,train
15352,train
11080,train
13007,train
5030,train
13088,train
9234,train
14329,train
16354,train
7818,train
20154,train
310,train
5878,train
1602,train
12407,train
15986,train
15428,train
7144,train
19638,train
2604,train
7284,train
11652,train
18122,train
11311,train
20028,train
13287,train
14587,train
17772,train
720,train
7638,train
13904,train
17907,train
9565,train
4752,train
5908,train
153,train
9893,train
15102,train
1643,train
3663,train
16332,train
19334,train
12763,train
18103,train
20202,train
12871,train
19897,train
4914,train
14403,train
636,train
4582,train
8483,train
6017,train
11662,train
9176,train
9947,train
8097,train
9896,train
12271,train
9593,train
3484,train
13891,train
4888,train
16094,train
13686,train
18901,train
12724,train
15992,train
1232,train
6759,train
2059,train
14918,train
11216,train
2484,train
11830,train
16331,train
5171,train
6223,train
10470,train
2321,train
1151,train
18354,train
4940,train
6507,train
7350,train
8920,train
14130,train
11487,train
3481,train
11919,train
714,train
13205,train
13880,train
12807,train
3750,train
1166,train
7938,train
1136,train
12906,train
14151,train
6786,train
5451,train
18832,train
4040,train
17228,train
6015,train
18456,train
17562,train
10743,train
12300,train
9181,train
17601,train
14808,train
5699,train
7146,train
15607,train
20224,train
15110,train
14568,train
4419,train
11729,train
11849,train
11935,train
12839,train
16072,train
8620,train
9182,train
17002,train
8303,train
15519,train
3349,train
9196,train
16076,train
20221,train
5367,train
2331,train
706,train
4254,train
20277,train
15297,train
412,train
8616,train
13352,train
13407,train
10317,train
20098,train
9846,train
20431,train
20404,train
14524,train
17822,train
12823,train
13939,train
14556,train
18334,train
15618,train
17798,train
3116,train
5771,train
11916,train
15055,train
10823,train
1412,train
7556,train
18111,train
12504,train
12491,train
1171,train
9172,train
14466,train
13289,train
1303,train
16776,train
2761,train
4872,train
2035,train
7895,train
2840,train
4062,train
578,train
10174,train
3462,train
8911,train
18079,train
15809,train
11421,train
7505,train
6743,train
2803,train
3908,train
18017,train
12868,train
18404,train
13372,train
1327,train
20305,train
2954,train
17664,train
15928,train
3119,train
7227,train
304,train
15122,train
17670,train
2060,train
12801,train
15143,train
17420,train
18782,train
3493,train
1558,train
1147,train
6819,train
12110,train
20130,train
6156,train
18375,train
18971,train
18067,train
11252,train
7011,train
11571,train
3108,train
2985,train
14234,train
1081,train
17919,train
16556,train
10825,train
20316,train
15504,train
8491,train
16767,train
8229,train
19346,train
18108,train
3272,train
4566,train
15378,train
1869,train
11207,train
10120,train
823,train
14461,train
13752,train
5497,train
18384,train
7081,train
2933,train
18615,train
18357,train
12370,train
18369,train
1428,train
11870,train
7933,train
16853,train
11226,train
3770,train
155,train
2109,train
11426,train
17414,train
14810,train
13892,train
11707,train
11065,train
16456,train
9578,train
4859,train
7564,train
1665,train
17074,train
1649,train
1589,train
3790,train
3803,train
20460,train
10172,train
8088,train
9941,train
13897,train
5511,train
20119,train
1913,train
1366,train
10924,train
202,train
5420,train
19742,train
5206,train
18318,train
9624,train
13845,train
3314,train
2825,train
19921,train
11888,train
7751,train
13778,train
15843,train
10519,train
11123,train
10213,train
15344,train
18693,train
19147,train
15643,train
9685,train
6908,train
15088,train
11963,train
19198,train
16798,train
2870,train
17883,train
809,train
4898,train
5051,train
5943,train
15534,train
8163,train
11241,train
2734,train
2611,train
24,train
4291,train
10725,train
10902,train
18314,train
9250,train
17502,train
9844,train
20451,train
13126,train
12533,train
6739,train
9935,train
11753,train
13441,train
11336,train
3781,train
18844,train
3557,train
13556,train
2714,train
12242,train
12641,train
6957,train
3730,train
13667,train
9284,train
10200,train
4975,train
18616,train
13176,train
2699,train
571,train
6929,train
12955,train
8053,train
12258,train
15247,train
6335,train
4904,train
18313,train
12425,train
13012,train
15819,train
11587,train
10190,train
18185,train
18449,train
3205,train
16902,train
12014,train
14731,train
3010,train
3773,train
18729,train
6134,train
13069,train
1977,train
3900,train
143,train
16977,train
15238,train
9468,train
10897,train
13351,train
5833,train
7398,train
16585,train
17583,train
13052,train
20524,train
694,train
12413,train
20313,train
10342,train
5558,train
9437,train
8977,train
207,train
10692,train
17444,train
8404,train
7763,train
6596,train
14946,train
11966,train
6963,train
6221,train
14791,train
19199,train
18258,train
17470,train
12441,train
5701,train
8339,train
11086,train
1203,train
9050,train
4613,train
5140,train
6271,train
659,train
6751,train
4565,train
888,train
16752,train
4710,train
13232,train
17087,train
9779,train
11669,train
18442,train
8115,train
17447,train
4028,train
9797,train
13869,train
7120,train
10981,train
19904,train
6314,train
8844,train
13504,train
10207,train
7963,train
9475,train
14537,train
4455,train
13564,train
15789,train
7614,train
4524,train
5286,train
18224,train
16,train
20489,train
12937,train
3392,train
4880,train
3764,train
19876,train
17400,train
2125,train
6447,train
10091,train
4333,train
19993,train
9628,train
4845,train
10611,train
5128,train
2099,train
9914,train
442,train
12976,train
15573,train
8680,train
20207,train
18260,train
7399,train
9563,train
3476,train
1873,train
19180,train
6754,train
8480,train
5152,train
7313,train
10289,train
4853,train
16452,train
16852,train
12709,train
3412,train
11956,train
16628,train
18920,train
9767,train
14704,train
7511,train
10357,train
16625,train
10726,train
18162,train
12749,train
1458,train
8109,train
5746,train
18848,train
4807,train
12752,train
2859,train
8378,train
179,train
2296,train
7134,train
5745,train
10753,train
16326,train
19157,train
6827,train
1726,train
5097,train
10234,train
3447,train
18124,train
19893,train
9902,train
16254,train
17612,train
11464,train
8350,train
9541,train
14957,train
6993,train
13264,train
1369,train
2444,train
6651,train
9942,train
10006,train
5859,train
19484,train
1881,train
18494,train
18993,train
7311,train
16096,train
10794,train
5551,train
17820,train
10173,train
11918,train
6617,train
15336,train
3724,train
13894,train
18035,train
1969,train
3504,train
15387,train
13851,train
19853,train
16817,train
7332,train
109,train
9514,train
9358,train
13947,train
14209,train
17644,train
19564,train
9107,train
3031,train
8294,train
19793,train
15114,train
9561,train
18841,train
12969,train
7584,train
19089,train
12022,train
4809,train
17722,train
19857,train
18958,train
8131,train
5800,train
2126,train
19716,train
19485,train
19753,train
12593,train
17384,train
13254,train
14331,train
5492,train
4624,train
18353,train
4529,train
15105,train
15831,train
7334,train
17060,train
2304,train
12768,train
13707,train
5425,train
15220,train
11858,train
8717,train
18820,train
4502,train
13769,train
4760,train
4077,train
3301,train
74,train
18143,train
11899,train
17837,train
18203,train
9175,train
563,train
12803,train
11113,train
8507,train
16969,train
196,train
16370,train
10598,train
18438,train
5641,train
3720,train
19362,train
10866,train
9768,train
17531,train
11354,train
17381,train
11017,train
11468,train
2421,train
136,train
18163,train
7477,train
108,train
10152,train
19184,train
2122,train
13810,train
17743,train
17309,train
16692,train
18236,train
15217,train
3442,train
19166,train
13446,train
7863,train
17114,train
13815,train
2702,train
20425,train
4597,train
5754,train
289,train
1979,train
8734,train
18132,train
6245,train
8334,train
8232,train
15124,train
10269,train
19678,train
2032,train
11443,train
13458,train
8757,train
11295,train
145,train
1135,train
8145,train
2198,train
10353,train
2619,train
13929,train
7496,train
6074,train
4533,train
7898,train
9251,train
20394,train
17144,train
5784,train
13874,train
1406,train
5304,train
7788,train
624,train
15190,train
4927,train
11594,train
20156,train
16053,train
10187,train
9953,train
16895,train
2415,train
18684,train
14988,train
8718,train
18902,train
6958,train
504,train
18012,train
3380,train
9892,train
4702,train
15304,train
2680,train
992,train
14157,train
18708,train
13568,train
16154,train
6736,train
15,train
14341,train
1753,train
1769,train
9490,train
6677,train
367,train
17188,train
14073,train
5158,train
13701,train
14309,train
1638,train
16330,train
13118,train
4217,train
9657,train
3000,train
6103,train
16850,train
17632,train
9586,train
6778,train
14122,train
278,train
4837,train
16840,train
14429,train
6723,train
8743,train
473,train
11952,train
4942,train
11744,train
8172,train
10215,train
3427,train
15740,train
9224,train
1384,train
14619,train
9244,train
15731,train
13193,train
15014,train
18877,train
7535,train
14202,train
10953,train
2260,train
13267,train
7637,train
14189,train
1282,train
10369,train
6649,train
11679,train
15897,train
7747,train
17613,train
11974,train
9154,train
6280,train
17493,train
6323,train
7316,train
6471,train
20168,train
8987,train
8054,train
18933,train
2576,train
20287,train
10461,train
9002,train
7735,train
9945,train
4864,train
15978,train
5210,train
1527,train
19726,train
3726,train
14719,train
6102,train
2500,train
16847,train
10627,train
9386,train
19957,train
12001,train
5682,train
10600,train
10273,train
5456,train
20344,train
6115,train
9842,train
11412,train
12462,train
1005,train
5353,train
2071,train
133,train
6875,train
3020,train
5477,train
7442,train
15332,train
13244,train
14914,train
15820,train
18806,train
3190,train
9533,train
842,train
18183,train
12713,train
15311,train
5563,train
18055,train
3713,train
6064,train
18085,train
2080,train
17516,train
4666,train
9948,train
3597,train
13302,train
16572,train
3624,train
10119,train
17358,train
10824,train
16934,train
17446,train
17711,train
11702,train
17397,train
15176,train
11709,train
11489,train
161,train
6397,train
13070,train
3903,train
2003,train
4598,train
3995,train
6961,train
13265,train
6867,train
2070,train
435,train
4215,train
20029,train
7163,train
17658,train
17395,train
18180,train
8425,train
16483,train
3490,train
670,train
6153,train
18411,train
122,train
12211,train
7618,train
16304,train
4648,train
8948,train
9554,train
5821,train
13426,train
1480,train
4396,train
9556,train
357,train
5570,train
6396,train
15901,train
7370,train
12687,train
13224,train
17258,train
18117,train
2359,train
13412,train
13561,train
9344,train
16170,train
3684,train
19424,train
5324,train
7499,train
5249,train
10733,train
16632,train
1561,train
5836,train
3994,train
7117,train
10176,train
10784,train
740,train
15423,train
14194,train
2015,train
9523,train
14801,train
8520,train
12837,train
10763,train
4865,train
2097,train
5810,train
12457,train
1816,train
5605,train
17268,train
4562,train
18765,train
7828,train
507,train
16305,train
7679,train
13788,train
16762,train
8181,train
14116,train
4768,train
986,train
5592,train
13229,train
17431,train
15882,train
9627,train
13465,train
20426,train
20203,train
16255,train
2914,train
4575,train
11215,train
10313,train
13251,train
13854,train
8337,train
8461,train
9724,train
2,train
16773,train
3738,train
2874,train
2077,train
16196,train
5410,train
2701,train
4338,train
18121,train
11238,train
6430,train
10959,train
2717,train
4995,train
16580,train
11062,train
3186,train
18764,train
12746,train
14381,train
9465,train
9407,train
10676,train
18601,train
17782,train
15808,train
20309,train
10829,train
1267,train
17469,train
12116,train
12223,train
5266,train
17070,train
9260,train
4027,train
4694,train
19480,train
609,train
17655,train
20281,train
2837,train
13677,train
551,train
8808,train
19060,train
6364,train
4127,train
16350,train
5356,train
10562,train
12981,train
13562,train
11318,train
10935,train
6941,train
1677,train
13812,train
14070,train
13137,train
8135,train
19570,train
11948,train
11725,train
1030,train
14736,train
15371,train
15312,train
5240,train
9962,train
15764,train
19947,train
19612,train
17545,train
8132,train
12320,train
12195,train
19824,train
17392,train
19844,train
4196,train
3054,train
9509,train
15798,train
11713,train
15970,train
15779,train
18724,train
1196,train
11435,train
1001,train
7580,train
14741,train
17059,train
5288,train
13671,train
19094,train
11182,train
3696,train
16093,train
11866,train
5297,train
19688,train
5092,train
2262,train
13358,train
19950,train
20257,train
6753,train
11239,train
4086,train
4732,train
16383,train
19712,train
14546,train
19706,train
12482,train
7992,train
16861,train
9375,train
3077,train
9711,train
12865,train
10255,train
2146,train
6740,train
14509,train
12226,train
6641,train
19230,train
14922,train
18540,train
2470,train
13410,train
3947,train
6903,train
832,train
17662,train
8178,train
17029,train
6200,train
16497,train
7424,train
18387,train
14186,train
4892,train
18276,train
9087,train
18488,train
18305,train
4775,train
18348,train
18219,train
90,train
4074,train
8776,train
2101,train
14598,train
2256,train
3407,train
20429,train
15833,train
1797,train
16624,train
9274,train
975,train
12770,train
458,train
19865,train
9860,train
3457,train
13282,train
16962,train
9709,train
1431,train
3139,train
15667,train
13693,train
4980,train
18837,train
541,train
16436,train
6770,train
8058,train
3315,train
545,train
10376,train
3704,train
5774,train
14793,train
1802,train
16407,train
6077,train
16736,train
5341,train
3303,train
16248,train
7689,train
19100,train
7771,train
15192,train
8837,train
16364,train
3817,train
11142,train
17347,train
19371,train
20397,train
17359,train
8778,train
1793,train
10835,train
14929,train
12532,train
6296,train
9778,train
4749,train
19934,train
20535,train
17100,train
4738,train
12104,train
13174,train
13416,train
17918,train
9571,train
11473,train
8538,train
17556,train
6992,train
18346,train
555,train
12664,train
487,train
16958,train
9755,train
9258,train
1450,train
16627,train
17138,train
8935,train
6697,train
15947,train
1733,train
18433,train
17830,train
6577,train
13737,train
1286,train
12043,train
3943,train
17362,train
10063,train
13776,train
20072,train
7262,train
17295,train
18680,train
19990,train
14857,train
7815,train
14937,train
15566,train
4593,train
6775,train
18304,train
3429,train
18822,train
3572,train
5245,train
2078,train
3344,train
19772,train
9820,train
8722,train
13450,train
3230,train
17339,train
13542,train
4257,train
13624,train
11043,train
2690,train
10301,train
1518,train
10944,train
7374,train
10760,train
5161,train
7392,train
2606,train
8883,train
3739,train
6388,train
3436,train
10709,train
5368,train
16659,train
15020,train
12024,train
14364,train
10145,train
5812,train
14115,train
12873,train
19314,train
10904,train
5535,train
18360,train
9605,train
18587,train
11525,train
12881,train
11419,train
7726,train
3565,train
17297,train
5131,train
3898,train
11310,train
14301,train
4454,train
462,train
18627,train
619,train
15769,train
17735,train
5379,train
17988,train
6352,train
18904,train
9290,train
18872,train
19682,train
15929,train
2852,train
13604,train
16809,train
9265,train
48,train
4693,train
16114,train
19517,train
13948,train
3136,train
13421,train
3121,train
15694,train
7717,train
16382,train
17229,train
8927,train
16135,train
5406,train
8859,train
16227,train
17799,train
2705,train
5652,train
12391,train
3905,train
13761,train
8335,train
879,train
148,train
739,train
11275,train
1026,train
12543,train
12904,train
11726,train
10538,train
6553,train
8269,train
16319,train
11618,train
14204,train
13228,train
4705,train
17288,train
19576,train
5712,train
4662,train
15349,train
18944,train
20398,train
9347,train
16780,train
3911,train
2841,train
8655,train
4826,train
13974,train
20280,train
14318,train
19251,train
16100,train
4813,train
9642,train
19743,train
793,train
5609,train
2228,train
16521,train
4684,train
18396,train
8144,train
19195,train
19557,train
13381,train
7181,train
4232,train
15079,train
11943,train
4197,train
12596,train
15851,train
17973,train
5717,train
8802,train
9895,train
11092,train
15599,train
6979,train
12948,train
6158,train
17650,train
4170,train
2463,train
8619,train
12518,train
14600,train
8028,train
11844,train
17319,train
1505,train
18096,train
18695,train
9371,train
15838,train
16813,train
10853,train
3408,train
10775,train
8466,train
1859,train
14020,train
18060,train
6191,train
11029,train
17274,train
8931,train
19476,train
13713,train
7957,train
8299,train
8432,train
13328,train
15152,train
9297,train
12921,train
13360,train
9789,train
12347,train
20240,train
11112,train
9223,train
4626,train
15213,train
9267,train
3066,train
10332,train
10961,train
6331,train
7621,train
18697,train
20255,train
7361,train
16142,train
15693,train
8300,train
18564,train
16846,train
19306,train
8525,train
477,train
13055,train
3458,train
14247,train
11137,train
19449,train
15860,train
3262,train
16925,train
5172,train
8222,train
4059,train
3685,train
9099,train
8847,train
1258,train
6281,train
17575,train
17856,train
2086,train
217,train
4657,train
9558,train
10095,train
4801,train
9699,train
18808,train
332,train
16189,train
9332,train
1576,train
14871,train
15503,train
20461,train
1054,train
18711,train
13300,train
5076,train
6025,train
9067,train
14617,train
9597,train
4873,train
11470,train
18759,train
2036,train
4656,train
6769,train
6747,train
17574,train
2454,train
9851,train
4065,train
8556,train
20016,train
542,train
1926,train
15926,train
3641,train
19217,train
2900,train
18074,train
7653,train
803,train
19279,train
6839,train
12412,train
19698,train
10105,train
12633,train
2358,train
11111,train
17152,train
20048,train
4814,train
12834,train
9823,train
11719,train
17246,train
19864,train
3774,train
445,train
10316,train
7236,train
6690,train
15011,train
2816,train
3130,train
20053,train
7518,train
7185,train
1291,train
5766,train
10397,train
17833,train
8567,train
19273,train
13777,train
18510,train
11685,train
19121,train
817,train
17186,train
303,train
18204,train
6067,train
20066,train
20380,train
1205,train
3881,train
8738,train
1592,train
9220,train
14968,train
653,train
9544,train
17992,train
16089,train
11981,train
18220,train
19054,train
2664,train
12712,train
3976,train
7231,train
2382,train
6174,train
10476,train
13210,train
15911,train
20190,train
2692,train
11894,train
1948,train
1469,train
16658,train
8444,train
10515,train
8012,train
18746,train
13180,train
17807,train
7790,train
14601,train
15241,train
11242,train
1773,train
18995,train
1132,train
12149,train
10537,train
5639,train
7586,train
8784,train
11398,train
3222,train
14198,train
12917,train
14272,train
5852,train
12071,train
17809,train
13186,train
4929,train
17135,train
7761,train
1339,train
16539,train
16735,train
6036,train
18027,train
5173,train
18010,train
9309,train
867,train
11602,train
12353,train
907,train
16198,train
14674,train
7922,train
116,train
5208,train
20046,train
5396,train
18399,train
20456,train
852,train
13155,train
15988,train
2629,train
10409,train
13650,train
6247,train
15478,train
14362,train
10699,train
7351,train
15339,train
13872,train
15515,train
11740,train
3771,train
12669,train
12429,train
14821,train
7647,train
968,train
16499,train
12267,train
4893,train
2442,train
355,train
3291,train
16932,train
5085,train
18986,train
2127,train
18382,train
14634,train
2466,train
12388,train
20546,train
2633,train
9656,train
18843,train
14845,train
9458,train
15123,train
9694,train
3691,train
1146,train
956,train
9589,train
2828,train
2539,train
8559,train
1241,train
11862,train
4525,train
12542,train
16187,train
4269,train
6258,train
9793,train
15084,train
18630,train
13524,train
4282,train
8887,train
1629,train
12472,train
3268,train
7793,train
1454,train
16740,train
16657,train
9019,train
14748,train
9020,train
7517,train
19971,train
12097,train
13529,train
4366,train
9261,train
18742,train
8127,train
14664,train
13653,train
7955,train
9996,train
9263,train
17796,train
3459,train
10378,train
17065,train
9671,train
7966,train
18038,train
5390,train
13735,train
4456,train
1768,train
8885,train
9077,train
12605,train
9720,train
1150,train
16763,train
14746,train
11604,train
5715,train
617,train
7324,train
7174,train
3251,train
12964,train
16466,train
1075,train
7371,train
7671,train
15452,train
16120,train
6899,train
10818,train
19469,train
16788,train
5556,train
18952,train
3468,train
16296,train
18992,train
7544,train
2716,train
12338,train
3546,train
3692,train
10013,train
15606,train
11162,train
5675,train
7784,train
13110,train
9439,train
15538,train
5571,train
13645,train
5277,train
10639,train
18261,train
20269,train
5270,train
13347,train
16051,train
19486,train
14963,train
20504,train
14056,train
416,train
16209,train
10350,train
4281,train
17586,train
5041,train
9853,train
17765,train
13235,train
18727,train
19420,train
4033,train
8641,train
391,train
19396,train
18966,train
6546,train
11944,train
13047,train
9158,train
2425,train
15715,train
14794,train
3623,train
9013,train
6019,train
1287,train
6626,train
14846,train
634,train
2995,train
16473,train
16047,train
9757,train
4306,train
3907,train
3232,train
13478,train
6412,train
13544,train
372,train
11434,train
17008,train
8925,train
19662,train
15874,train
7411,train
12156,train
8755,train
1927,train
10387,train
20321,train
9906,train
19841,train
9379,train
14608,train
13454,train
3832,train
17064,train
11348,train
4278,train
16985,train
7405,train
17563,train
5896,train
5749,train
215,train
6696,train
12869,train
4039,train
16288,train
19676,train
9202,train
11074,train
7089,train
20181,train
20328,train
7506,train
7762,train
10659,train
19817,train
6859,train
10632,train
4368,train
20035,train
2865,train
4109,train
11591,train
3916,train
20124,train
12650,train
5200,train
20484,train
16482,train
20357,train
5538,train
19602,train
15555,train
7587,train
831,train
4552,train
4633,train
1556,train
15364,train
10727,train
11644,train
9882,train
16679,train
18265,train
10927,train
14996,train
12355,train
7404,train
5220,train
13674,train
1559,train
12681,train
5314,train
6292,train
14812,train
14779,train
18716,train
10718,train
13603,train
4541,train
18553,train
8828,train
8872,train
7141,train
1963,train
15904,train
18591,train
1795,train
16717,train
19687,train
19130,train
17901,train
10333,train
6699,train
4643,train
802,train
13704,train
17412,train
16662,train
15419,train
3052,train
11768,train
9748,train
8195,train
8495,train
9049,train
2285,train
13834,train
11937,train
13258,train
11885,train
3381,train
5211,train
5637,train
12390,train
18470,train
18011,train
7035,train
2718,train
15077,train
11430,train
7639,train
1501,train
13709,train
9322,train
11249,train
11993,train
16843,train
877,train
13597,train
18923,train
19007,train
7550,train
16983,train
12032,train
19156,train
8236,train
4901,train
5549,train
1187,train
17665,train
10857,train
5165,train
9517,train
19751,train
18478,train
9752,train
8341,train
8959,train
2001,train
1089,train
12863,train
15881,train
11741,train
6144,train
17503,train
12420,train
5243,train
9499,train
10873,train
4530,train
9827,train
12016,train
17486,train
6227,train
13220,train
2832,train
17181,train
3813,train
69,train
11932,train
16392,train
7987,train
1667,train
1091,train
9961,train
1194,train
17026,train
19637,train
7079,train
14507,train
6219,train
4843,train
13652,train
6132,train
2014,train
7382,train
1354,train
20058,train
9818,train
15386,train
1497,train
2996,train
9723,train
7223,train
1125,train
18422,train
16495,train
11401,train
16579,train
7776,train
212,train
11484,train
19849,train
11280,train
8045,train
4026,train
4141,train
3674,train
19541,train
20387,train
18248,train
8416,train
19051,train
14138,train
11414,train
9471,train
3449,train
2206,train
17043,train
11663,train
12004,train
7600,train
15158,train
5524,train
15042,train
4885,train
17050,train
15545,train
10633,train
16959,train
13821,train
102,train
15695,train
10569,train
14133,train
7178,train
15804,train
2238,train
16936,train
13634,train
16453,train
16581,train
976,train
752,train
16183,train
3718,train
12642,train
14727,train
3533,train
9751,train
20186,train
10941,train
10955,train
7864,train
313,train
3721,train
13463,train
1568,train
13532,train
3747,train
1916,train
8637,train
973,train
9275,train
17105,train
4706,train
5670,train
8767,train
4617,train
11267,train
19502,train
5147,train
11114,train
2450,train
3890,train
19340,train
1854,train
13496,train
10322,train
8588,train
14149,train
16674,train
8319,train
13881,train
12926,train
10435,train
17812,train
4858,train
2940,train
6466,train
411,train
2104,train
7352,train
18091,train
10770,train
5345,train
18283,train
15172,train
10320,train
7387,train
7175,train
9159,train
6056,train
18545,train
7355,train
20350,train
8862,train
3483,train
13403,train
13755,train
5658,train
13378,train
1387,train
14394,train
12815,train
19528,train
8283,train
2610,train
3992,train
9061,train
3080,train
2478,train
4991,train
14405,train
8218,train
7486,train
11896,train
3338,train
12048,train
10257,train
20026,train
11969,train
10072,train
12513,train
14392,train
7085,train
11643,train
4615,train
1403,train
12231,train
2544,train
16429,train
11033,train
9885,train
7357,train
8121,train
17959,train
662,train
1195,train
20211,train
15870,train
19059,train
2788,train
5884,train
17708,train
500,train
20349,train
12931,train
2654,train
2532,train
1162,train
11451,train
9704,train
10570,train
18175,train
3509,train
4658,train
17791,train
20359,train
12535,train
4686,train
5122,train
16045,train
12944,train
1028,train
14715,train
15365,train
18029,train
12304,train
10903,train
6274,train
7975,train
3169,train
2243,train
5179,train
8974,train
8431,train
4936,train
14308,train
9682,train
8693,train
5583,train
8652,train
1023,train
648,train
11613,train
13230,train
5124,train
4407,train
17957,train
7599,train
3064,train
2431,train
9063,train
4474,train
16133,train
13017,train
17522,train
6914,train
4213,train
6584,train
47,train
11440,train
1620,train
10443,train
20333,train
17941,train
19013,train
4012,train
6680,train
8696,train
4764,train
8433,train
16998,train
7663,train
8208,train
15997,train
4206,train
6544,train
18278,train
3917,train
9460,train
13989,train
17804,train
17566,train
5973,train
19361,train
15355,train
15976,train
4939,train
3707,train
5119,train
19604,train
10494,train
9753,train
5197,train
10230,train
6385,train
4573,train
13795,train
5166,train
4402,train
4949,train
12833,train
16335,train
7494,train
12521,train
15485,train
2354,train
15668,train
19720,train
15285,train
9017,train
8596,train
13056,train
15981,train
4057,train
8522,train
3979,train
14447,train
10996,train
17067,train
20137,train
18518,train
8729,train
17098,train
18687,train
17920,train
13609,train
4787,train
10565,train
20196,train
6207,train
16159,train
2917,train
1796,train
8020,train
9188,train
5954,train
15549,train
4323,train
13972,train
7881,train
5055,train
14231,train
14171,train
7068,train
13918,train
5786,train
9406,train
6846,train
9245,train
15489,train
11920,train
8048,train
7575,train
9631,train
12494,train
20448,train
5049,train
10737,train
15742,train
6521,train
7280,train
16079,train
10701,train
14136,train
12268,train
16555,train
5016,train
15522,train
18917,train
2413,train
833,train
2963,train
5877,train
1133,train
15142,train
17132,train
9904,train
14389,train
606,train
4503,train
17236,train
17524,train
16825,train
12767,train
582,train
19395,train
9630,train
7559,train
4144,train
5394,train
15492,train
15846,train
16972,train
13920,train
14412,train
4218,train
742,train
7024,train
12316,train
622,train
14882,train
498,train
15641,train
819,train
6031,train
20205,train
7672,train
15937,train
3708,train
2511,train
13780,train
18542,train
5431,train
4485,train
11820,train
2846,train
811,train
11389,train
6269,train
13497,train
6483,train
5685,train
9152,train
13949,train
12288,train
15155,train
18664,train
420,train
1611,train
6850,train
19111,train
1776,train
16293,train
17270,train
7773,train
9725,train
18609,train
12227,train
2976,train
3932,train
14983,train
13734,train
6675,train
4135,train
3693,train
4730,train
962,train
12546,train
6970,train
10389,train
7224,train
17007,train
2567,train
1860,train
18451,train
14048,train
10421,train
11648,train
12565,train
15828,train
11377,train
7348,train
5271,train
1524,train
16311,train
1441,train
12994,train
2676,train
18738,train
1294,train
18064,train
1610,train
11264,train
14618,train
19839,train
9335,train
7154,train
1789,train
12660,train
17231,train
2439,train
6494,train
6411,train
18515,train
7345,train
13240,train
8727,train
8613,train
7112,train
72,train
2194,train
17609,train
20242,train
15999,train
7521,train
15501,train
939,train
13928,train
20294,train
6376,train
1183,train
9791,train
17641,train
18496,train
5829,train
3616,train
12693,train
12168,train
2183,train
385,train
230,train
3455,train
642,train
10950,train
13680,train
2885,train
1464,train
1715,train
6620,train
9484,train
5959,train
10867,train
12215,train
13762,train
2506,train
12905,train
9526,train
3526,train
4844,train
2085,train
17401,train
2456,train
1437,train
16653,train
652,train
9959,train
13985,train
4231,train
18235,train
2004,train
990,train
15682,train
5845,train
5318,train
6542,train
11814,train
11839,train
10567,train
13183,train
16366,train
2730,train
13170,train
20419,train
15964,train
1617,train
16046,train
2587,train
13191,train
16911,train
6022,train
14855,train
8829,train
3294,train
16013,train
1348,train
851,train
9940,train
17931,train
17175,train
11436,train
17600,train
11094,train
19284,train
1181,train
13646,train
8577,train
2638,train
9710,train
16915,train
7886,train
699,train
4004,train
3471,train
14316,train
16394,train
5489,train
16547,train
1884,train
5840,train
20375,train
14410,train
16910,train
6426,train
2826,train
8788,train
7560,train
6486,train
5533,train
3153,train
17721,train
9596,train
12474,train
8481,train
16849,train
20533,train
13399,train
12559,train
16066,train
7437,train
15738,train
384,train
12150,train
5902,train
2416,train
7981,train
6002,train
18186,train
14463,train
17929,train
7897,train
1055,train
16898,train
7557,train
5346,train
7286,train
8748,train
5078,train
11889,train
8860,train
11664,train
17989,train
19141,train
17301,train
4391,train
16745,train
12368,train
7765,train
9501,train
1844,train
16418,train
13728,train
19041,train
3472,train
17616,train
15871,train
13206,train
16644,train
9830,train
10583,train
7226,train
14118,train
1084,train
5934,train
18352,train
2695,train
18508,train
17481,train
8950,train
19808,train
8779,train
16937,train
2482,train
6672,train
15118,train
16139,train
17990,train
5366,train
19750,train
7728,train
2854,train
580,train
15215,train
10164,train
7319,train
12594,train
15164,train
16432,train
18489,train
6340,train
2170,train
1138,train
16359,train
11665,train
13547,train
4448,train
14213,train
12207,train
9086,train
17758,train
1962,train
17084,train
19309,train
16269,train
5306,train
18319,train
9022,train
2182,train
14676,train
8457,train
14531,train
1784,train
14384,train
8005,train
5514,train
7632,train
12974,train
8340,train
20042,train
13540,train
3607,train
5655,train
8735,train
14595,train
19024,train
14321,train
15037,train
407,train
8673,train
16003,train
12880,train
11254,train
6519,train
6062,train
1180,train
13086,train
18509,train
6930,train
10789,train
18827,train
9119,train
19222,train
12005,train
20095,train
16550,train
9178,train
9288,train
18774,train
18341,train
7108,train
16755,train
17187,train
3228,train
9863,train
2212,train
3255,train
10330,train
15735,train
4948,train
15095,train
11296,train
2722,train
10268,train
16057,train
43,train
6251,train
19878,train
246,train
12028,train
16299,train
20014,train
5254,train
7294,train
5507,train
16463,train
7314,train
15908,train
14142,train
2871,train
10108,train
9268,train
2303,train
17337,train
2892,train
12544,train
8947,train
7787,train
11651,train
17408,train
7098,train
12196,train
2821,train
4816,train
19305,train
18138,train
17926,train
8292,train
10839,train
18014,train
20144,train
2312,train
4981,train
7770,train
10911,train
11530,train
7608,train
15933,train
5023,train
11341,train
19505,train
14241,train
14273,train
19928,train
3952,train
11085,train
2394,train
19407,train
18590,train
1754,train
12895,train
19357,train
15687,train
18493,train
14109,train
5018,train
5445,train
19441,train
16214,train
1888,train
9225,train
20402,train
10237,train
14790,train
4628,train
17037,train
9847,train
10986,train
3089,train
5371,train
14732,train
5163,train
19479,train
14778,train
7323,train
11041,train
6679,train
8230,train
2048,train
14874,train
8653,train
10442,train
17908,train
2202,train
8962,train
13961,train
19773,train
1421,train
214,train
14517,train
1070,train
9662,train
13253,train
7868,train
11213,train
14605,train
1899,train
10140,train
3256,train
14094,train
114,train
7997,train
13002,train
12571,train
14393,train
17746,train
2897,train
8897,train
8202,train
8546,train
4570,train
16361,train
8910,train
1462,train
10157,train
12130,train
3242,train
2166,train
12134,train
9391,train
9292,train
10942,train
14534,train
9065,train
19575,train
3270,train
19312,train
12035,train
17921,train
13486,train
5352,train
8076,train
20043,train
4311,train
14280,train
7530,train
12646,train
19330,train
17896,train
2448,train
2033,train
7289,train
8869,train
6738,train
15879,train
11927,train
5926,train
18128,train
1686,train
12160,train
19196,train
14570,train
4701,train
19268,train
15309,train
8971,train
20270,train
1094,train
19379,train
16082,train
5730,train
11320,train
1262,train
20013,train
1264,train
7145,train
13506,train
6059,train
8650,train
10730,train
11019,train
13601,train
19959,train
7789,train
5178,train
12282,train
13716,train
17147,train
1609,train
11887,train
11596,train
1249,train
19652,train
3656,train
19027,train
17733,train
18395,train
5923,train
16438,train
8338,train
8503,train
6273,train
1317,train
11677,train
5632,train
9088,train
4201,train
17707,train
724,train
19562,train
7197,train
3328,train
19601,train
18657,train
6489,train
19265,train
3002,train
9837,train
4466,train
4849,train
1674,train
16564,train
14978,train
11550,train
8427,train
18851,train
8617,train
14201,train
12003,train
12811,train
13471,train
20069,train
7443,train
14737,train
17374,train
16913,train
13909,train
11976,train
12672,train
4772,train
11272,train
18020,train
5803,train
20455,train
13729,train
8111,train
18198,train
20324,train
2129,train
10109,train
13188,train
9707,train
19174,train
3756,train
4131,train
15081,train
14493,train
7804,train
603,train
464,train
17253,train
8101,train
14840,train
6676,train
6583,train
11218,train
1841,train
17491,train
9619,train
8168,train
16421,train
13829,train
14770,train
19021,train
13194,train
15790,train
6562,train
63,train
20238,train
19536,train
10516,train
9120,train
10102,train
8084,train
12820,train
19768,train
5491,train
12586,train
1832,train
8414,train
15184,train
16494,train
5194,train
1953,train
13712,train
16914,train
20078,train
14753,train
4735,train
10629,train
1435,train
16372,train
9151,train
7643,train
20004,train
19603,train
14128,train
10191,train
5339,train
15086,train
19981,train
10752,train
4667,train
17238,train
12321,train
15898,train
1179,train
13870,train
1484,train
4193,train
6783,train
18975,train
3891,train
4290,train
7140,train
9817,train
5554,train
7722,train
6303,train
2857,train
2787,train
7534,train
7322,train
6722,train
16528,train
18126,train
3851,train
3578,train
11558,train
3825,train
5598,train
13423,train
10383,train
1440,train
12861,train
5525,train
15588,train
10457,train
3308,train
12112,train
4344,train
1940,train
16105,train
20476,train
423,train
5056,train
9346,train
5919,train
3515,train
5572,train
17855,train
3014,train
15847,train
11122,train
12855,train
1408,train
19759,train
4910,train
10418,train
1425,train
9651,train
15577,train
10711,train
16931,train
9645,train
20099,train
16488,train
945,train
18412,train
2133,train
7986,train
4857,train
6246,train
17315,train
1965,train
13051,train
2424,train
10836,train
10898,train
3633,train
17063,train
898,train
9096,train
17938,train
784,train
6606,train
17529,train
1988,train
6295,train
3406,train
17636,train
7942,train
12363,train
18903,train
20263,train
19906,train
4763,train
2261,train
13733,train
10183,train
7532,train
15628,train
17292,train
14908,train
18119,train
17596,train
11228,train
3645,train
6472,train
19955,train
8550,train
17546,train
18824,train
2527,train
19126,train
19799,train
11049,train
11655,train
4363,train
1309,train
12292,train
9417,train
5578,train
13342,train
19061,train
12626,train
19524,train
1269,train
7173,train
10862,train
794,train
18682,train
5268,train
14802,train
13781,train
8049,train
12668,train
5689,train
2597,train
12053,train
7362,train
14806,train
9111,train
12530,train
15899,train
19609,train
9055,train
13241,train
6758,train
4659,train
17165,train
14146,train
9669,train
14148,train
17554,train
9229,train
11477,train
17239,train
8914,train
15680,train
18652,train
6131,train
18571,train
15453,train
4167,train
6155,train
14413,train
14200,train
15389,train
5915,train
20256,train
6448,train
515,train
6865,train
12006,train
4647,train
18072,train
8081,train
12377,train
14216,train
17066,train
20162,train
14057,train
8211,train
4101,train
15586,train
19335,train
10390,train
11423,train
17404,train
8295,train
10290,train
5993,train
16078,train
2547,train
11204,train
243,train
376,train
14684,train
8252,train
17823,train
7151,train
14973,train
17972,train
18819,train
7812,train
16791,train
4190,train
14324,train
1025,train
3982,train
16837,train
14038,train
9100,train
13585,train
8526,train
13818,train
19859,train
3654,train
5529,train
16083,train
3398,train
5303,train
4717,train
13933,train
10746,train
1511,train
19048,train
15218,train
3100,train
4308,train
6125,train
11219,train
788,train
5635,train
13727,train
3341,train
6168,train
4511,train
8390,train
2839,train
1909,train
8586,train
12684,train
9542,train
5761,train
11840,train
4362,train
8796,train
15188,train
2139,train
5630,train
1757,train
5357,train
163,train
13339,train
16778,train
5333,train
1227,train
12143,train
8916,train
8905,train
5951,train
20077,train
17159,train
12210,train
1239,train
18217,train
18173,train
12136,train
13073,train
11388,train
16318,train
16215,train
15569,train
10003,train
10832,train
14921,train
17437,train
18574,train
12836,train
5875,train
10814,train
9599,train
268,train
8426,train
14889,train
14191,train
10767,train
4250,train
17393,train
12253,train
10541,train
7767,train
18955,train
11462,train
13484,train
16490,train
2574,train
2069,train
15162,train
17737,train
10552,train
11593,train
3460,train
16552,train
13099,train
8541,train
2936,train
12517,train
9786,train
17726,train
1320,train
4742,train
8801,train
3454,train
1605,train
18065,train
15405,train
10539,train
182,train
17459,train
7750,train
7033,train
4767,train
18814,train
18868,train
3595,train
18556,train
12406,train
550,train
11626,train
14720,train
6110,train
16002,train
1289,train
11519,train
20453,train
10858,train
5939,train
5426,train
16816,train
12490,train
2068,train
12117,train
11720,train
14223,train
6821,train
3627,train
789,train
6807,train
15010,train
8843,train
6318,train
17457,train
8343,train
16968,train
10817,train
12988,train
1494,train
1044,train
16161,train
13290,train
3123,train
15357,train
763,train
4,train
16012,train
1218,train
7830,train
9318,train
4680,train
7260,train
3711,train
10921,train
2336,train
5604,train
10696,train
3706,train
11005,train
7588,train
13689,train
2521,train
19855,train
7500,train
2561,train
18388,train
4248,train
18846,train
4078,train
17925,train
9271,train
1009,train
12172,train
14224,train
15411,train
10292,train
16883,train
9991,train
2446,train
16549,train
8838,train
19811,train
1834,train
4043,train
12121,train
19669,train
5113,train
3661,train
3712,train
3239,train
10315,train
15844,train
5806,train
373,train
722,train
11390,train
9411,train
8307,train
10067,train
4331,train
17982,train
594,train
2144,train
8878,train
19234,train
19023,train
8001,train
3015,train
6604,train
10198,train
1351,train
6537,train
9394,train
7070,train
6242,train
9963,train
3545,train
3779,train
10951,train
11699,train
16955,train
5046,train
3200,train
6585,train
2959,train
14928,train
5273,train
14686,train
13153,train
18768,train
12337,train
17996,train
4519,train
13263,train
15663,train
11809,train
1353,train
14108,train
11511,train
9121,train
8758,train
2495,train
8610,train
15469,train
11837,train
1035,train
14755,train
13345,train
4118,train
6177,train
2295,train
7585,train
1168,train
1678,train
7851,train
16061,train
7337,train
18202,train
10007,train
3030,train
5087,train
16924,train
17168,train
5259,train
6742,train
19809,train
18077,train
17133,train
14356,train
18050,train
3962,train
3233,train
17950,train
12946,train
6377,train
17245,train
4753,train
7570,train
1842,train
16790,train
2083,train
10159,train
15982,train
17504,train
20123,train
4226,train
5466,train
16739,train
8511,train
4518,train
9661,train
15049,train
16855,train
18222,train
20198,train
2196,train
20033,train
11118,train
451,train
12187,train
17243,train
3611,train
1746,train
8183,train
20447,train
14819,train
2164,train
3280,train
9453,train
3805,train
3022,train
903,train
9551,train
1770,train
3252,train
16836,train
20283,train
9548,train
10493,train
8899,train
16545,train
6055,train
1585,train
3652,train
19132,train
6189,train
7065,train
15934,train
17095,train
17745,train
13521,train
8581,train
503,train
13336,train
10260,train
2572,train
3836,train
20532,train
14289,train
4543,train
9680,train
5159,train
10821,train
16470,train
5716,train
15784,train
10992,train
4239,train
11148,train
17506,train
15547,train
1248,train
8017,train
16054,train
14061,train
4622,train
8289,train
16820,train
17810,train
10844,train
5540,train
6851,train
5941,train
17899,train
10626,train
11987,train
18783,train
12723,train
6916,train
10645,train
1118,train
12699,train
835,train
14033,train
16957,train
9603,train
16206,train
4526,train
14615,train
1360,train
9807,train
12677,train
5613,train
10708,train
20315,train
5728,train
2733,train
7859,train
11492,train
14596,train
12280,train
12199,train
328,train
1565,train
4559,train
1459,train
6844,train
10566,train
18547,train
9129,train
4353,train
12721,train
5664,train
19648,train
15362,train
5791,train
12545,train
2815,train
7896,train
5150,train
5421,train
18381,train
12595,train
12217,train
4112,train
16987,train
19473,train
13037,train
13613,train
4549,train
11853,train
798,train
342,train
8090,train
4561,train
587,train
2538,train
8268,train
4124,train
3352,train
15127,train
11298,train
7834,train
6239,train
10652,train
19887,train
18594,train
16514,train
16610,train
12372,train
20160,train
18296,train
13973,train
13855,train
1545,train
17749,train
7629,train
15477,train
5483,train
8462,train
8082,train
12310,train
18688,train
9296,train
3426,train
2373,train
11119,train
3988,train
1206,train
10529,train
2211,train
6522,train
19945,train
18295,train
16064,train
4917,train
5517,train
4818,train
6039,train
6089,train
9832,train
16874,train
8733,train
5631,train
10957,train
12180,train
17177,train
13238,train
10871,train
11127,train
2856,train
8241,train
3590,train
8705,train
18867,train
17413,train
14427,train
2553,train
18717,train
16737,train
11717,train
7018,train
18254,train
6109,train
260,train
11143,train
15681,train
15744,train
20063,train
11230,train
9606,train
5693,train
687,train
12950,train
19509,train
9125,train
17997,train
10180,train
2151,train
12851,train
7841,train
14496,train
7682,train
8658,train
8874,train
5275,train
19183,train
2673,train
7240,train
1632,train
757,train
13291,train
8280,train
13438,train
12711,train
8768,train
7806,train
14603,train
11276,train
2518,train
6818,train
14621,train
9560,train
6565,train
15140,train
5718,train
14701,train
17678,train
18078,train
10673,train
518,train
2443,train
5686,train
2843,train
17380,train
3765,train
9689,train
6095,train
1178,train
4663,train
10236,train
15435,train
211,train
19318,train
5696,train
4491,train
3792,train
4780,train
6480,train
1233,train
9988,train
9157,train
1402,train
10765,train
4287,train
17442,train
11153,train
4085,train
19352,train
8539,train
485,train
17528,train
8678,train
18446,train
17429,train
19409,train
14,train
1374,train
5527,train
11838,train
19001,train
12757,train
5882,train
12045,train
16265,train
8790,train
4501,train
14044,train
7489,train
4208,train
5071,train
12469,train
4243,train
921,train
19660,train
3410,train
17621,train
11748,train
10551,train
10636,train
16833,train
5175,train
2176,train
5311,train
13861,train
17109,train
18908,train
16527,train
5027,train
15482,train
7102,train
16889,train
4899,train
2791,train
13720,train
1228,train
12625,train
14062,train
15301,train
5621,train
10427,train
13914,train
3147,train
11410,train
559,train
19651,train
4721,train
19763,train
2468,train
7953,train
15390,train
7428,train
6517,train
1919,train
10876,train
13160,train
2414,train
1737,train
2994,train
19546,train
4803,train
14898,train
14717,train
3128,train
2639,train
6048,train
7675,train
961,train
16044,train
15112,train
7989,train
12945,train
19553,train
7095,train
9132,train
6475,train
11603,train
13338,train
8783,train
5423,train
7429,train
10294,train
5804,train
7495,train
15811,train
19653,train
254,train
1823,train
15421,train
19463,train
19872,train
15553,train
4274,train
9984,train
2271,train
1474,train
14101,train
11109,train
17092,train
11878,train
20027,train
12958,train
2433,train
17551,train
19584,train
19053,train
19711,train
12915,train
10058,train
11225,train
18792,train
6942,train
16165,train
4587,train
8249,train
15091,train
2640,train
11110,train
12319,train
9869,train
14884,train
12367,train
3899,train
7257,train
1422,train
16709,train
1713,train
19116,train
9167,train
1231,train
10304,train
4313,train
12340,train
15430,train
10423,train
12418,train
19446,train
19884,train
1367,train
298,train
17047,train
7925,train
14408,train
8990,train
4032,train
3320,train
4319,train
18893,train
5125,train
6755,train
15640,train
7299,train
4214,train
18018,train
3942,train
6967,train
2513,train
12802,train
9351,train
17588,train
17783,train
3173,train
12201,train
15211,train
7465,train
15719,train
16940,train
3332,train
6547,train
9011,train
9521,train
9559,train
4585,train
8190,train
1104,train
5636,train
15415,train
4178,train
19203,train
904,train
11825,train
9802,train
5434,train
8317,train
4977,train
16434,train
4420,train
2750,train
5229,train
19854,train
3841,train
13473,train
10194,train
17107,train
8038,train
13022,train
17353,train
12635,train
19320,train
2725,train
1253,train
9090,train
14487,train
19867,train
7939,train
13313,train
18133,train
17485,train
14592,train
7707,train
20088,train
14491,train
8797,train
6995,train
10469,train
2351,train
1349,train
10603,train
10977,train
3594,train
1345,train
8492,train
15623,train
18913,train
12174,train
17653,train
20116,train
7109,train
18435,train
2600,train
3113,train
12638,train
12000,train
12477,train
5250,train
18967,train
4539,train
20273,train
19925,train
1567,train
1100,train
11983,train
4095,train
2782,train
10918,train
3389,train
11211,train
8804,train
13887,train
17909,train
18425,train
19556,train
19466,train
17817,train
3972,train
9135,train
3784,train
11771,train
19561,train
8742,train
9392,train
285,train
10408,train
10591,train
10968,train
15563,train
16124,train
6016,train
2051,train
13742,train
1066,train
11745,train
20185,train
9304,train
19700,train
19122,train
11335,train
7569,train
16558,train
4963,train
4870,train
748,train
11303,train
19982,train
18865,train
7693,train
2177,train
1670,train
8348,train
14945,train
6344,train
7490,train
18450,train
18023,train
11746,train
11138,train
16900,train
18383,train
13539,train
20408,train
1917,train
18134,train
2350,train
17902,train
5141,train
6014,train
17739,train
12273,train
12151,train
6290,train
7266,train
16006,train
13738,train
1395,train
10238,train
10802,train
14936,train
6862,train
3882,train
11360,train
19659,train
18253,train
18464,train
9283,train
14817,train
11141,train
15420,train
13187,train
1807,train
19115,train
16960,train
19758,train
16729,train
16802,train
14453,train
17916,train
9246,train
421,train
12623,train
15660,train
2046,train
1096,train
10930,train
9164,train
11906,train
17928,train
11212,train
12659,train
317,train
4017,train
8288,train
2903,train
16970,train
10797,train
13433,train
17553,train
3083,train
19123,train
7468,train
8443,train
13350,train
16363,train
16123,train
5986,train
18586,train
777,train
10790,train
299,train
19128,train
17264,train
54,train
18205,train
14555,train
3922,train
13774,train
1714,train
15799,train
17770,train
14184,train
429,train
18544,train
14310,train
37,train
17117,train
995,train
2820,train
8122,train
17237,train
6788,train
4438,train
59,train
14110,train
12464,train
14912,train
6422,train
8210,train
20482,train
782,train
4500,train
5094,train
17328,train
4926,train
15320,train
18793,train
8826,train
12932,train
14516,train
15197,train
5547,train
19935,train
16989,train
7379,train
11323,train
19689,train
19902,train
16622,train
14623,train
16721,train
2845,train
12611,train
5567,train
14967,train
9369,train
8554,train
18284,train
19078,train
14972,train
9192,train
17611,train
16450,train
175,train
5232,train
8929,train
10035,train
6940,train
4184,train
5690,train
1164,train
10721,train
4289,train
15078,train
2851,train
5317,train
3391,train
14547,train
8089,train
5515,train
10163,train
18838,train
11845,train
3862,train
5196,train
12344,train
4971,train
7973,train
19931,train
19621,train
16952,train
1981,train
7579,train
9396,train
16702,train
5776,train
18670,train
10478,train
15298,train
6767,train
18791,train
6114,train
775,train
12056,train
7217,train
4883,train
13690,train
18929,train
1461,train
9409,train
19443,train
18182,train
2096,train
6462,train
13298,train
5132,train
9435,train
16870,train
5222,train
6891,train
210,train
8203,train
8306,train
6383,train
7524,train
4994,train
17103,train
4688,train
10922,train
4018,train
10691,train
900,train
19555,train
18238,train
18040,train
8896,train
17216,train
19022,train
12049,train
7473,train
3009,train
20499,train
14045,train
1992,train
1456,train
10731,train
12147,train
20354,train
11155,train
10165,train
3106,train
9740,train
14400,train
15733,train
20322,train
8459,train
12126,train
1192,train
6058,train
570,train
19043,train
1065,train
13363,train
16300,train
10138,train
11077,train
13527,train
4335,train
5265,train
7239,train
4978,train
14533,train
4746,train
711,train
17302,train
8440,train
2264,train
11349,train
10943,train
1699,train
17968,train
1651,train
5203,train
17124,train
997,train
3760,train
4708,train
2877,train
15413,train
19444,train
309,train
19052,train
19171,train
2368,train
9021,train
862,train
20438,train
13195,train
1263,train
15781,train
943,train
14724,train
3709,train
6708,train
14469,train
12919,train
19481,train
16210,train
18026,train
2343,train
12590,train
9886,train
17956,train
13982,train
15629,train
7542,train
4440,train
2054,train
14878,train
16216,train
15525,train
15915,train
7777,train
19905,train
16560,train
8902,train
16367,train
14697,train
2516,train
4855,train
13068,train
8368,train
15540,train
3895,train
11790,train
8207,train
1727,train
16611,train
11942,train
7030,train
9520,train
15956,train
2802,train
6458,train
1386,train
1696,train
7452,train
1242,train
18945,train
7255,train
1575,train
10630,train
14700,train
16284,train
10410,train
158,train
19091,train
15117,train
18804,train
11764,train
16929,train
15099,train
1987,train
15686,train
12890,train
11680,train
15248,train
7448,train
1191,train
18277,train
13042,train
4298,train
17568,train
19096,train
6569,train
19358,train
6573,train
3196,train
11757,train
9214,train
19900,train
6498,train
14999,train
759,train
10660,train
3941,train
11319,train
11363,train
4305,train
2668,train
10812,train
7339,train
9950,train
5393,train
3082,train
17330,train
5824,train
1174,train
3716,train
19221,train
5267,train
10339,train
51,train
20452,train
8360,train
6905,train
9862,train
3216,train
12738,train
13462,train
16677,train
16857,train
11168,train
19288,train
5264,train
16406,train
10557,train
11441,train
14986,train
4424,train
2320,train
12030,train
17861,train
7026,train
19635,train
8154,train
350,train
16223,train
8173,train
14647,train
12896,train
15443,train
14488,train
5710,train
3150,train
19639,train
9024,train
14344,train
14781,train
17847,train
12059,train
16295,train
2872,train
7228,train
16536,train
9977,train
7347,train
12447,train
17549,train
8997,train
4330,train
19269,train
20485,train
20428,train
49,train
18665,train
3740,train
19025,train
3811,train
7514,train
17570,train
14951,train
5978,train
13724,train
17169,train
3364,train
14325,train
1997,train
1606,train
12479,train
7902,train
3608,train
583,train
3983,train
4823,train
996,train
5847,train
2978,train
16241,train
20416,train
368,train
15465,train
15878,train
6730,train
9912,train
12086,train
12423,train
2503,train
17196,train
16140,train
6185,train
19087,train
9867,train
6752,train
3137,train
8315,train
12255,train
10436,train
15649,train
20169,train
18974,train
1083,train
17729,train
7328,train
56,train
20464,train
19924,train
4236,train
14023,train
7407,train
7229,train
17827,train
316,train
2580,train
16309,train
19235,train
4104,train
19215,train
3714,train
19067,train
11176,train
10492,train
9636,train
8725,train
676,train
635,train
14036,train
13380,train
18392,train
10075,train
7113,train
19168,train
9880,train
18852,train
1799,train
2979,train
7890,train
13594,train
3923,train
5863,train
12070,train
12361,train
9813,train
2609,train
18061,train
4584,train
2537,train
4714,train
4351,train
18800,train
1540,train
6349,train
224,train
4332,train
8965,train
7157,train
7785,train
7019,train
1534,train
10218,train
444,train
8592,train
19429,train
11250,train
370,train
10578,train
9625,train
13910,train
16711,train
8558,train
14314,train
1236,train
14457,train
15111,train
18853,train
3585,train
10445,train
12047,train
14924,train
20147,train
9575,train
11695,train
6012,train
7450,train
14519,train
13698,train
17966,train
6656,train
3822,train
19868,train
15513,train
933,train
4048,train
16750,train
9183,train
7931,train
4739,train
12598,train
1672,train
19260,train
6416,train
14383,train
7415,train
13152,train
16262,train
19164,train
12553,train
12698,train
3452,train
3162,train
18888,train
17161,train
6536,train
16714,train
9462,train
17666,train
5418,train
2723,train
14311,train
16713,train
16035,train
17717,train
5654,train
18263,train
12221,train
20158,train
3060,train
15900,train
2367,train
14782,train
18988,train
19296,train
3858,train
17483,train
13355,train
3120,train
5335,train
13526,train
15082,train
6289,train
15602,train
4349,train
18083,train
3669,train
2569,train
19816,train
20062,train
12924,train
6809,train
17587,train
20400,train
2855,train
13977,train
5185,train
11030,train
2630,train
12812,train
45,train
4383,train
3755,train
8514,train
15662,train
10184,train
15968,train
9085,train
10214,train
12091,train
5292,train
6622,train
19179,train
2507,train
1986,train
16530,train
4253,train
1586,train
20462,train
12695,train
11831,train
6645,train
2858,train
12867,train
4494,train
13906,train
19248,train
5034,train
8645,train
1599,train
16563,train
16371,train
19421,train
2636,train
4120,train
1214,train
13063,train
11350,train
3062,train
11895,train
709,train
13559,train
4741,train
6320,train
17976,train
12733,train
20405,train
18221,train
20258,train
17191,train
705,train
5493,train
1863,train
5545,train
13161,train
11823,train
11767,train
17040,train
17649,train
2116,train
1594,train
3748,train
7454,train
15294,train
19926,train
18405,train
15251,train
18905,train
18310,train
593,train
19031,train
2967,train
7914,train
2419,train
12706,train
6425,train
18225,train
10169,train
2155,train
5269,train
8318,train
1741,train
18151,train
1593,train
9777,train
15945,train
628,train
19737,train
18592,train
16716,train
4445,train
3175,train
10810,train
5713,train
3640,train
7967,train
5539,train
15358,train
701,train
18550,train
13964,train
4416,train
14411,train
9743,train
1580,train
18940,train
4484,train
3620,train
14521,train
16534,train
17681,train
3812,train
306,train
3570,train
11345,train
7655,train
2191,train
3631,train
12298,train
19892,train
14994,train
10170,train
11776,train
4108,train
10574,train
9477,train
19131,train
19762,train
19692,train
8086,train
13806,train
16205,train
1071,train
13356,train
19608,train
11257,train
6143,train
13967,train
17069,train
11611,train
7001,train
18166,train
11968,train
4884,train
15817,train
13178,train
12378,train
13877,train
14688,train
17003,train
17723,train
481,train
20412,train
9153,train
8666,train
5340,train
16551,train
16242,train
2797,train
13792,train
18513,train
2736,train
16759,train
16732,train
16225,train
9907,train
9579,train
3405,train
20222,train
4384,train
3274,train
7265,train
11463,train
12978,train
9404,train
639,train
19250,train
18110,train
9609,train
13216,train
13320,train
7077,train
3271,train
9736,train
2727,train
1010,train
13436,train
712,train
3991,train
7259,train
12386,train
16258,train
1645,train
11999,train
9,train
5844,train
6209,train
20146,train
12159,train
693,train
1432,train
13371,train
2362,train
14052,train
2229,train
14180,train
1533,train
2738,train
12808,train
13168,train
969,train
20530,train
19437,train
1792,train
5999,train
9613,train
810,train
16263,train
16731,train
11637,train
863,train
15353,train
2418,train
15006,train
6214,train
14763,train
10564,train
6824,train
18530,train
8074,train
19492,train
8344,train
14989,train
557,train
9215,train
6413,train
1947,train
5325,train
15568,train
11456,train
12694,train
11409,train
3727,train
2850,train
15333,train
427,train
17736,train
1984,train
9620,train
18076,train
12722,train
17167,train
13763,train
12619,train
15571,train
3830,train
2203,train
167,train
11444,train
15724,train
10014,train
4976,train
3499,train
17230,train
17818,train
436,train
302,train
11759,train
4611,train
475,train
18457,train
16703,train
8325,train
10131,train
12567,train
1552,train
2055,train
3019,train
1855,train
2376,train
14192,train
12401,train
9735,train
16109,train
9668,train
1716,train
7685,train
3277,train
20516,train
5936,train
3600,train
1382,train
18424,train
10134,train
10047,train
1939,train
19149,train
927,train
15076,train
18039,train
11544,train
19245,train
14588,train
7412,train
10117,train
3278,train
5093,train
14177,train
12017,train
12018,train
11798,train
8246,train
978,train
16994,train
9730,train
6714,train
1730,train
20091,train
15963,train
11172,train
9958,train
19270,train
18042,train
2926,train
3465,train
18444,train
8358,train
3145,train
14219,train
17023,train
7016,train
18583,train
12784,train
17501,train
14682,train
11980,train
3059,train
19869,train
1929,train
7293,train
774,train
525,train
13142,train
11706,train
15785,train
8382,train
14468,train
16174,train
597,train
6197,train
8612,train
4444,train
5169,train
8597,train
19787,train
12569,train
4979,train
2452,train
1325,train
20295,train
19039,train
2115,train
18196,train
11777,train
16148,train
2388,train
17079,train
6883,train
12453,train
14007,train
4602,train
7656,train
11816,train
16502,train
17936,train
18835,train
19414,train
1329,train
2988,train
18344,train
16956,train
18371,train
6518,train
17364,train
19966,train
2742,train
16672,train
15770,train
11116,train
6563,train
15918,train
20308,train
169,train
6812,train
20478,train
849,train
2405,train
5628,train
1743,train
20487,train
6047,train
10250,train
5473,train
6170,train
18866,train
17030,train
6646,train
19109,train
1526,train
17312,train
11574,train
9974,train
10586,train
12263,train
5606,train
3067,train
3180,train
11016,train
3752,train
812,train
5802,train
8245,train
18677,train
12029,train
14058,train
6167,train
16449,train
12305,train
5400,train
12690,train
5610,train
14245,train
2486,train
2333,train
4609,train
3488,train
8930,train
6339,train
4755,train
19704,train
15119,train
392,train
5825,train
19965,train
13962,train
8953,train
6163,train
15873,train
3705,train
17898,train
5066,train
1621,train
16329,train
19489,train
11407,train
11375,train
18731,train
4446,train
11223,train
2895,train
16818,train
6955,train
19329,train
19360,train
16116,train
3360,train
14066,train
19241,train
13592,train
12849,train
2756,train
549,train
117,train
10192,train
2956,train
12691,train
10742,train
10377,train
18320,train
19629,train
2008,train
3203,train
2643,train
20189,train
15961,train
919,train
18423,train
14641,train
6463,train
4756,train
17964,train
12838,train
18685,train
5622,train
3999,train
4020,train
14975,train
14349,train
13749,train
18059,train
19980,train
10381,train
18602,train
12058,train
12739,train
10489,train
3231,train
5708,train
6764,train
4586,train
9495,train
1314,train
20166,train
18390,train
15647,train
7037,train
11051,train
4006,train
12985,train
13250,train
1204,train
19225,train
1945,train
1946,train
14432,train
13574,train
17768,train
5436,train
19457,train
8598,train
19316,train
10894,train
8281,train
5832,train
10326,train
19658,train
18401,train
14980,train
17787,train
18767,train
10155,train
8825,train
14907,train
11265,train
8438,train
19710,train
710,train
7667,train
19992,train
17194,train
7433,train
4882,train
16835,train
1215,train
17590,train
10107,train
8123,train
3479,train
3687,train
15658,train
14955,train
11178,train
18155,train
4312,train
17515,train
17627,train
6715,train
19418,train
10085,train
13615,train
16979,train
952,train
177,train
10132,train
10331,train
7062,train
5814,train
3198,train
11199,train
14583,train
13325,train
6633,train
16063,train
2263,train
6560,train
14526,train
12662,train
11308,train
2476,train
20361,train
6762,train
3810,train
1547,train
9419,train
12874,train
3869,train
19226,train
671,train
13309,train
15669,train
19919,train
3550,train
6150,train
20131,train
13488,train
16718,train
12362,train
6238,train
12481,train
14671,train
4181,train
692,train
1739,train
12825,train
14099,train
12349,train
7116,train
11799,train
19032,train
10011,train
2266,train
7285,train
13274,train
4555,train
8234,train
10245,train
16751,train
10037,train
12466,train
6871,train
508,train
6402,train
15527,train
1664,train
9360,train
13850,train
6429,train
13791,train
5826,train
1119,train
10488,train
12364,train
2998,train
19263,train
4386,train
6081,train
6076,train
5481,train
3422,train
8775,train
5500,train
12395,train
15565,train
19782,train
3322,train
16197,train
16005,train
15529,train
13218,train
5355,train
17286,train
9281,train
238,train
12935,train
2683,train
3189,train
12999,train
18504,train
9534,train
14663,train
19529,train
15160,train
4428,train
20367,train
2665,train
5608,train
2876,train
18054,train
14566,train
5532,train
13109,train
10514,train
20206,train
18007,train
7694,train
10083,train
5552,train
1170,train
13270,train
6007,train
15864,train
17128,train
13405,train
10093,train
12666,train
6980,train
12884,train
932,train
15839,train
3831,train
15128,train
4766,train
19789,train
14226,train
11691,train
4642,train
13337,train
14365,train
14895,train
4220,train
12688,train
12449,train
1293,train
8478,train
5594,train
1007,train
11068,train
1982,train
19064,train
8104,train
15310,train
16892,train
7801,train
1199,train
7186,train
20379,train
5843,train
15340,train
6947,train
17435,train
8419,train
17536,train
7321,train
17182,train
15622,train
5667,train
5534,train
16298,train
13197,train
16805,train
8816,train
12251,train
2529,train
17017,train
13831,train
6621,train
13598,train
15206,train
15249,train
4834,train
8603,train
10463,train
13026,train
12067,train
5105,train
16670,train
4828,train
18790,train
4128,train
14635,train
5579,train
11045,train
6890,train
7526,train
12081,train
13334,train
3819,train
5694,train
9034,train
14040,train
13502,train
14465,train
17572,train
2653,train
18580,train
8640,train
2678,train
4669,train
3847,train
3399,train
20343,train
11287,train
9803,train
1924,train
8543,train
12936,train
8795,train
12166,train
5965,train
200,train
10354,train
1219,train
18161,train
25,train
6556,train
6590,train
2675,train
2301,train
8681,train
5653,train
12939,train
8191,train
5452,train
19264,train
8998,train
12163,train
14002,train
2467,train
15631,train
5,train
13505,train
14236,train
13460,train
729,train
14577,train
7413,train
7803,train
2186,train
7049,train
11526,train
5104,train
5874,train
3950,train
4827,train
15314,train
16995,train
7038,train
19521,train
4724,train
17341,train
20353,train
9850,train
5354,train
3151,train
3122,train
14358,train
12790,train
6578,train
1517,train
18625,train
19851,train
5600,train
5455,train
13951,train
20540,train
2969,train
12087,train
18251,train
17321,train
19719,train
14156,train
3206,train
8406,train
20421,train
6793,train
13368,train
16399,train
6104,train
2916,train
1974,train
16130,train
14894,train
18779,train
17695,train
6241,train
7330,train
17878,train
7423,train
20497,train
4641,train
15240,train
7408,train
6063,train
12260,train
3051,train
5975,train
20176,train
14276,train
9712,train
19677,train
12113,train
18184,train
10090,train
14644,train
11619,train
20038,train
5143,train
4551,train
10795,train
845,train
17875,train
3008,train
13514,train
18856,train
16917,train
5920,train
4836,train
8409,train
10103,train
6808,train
12432,train
11187,train
11302,train
15212,train
8224,train
15788,train
6504,train
14025,train
2729,train
13456,train
12783,train
8745,train
2274,train
9416,train
16964,train
15749,train
16583,train
11416,train
16546,train
1597,train
19417,train
19090,train
11818,train
101,train
17108,train
16348,train
19661,train
28,train
15325,train
17366,train
13034,train
10051,train
11940,train
3418,train
18195,train
4618,train
9804,train
10224,train
4140,train
8545,train
6268,train
20175,train
9574,train
17821,train
19840,train
11860,train
15168,train
11018,train
18612,train
787,train
6842,train
13848,train
15671,train
20101,train
17409,train
9133,train
8226,train
13248,train
20392,train
10272,train
17323,train
4009,train
1957,train
1296,train
12900,train
11965,train
11047,train
12777,train
17994,train
14499,train
4879,train
2848,train
9889,train
4179,train
910,train
10402,train
2982,train
17983,train
2973,train
9410,train
14835,train
15337,train
8842,train
6686,train
4464,train
17724,train
8370,train
926,train
10005,train
12419,train
17646,train
6634,train
8046,train
6823,train
8377,train
1040,train
15083,train
16678,train
20020,train
8498,train
19266,train
17480,train
12381,train
16738,train
12743,train
16727,train
16250,train
913,train
10202,train
14888,train
16173,train
14977,train
17249,train
14181,train
1915,train
3334,train
13858,train
19351,train
721,train
20436,train
4544,train
2566,train
4433,train
11930,train
1332,train
8013,train
10106,train
12971,train
3829,train
6669,train
9633,train
17893,train
15821,train
10266,train
10178,train
13078,train
15561,train
4496,train
633,train
1245,train
7196,train
20138,train
6282,train
13175,train
12133,train
4221,train
4745,train
17318,train
6164,train
4318,train
7138,train
15080,train
19214,train
971,train
15591,train
7546,train
17455,train
8628,train
9213,train
12352,train
14190,train
6406,train
9308,train
1642,train
10607,train
360,train
14742,train
17622,train
5562,train
13165,train
13830,train
14011,train
4689,train
690,train
13011,train
5775,train
11014,train
11044,train
14196,train
16904,train
19133,train
3050,train
9103,train
18337,train
1002,train
897,train
14792,train
1581,train
14506,train
9066,train
8720,train
77,train
9505,train
15198,train
3170,train
13203,train
10089,train
4856,train
151,train
7106,train
6535,train
5508,train
8544,train
16961,train
9928,train
10579,train
9122,train
14355,train
13916,train
1521,train
11196,train
1188,train
4435,train
14943,train
7698,train
1452,train
11597,train
15169,train
17056,train
8762,train
17891,train
5672,train
6272,train
20423,train
2460,train
9502,train
7711,train
3297,train
14480,train
15330,train
20000,train
11340,train
15219,train
8188,train
15824,train
19302,train
1016,train
4498,train
2822,train
1539,train
13321,train
3610,train
12509,train
3327,train
12096,train
5966,train
1278,train
18136,train
14302,train
3855,train
8022,train
11432,train
18057,train
8986,train
7063,train
5235,train
15782,train
5801,train
405,train
19108,train
895,train
13031,train
18343,train
3181,train
11259,train
15867,train
11629,train
18723,train
8803,train
9834,train
17859,train
10816,train
1662,train
17761,train
17608,train
17905,train
16865,train
9588,train
13312,train
10220,train
12769,train
20323,train
3646,train
18898,train
10684,train
20434,train
11411,train
12806,train
12033,train
12549,train
15295,train
6298,train
13146,train
17406,train
1307,train
9314,train
13937,train
7444,train
1910,train
5928,train
11307,train
9184,train
12027,train
18830,train
11548,train
15483,train
2088,train
19733,train
19948,train
17754,train
8059,train
16554,train
567,train
15174,train
16570,train
18931,train
4100,train
13618,train
1596,train
13859,train
11985,train
11325,train
4156,train
12237,train
18785,train
3761,train
15902,train
7388,train
15971,train
14286,train
10422,train
8976,train
12025,train
9140,train
11911,train
17332,train
11046,train
11517,train
2656,train
12566,train
2669,train
15317,train
16033,train
17134,train
4273,train
20374,train
5887,train
18417,train
10118,train
8285,train
5404,train
8799,train
18854,train
10614,train
5282,train
6558,train
8155,train
6085,train
8528,train
11934,train
2023,train
889,train
4300,train
6525,train
19881,train
5251,train
11209,train
3561,train
10842,train
3386,train
5872,train
5612,train
4579,train
912,train
12996,train
9756,train
6882,train
1229,train
8989,train
221,train
4143,train
7596,train
7131,train
1701,train
4635,train
1720,train
10024,train
17948,train
10596,train
5659,train
19572,train
2034,train
9337,train
10809,train
12082,train
3609,train
12135,train
12914,train
14545,train
10995,train
19909,train
9986,train
13860,train
12009,train
17835,train
20366,train
1976,train
18208,train
8958,train
8067,train
16048,train
4198,train
1230,train
7136,train
9399,train
11563,train
8793,train
5518,train
16272,train
7780,train
6670,train
15493,train
9678,train
11640,train
2793,train
14550,train
19685,train
19359,train
11347,train
14326,train
2830,train
6372,train
9796,train
10434,train
20233,train
18789,train
19138,train
3309,train
5257,train
16518,train
4600,train
142,train
17145,train
185,train
6257,train
3235,train
3359,train
813,train
2583,train
6004,train
12892,train
13092,train
7397,train
9965,train
16666,train
17698,train
17184,train
13966,train
1549,train
972,train
11042,train
13448,train
2773,train
2047,train
15829,train
16769,train
19671,train
16507,train
375,train
3697,train
10211,train
2703,train
4069,train
6698,train
8912,train
4336,train
1076,train
17656,train
20109,train
15637,train
1401,train
18732,train
658,train
8853,train
14431,train
2721,train
2289,train
6408,train
19588,train
5444,train
3486,train
5467,train
8867,train
19739,train
1781,train
3510,train
1347,train
8296,train
17697,train
11915,train
10846,train
16276,train
10065,train
2458,train
7852,train
3592,train
296,train
20024,train
5991,train
14766,train
7664,train
7545,train
7406,train
14278,train
5142,train
14385,train
18979,train
20444,train
2045,train
16524,train
13005,train
15341,train
14055,train
4520,train
5983,train
9232,train
10534,train
19173,train
15136,train
20056,train
10960,train
12233,train
12731,train
9334,train
9117,train
13104,train
10088,train
3267,train
11180,train
19365,train
12747,train
17606,train
9771,train
12385,train
10769,train
2836,train
4161,train
9634,train
20373,train
9857,train
18626,train
4572,train
8031,train
19802,train
13096,train
14441,train
13257,train
6225,train
7401,train
674,train
17828,train
8159,train
10094,train
14721,train
13414,train
16362,train
17080,train
314,train
17580,train
19827,train
9773,train
70,train
5135,train
4890,train
18631,train
8078,train
6137,train
6389,train
5729,train
19624,train
11842,train
17367,train
6459,train
16175,train
923,train
3921,train
5176,train
10740,train
4723,train
11785,train
9187,train
9326,train
7159,train
16397,train
2613,train
16927,train
19229,train
18481,train
3914,train
1615,train
554,train
237,train
14346,train
4811,train
14172,train
4535,train
9324,train
15113,train
12365,train
4866,train
19501,train
3395,train
11612,train
14873,train
610,train
12348,train
16297,train
13926,train
11950,train
13837,train
16947,train
1504,train
6456,train
9425,train
4513,train
795,train
8417,train
16155,train
3379,train
13192,train
522,train
12170,train
17219,train
11836,train
3519,train
12402,train
3925,train
10966,train
4060,train
3184,train
6826,train
2128,train
12616,train
15514,train
20299,train
9644,train
1847,train
11724,train
2428,train
4871,train
14390,train
17780,train
6042,train
1364,train
18582,train
5979,train
3658,train
20480,train
4079,train
10912,train
18714,train
19497,train
19433,train
4671,train
20358,train
18214,train
1944,train
11195,train
13925,train
14414,train
7811,train
2502,train
1470,train
7563,train
18212,train
6220,train
17263,train
16451,train
20165,train
7235,train
9858,train
18961,train
10077,train
14113,train
5568,train
12516,train
15862,train
10334,train
17811,train
12488,train
12467,train
8474,train
8231,train
19285,train
8960,train
1048,train
14673,train
12277,train
8047,train
4345,train
14093,train
8321,train
8152,train
15026,train
20051,train
14560,train
13797,train
8573,train
13223,train
10343,train
7363,train
2329,train
9822,train
15395,train
12866,train
13177,train
17436,train
16609,train
2694,train
19641,train
6896,train
19163,train
3564,train
12139,train
19499,train
9557,train
6061,train
3846,train
6018,train
6267,train
7137,train
7970,train
18606,train
18593,train
2785,train
16858,train
2753,train
12286,train
18472,train
3179,train
2244,train
12781,train
10446,train
9190,train
19899,train
9638,train
10707,train
9687,train
6710,train
3492,train
16127,train
4592,train
18916,train
6834,train
206,train
13633,train
20424,train
4176,train
1759,train
8083,train
19158,train
9052,train
1684,train
16145,train
1479,train
1120,train
7492,train
10064,train
19456,train
15985,train
11580,train
4426,train
5647,train
5168,train
4619,train
15239,train
11381,train
17775,train
2991,train
2614,train
16774,train
5927,train
12315,train
13083,train
16660,train
2627,train
12272,train
7133,train
2492,train
4088,train
449,train
1690,train
9845,train
20067,train
16267,train
3945,train
17557,train
6145,train
19388,train
12396,train
1818,train
4063,train
7720,train
9276,train
10533,train
19882,train
8683,train
2485,train
9766,train
11397,train
417,train
4171,train
18624,train
14232,train
17010,train
4421,train
12140,train
15562,train
18483,train
16834,train
11800,train
825,train
1261,train
9629,train
16347,train
3614,train
5022,train
14849,train
2519,train
7169,train
17038,train
16015,train
14541,train
7670,train
10774,train
18406,train
9997,train
3296,train
1635,train
16596,train
6324,train
2160,train
14551,train
8010,train
4507,train
13033,train
3250,train
10500,train
13997,train
13116,train
5408,train
2465,train
5043,train
15842,train
17427,train
8021,train
16384,train
10923,train
14734,train
7277,train
17874,train
11900,train
10061,train
6261,train
3317,train
4205,train
5377,train
6660,train
20376,train
7192,train
16398,train
5756,train
20217,train
20230,train
5312,train
9978,train
13883,train
3511,train
672,train
11147,train
5521,train
4227,train
16336,train
12963,train
15627,train
15666,train
7781,train
14214,train
10127,train
8095,train
10643,train
4790,train
11926,train
13001,train
651,train
2697,train
9216,train
11450,train
7875,train
16918,train
1554,train
2681,train
15306,train
12249,train
11027,train
5634,train
12345,train
2247,train
10834,train
14667,train
14249,train
2002,train
9595,train
17764,train
3647,train
8736,train
15582,train
13691,train
6035,train
7531,train
9873,train
19439,train
2121,train
11528,train
19436,train
7296,train
7073,train
16464,train
20494,train
19271,train
9577,train
16667,train
11036,train
5944,train
15459,train
18032,train
17637,train
2441,train
7418,train
14909,train
3924,train
19632,train
9673,train
12498,train
2887,train
15551,train
2091,train
6674,train
7060,train
12066,train
6444,train
9718,train
15922,train
10056,train
8692,train
14229,train
5904,train
13050,train
8472,train
2555,train
17756,train
17958,train
5442,train
13369,train
6297,train
6885,train
10137,train
12127,train
16268,train
8019,train
19113,train
16156,train
6410,train
20243,train
15449,train
2899,train
20521,train
11448,train
11322,train
1363,train
2732,train
15250,train
7650,train
8942,train
8428,train
16765,train
16885,train
12007,train
15923,train
12796,train
7396,train
5506,train
13853,train
2490,train
8506,train
11385,train
11058,train
2292,train
874,train
7308,train
16541,train
8148,train
18861,train
18912,train
2491,train
17845,train
12791,train
9169,train
9903,train
3299,train
14039,train
10716,train
13021,train
16010,train
7052,train
2505,train
18770,train
18144,train
3651,train
12284,train
13111,train
5807,train
4463,train
1806,train
11134,train
5402,train
12634,train
4241,train
15005,train
19474,train
11008,train
7525,train
438,train
19725,train
18429,train
14997,train
11982,train
11240,train
16169,train
2938,train
12710,train
14452,train
9591,train
9138,train
11834,train
19691,train
16565,train
5553,train
434,train
11854,train
5906,train
162,train
7205,train
14814,train
13317,train
18178,train
377,train
8570,train
6228,train
9412,train
18699,train
18747,train
18884,train
14784,train
8694,train
14992,train
12584,train
9368,train
10425,train
12975,train
6124,train
16207,train
8626,train
13835,train
9092,train
5395,train
3827,train
6735,train
20125,train
18641,train
10358,train
15051,train
20251,train
11939,train
6285,train
10915,train
6299,train
13631,train
3329,train
17,train
13389,train
13044,train
1998,train
13923,train
15709,train
11490,train
3556,train
16444,train
14087,train
9027,train
4945,train
5081,train
17777,train
15932,train
13400,train
12095,train
2223,train
15854,train
16405,train
7004,train
17512,train
12541,train
20159,train
14398,train
2107,train
6100,train
4050,train
17640,train
779,train
12094,train
15053,train
12408,train
1443,train
14416,train
18158,train
6880,train
17279,train
15343,train
13383,train
6873,train
8600,train
15650,train
9878,train
8266,train
16443,train
265,train
7583,train
16067,train
19850,train
3333,train
13128,train
5005,train
8256,train
6121,train
13370,train
13359,train
14769,train
6252,train
19569,train
20223,train
18506,train
1213,train
5068,train
13811,train
13530,train
1675,train
10868,train
783,train
12085,train
6994,train
2123,train
20015,train
18669,train
10261,train
9155,train
14532,train
16486,train
20025,train
17615,train
623,train
17155,train
17195,train
10444,train
9141,train
8477,train
12232,train
6857,train
18826,train
1725,train
18123,train
2147,train
13327,train
11998,train
10379,train
7668,train
19224,train
10232,train
6879,train
3084,train
18600,train
3672,train
15813,train
6539,train
19937,train
17499,train
137,train
8008,train
16577,train
18640,train
6779,train
16598,train
509,train
15541,train
18648,train
2000,train
4472,train
5238,train
8624,train
7470,train
364,train
15066,train
16822,train
6981,train
11253,train
6691,train
18294,train
11851,train
17387,train
10779,train
18749,train
9062,train
11647,train
15414,train
5437,train
17852,train
7273,train
13611,train
19531,train
855,train
2379,train
16741,train
16247,train
9054,train
3451,train
20329,train
7021,train
12483,train
7646,train
10228,train
4906,train
11286,train
10020,train
20437,train
2772,train
4505,train
9879,train
11075,train
15060,train
11941,train
11636,train
15388,train
16587,train
2065,train
11281,train
5127,train
513,train
10066,train
18756,train
7865,train
9036,train
6084,train
2445,train
18365,train
8250,train
11108,train
228,train
7193,train
8575,train
16126,train
19186,train
5075,train
8185,train
3870,train
12759,train
4691,train
20506,train
4450,train
16603,train
7623,train
5795,train
2179,train
5611,train
14864,train
17774,train
14259,train
1692,train
10110,train
11015,train
14199,train
3417,train
4733,train
11592,train
4301,train
16922,train
5569,train
11082,train
9967,train
13991,train
673,train
2970,train
19393,train
7894,train
16859,train
14751,train
11038,train
4908,train
10811,train
18315,train
9552,train
19522,train
6026,train
9727,train
8375,train
13620,train
12177,train
15858,train
5450,train
828,train
4283,train
14476,train
12531,train
14876,train
12333,train
16469,train
1708,train
9319,train
5204,train
1109,train
2740,train
16601,train
1244,train
4437,train
2922,train
1177,train
16797,train
4414,train
17683,train
12798,train
4817,train
1591,train
5031,train
12573,train
16881,train
7680,train
12107,train
18991,train
3987,train
18899,train
2980,train
14261,train
9161,train
17628,train
9365,train
4008,train
5797,train
866,train
16055,train
3970,train
10734,train
3571,train
7740,train
15665,train
19400,train
16104,train
2231,train
3963,train
14522,train
18984,train
12183,train
20312,train
16377,train
8327,train
7127,train
19779,train
8029,train
11453,train
18047,train
12645,train
9683,train
625,train
12184,train
18776,train
18858,train
14645,train
17462,train
12624,train
19076,train
19977,train
11224,train
16871,train
19615,train
15422,train
11163,train
10139,train
7716,train
14839,train
9478,train
103,train
5980,train
12228,train
7712,train
2148,train
7567,train
7991,train
19780,train
14182,train
19494,train
338,train
10287,train
16566,train
8832,train
4683,train
13779,train
1641,train
8177,train
441,train
14426,train
6108,train
20475,train
14464,train
3470,train
10432,train
6602,train
7074,train
7353,train
4255,train
4523,train
6811,train
16146,train
19852,train
20070,train
4237,train
8502,train
2880,train
14714,train
19500,train
11329,train
2786,train
6008,train
20184,train
16753,train
267,train
18566,train
16676,train
15664,train
1555,train
6291,train
10239,train
18272,train
6925,train
6226,train
19036,train
17857,train
10914,train
2935,train
9039,train
18720,train
20187,train
8846,train
6503,train
9030,train
2628,train
17178,train
9798,train
10114,train
13699,train
18619,train
6954,train
8684,train
17035,train
6614,train
19093,train
18218,train
17154,train
20365,train
18948,train
19810,train
5193,train
10451,train
11782,train
5386,train
20551,train
4045,train
8134,train
12826,train
7741,train
17183,train
1732,train
13983,train
1491,train
3769,train
9456,train
16273,train
9146,train
11689,train
15721,train
8884,train
14211,train
84,train
15418,train
12057,train
647,train
1141,train
2908,train
880,train
9819,train
17595,train
19408,train
9843,train
523,train
17363,train
14548,train
2374,train
14567,train
1543,train
6976,train
10496,train
7538,train
11245,train
7541,train
6887,train
4390,train
9148,train
13938,train
12275,train
4824,train
9918,train
15307,train
6784,train
3762,train
8435,train
123,train
8215,train
10282,train
5946,train
7641,train
9210,train
17478,train
6709,train
194,train
917,train
6338,train
6157,train
4915,train
8146,train
19068,train
14913,train
17880,train
6208,train
5360,train
7152,train
12547,train
19634,train
10803,train
15175,train
8754,train
8463,train
9510,train
9714,train
11032,train
18705,train
240,train
1175,train
16681,train
7677,train
1838,train
4621,train
16379,train
16592,train
4655,train
993,train
2293,train
16178,train
3487,train
2053,train
9621,train
7635,train
6662,train
5298,train
14397,train
17753,train
12725,train
8746,train
1407,train
17495,train
17045,train
1955,train
7990,train
8100,train
9840,train
12523,train
9993,train
6006,train
11910,train
13151,train
13125,train
10283,train
17126,train
19074,train
14330,train
18070,train
5037,train
11403,train
245,train
17635,train
8870,train
5139,train
3286,train
5894,train
5409,train
9715,train
4479,train
13656,train
8467,train
773,train
12870,train
6139,train
14001,train
11164,train
8531,train
14852,train
11309,train
14953,train
18964,train
6729,train
19729,train
9487,train
6944,train
19110,train
7582,train
18176,train
7617,train
17979,train
2324,train
17584,train
18466,train
13242,train
869,train
4082,train
17281,train
1397,train
2700,train
3355,train
6345,train
15556,train
11792,train
18252,train
5164,train
13271,train
8510,train
16204,train
4044,train
19216,train
171,train
13515,train
3103,train
5961,train
4687,train
11096,train
18926,train
20228,train
4483,train
12400,train
5065,train
12313,train
1165,train
2171,train
19835,train
11879,train
17943,train
2594,train
5526,train
14317,train
15508,train
533,train
20449,train
14379,train
8668,train
947,train
4623,train
6210,train
4350,train
14283,train
8647,train
5584,train
11564,train
10749,train
2319,train
12982,train
18215,train
18000,train
6926,train
11449,train
4540,train
18930,train
17441,train
19837,train
18437,train
2364,train
8995,train
4690,train
14071,train
2558,train
12123,train
13349,train
14458,train
9374,train
19426,train
13145,train
18842,train
16827,train
2254,train
17740,train
10338,train
14504,train
985,train
10843,train
13029,train
11509,train
11417,train
13295,train
14125,train
9576,train
20443,train
9763,train
11622,train
16694,train
354,train
68,train
3579,train
18585,train
14964,train
6005,train
11807,train
10087,train
14631,train
10869,train
7282,train
7219,train
982,train
11301,train
4515,train
35,train
12293,train
10365,train
12965,train
7742,train
18932,train
3521,train
8608,train
10502,train
14018,train
4744,train
16147,train
1901,train
9285,train
9721,train
8018,train
15195,train
13775,train
6071,train
14304,train
7977,train
5841,train
13873,train
6152,train
1831,train
16747,train
18427,train
1693,train
7013,train
11553,train
18891,train
5392,train
3276,train
13903,train
10571,train
15278,train
2181,train
6465,train
7047,train
15062,train
16525,train
8889,train
7962,train
7912,train
20523,train
18812,train
50,train
8854,train
3751,train
428,train
18403,train
7956,train
3677,train
15488,train
4614,train
9925,train
4346,train
8602,train
19862,train
6864,train
15736,train
12512,train
7430,train
2025,train
17140,train
4058,train
1972,train
13091,train
18306,train
7919,train
8721,train
20161,train
9652,train
16416,train
13832,train
19258,train
8403,train
16938,train
11263,train
12463,train
1837,train
9046,train
1361,train
9920,train
7892,train
10622,train
3695,train
8167,train
15229,train
6868,train
6951,train
18694,train
6897,train
6263,train
14167,train
3177,train
12947,train
19727,train
16280,train
3501,train
7276,train
3117,train
189,train
7610,train
9702,train
17421,train
4913,train
18377,train
4861,train
12520,train
18367,train
9198,train
20179,train
10558,train
11227,train
4534,train
16243,train
5082,train
9922,train
14685,train
5924,train
16723,train
75,train
19201,train
12169,train
12054,train
9538,train
16027,train
12026,train
11321,train
127,train
6545,train
925,train
14137,train
16244,train
6527,train
11394,train
8120,train
12084,train
359,train
12265,train
10485,train
17256,train
19786,train
17127,train
9253,train
15989,train
954,train
6802,train
3127,train
2006,train
12800,train
1270,train
8373,train
10509,train
12992,train
3464,train
14743,train
19006,train
18998,train
20081,train
2412,train
13844,train
14993,train
9782,train
994,train
17814,train
13765,train
9836,train
1061,train
14602,train
15991,train
19088,train
3759,train
10112,train
1429,train
15698,train
19205,train
4309,train
8574,train
11339,train
1804,train
10029,train
9101,train
3974,train
19301,train
10156,train
4608,train
15542,train
7126,train
20215,train
11130,train
13541,train
11642,train
6719,train
16457,train
1616,train
20501,train
12676,train
6870,train
9059,train
2759,train
10720,train
8064,train
780,train
6607,train
13625,train
15167,train
12674,train
11001,train
3261,train
19442,train
2172,train
9376,train
18264,train
11181,train
15096,train
12050,train
4189,train
12850,train
3960,train
9463,train
4365,train
12934,train
4129,train
4031,train
10346,train
5399,train
1029,train
9366,train
6683,train
12208,train
11376,train
16285,train
12175,train
16992,train
4601,train
2366,train
12560,train
9316,train
13141,train
629,train
6304,train
17385,train
18689,train
575,train
5047,train
13803,train
14051,train
9291,train
20381,train
9212,train
2018,train
1330,train
8516,train
1481,train
16803,train
14319,train
11933,train
14091,train
4334,train
5848,train
1538,train
15711,train
18474,train
7972,train
16538,train
18366,train
15938,train
14740,train
756,train
14827,train
935,train
13794,train
8162,train
14046,train
5343,train
2140,train
8072,train
19304,train
16310,train
7595,train
15398,train
178,train
6892,train
13658,train
11621,train
17511,train
4506,train
7003,train
12737,train
8171,train
14313,train
11951,train
9741,train
14709,train
8364,train
19775,train
719,train
4011,train
2807,train
8857,train
8670,train
1851,train
5389,train
5338,train
17354,train
17843,train
2210,train
2777,train
13303,train
17129,train
2257,train
12683,train
18028,train
14489,train
17629,train
14296,train
18871,train
2866,train
12487,train
5382,train
17208,train
10987,train
9504,train
6441,train
12577,train
4521,train
10845,train
14976,train
2799,train
6040,train
10111,train
3635,train
14072,train
5231,train
1624,train
1758,train
4715,train
13555,train
14815,train
9772,train
1169,train
1697,train
15017,train
1985,train
9835,train
11152,train
4393,train
15335,train
4223,train
1498,train
7009,train
6866,train
19004,train
4016,train
7696,train
16356,train
15751,train
9670,train
15703,train
4965,train
13461,train
12076,train
13622,train
10254,train
8730,train
2968,train
18002,train
9981,train
9449,train
6975,train
7594,train
7889,train
7264,train
12787,train
2162,train
2105,train
12701,train
10874,train
17032,train
9325,train
11524,train
4122,train
9249,train
9745,train
19537,train
15028,train
18560,train
3425,train
19354,train
12336,train
1418,train
10527,train
15823,train
15223,train
3201,train
12700,train
17217,train
11156,train
9340,train
16086,train
1115,train
7000,train
13995,train
16799,train
4504,train
10025,train
19139,train
10391,train
11447,train
5044,train
18815,train
10210,train
1185,train
11601,train
19534,train
17476,train
17963,train
7274,train
2509,train
17934,train
17346,train
12885,train
16095,train
13826,train
16642,train
13577,train
10926,train
8895,train
2670,train
20433,train
17433,train
18734,train
9496,train
9952,train
19233,train
19477,train
356,train
5985,train
5603,train
14575,train
3530,train
10175,train
19674,train
3053,train
10059,train
13580,train
11786,train
4747,train
20336,train
17467,train
14722,train
11056,train
12306,train
20037,train
6438,train
236,train
20076,train
11243,train
15752,train
18270,train
9005,train
8815,train
8351,train
2540,train
9976,train
3289,train
16800,train
11686,train
18095,train
20135,train
19423,train
8759,train
16279,train
5199,train
3686,train
18118,train
18679,train
13828,train
7823,train
10756,train
8372,train
13669,train
5218,train
15461,train
9023,train
9415,train
14281,train
20469,train
1687,train
448,train
734,train
20435,train
17779,train
10657,train
10479,train
12493,train
10299,train
8107,train
853,train
7604,train
5607,train
10193,train
6488,train
19488,train
14069,train
12656,train
7857,train
8949,train
18622,train
6643,train
15129,train
6073,train
18114,train
8830,train
6386,train
6694,train
10080,train
6923,train
12186,train
18393,train
5808,train
5660,train
13608,train
3978,train
8290,train
19292,train
8535,train
4589,train
2357,train
18426,train
589,train
1405,train
14443,train
18638,train
17951,train
8553,train
1548,train
19345,train
431,train
19978,train
15836,train
30,train
10256,train
15925,train
18009,train
9401,train
9262,train
10467,train
6368,train
9821,train
19640,train
225,train
9008,train
15163,train
13106,train
11646,train
2993,train
424,train
1434,train
6010,train
17614,train
19752,train
5301,train
12773,train
19619,train
8114,train
19707,train
19069,train
18596,train
9926,train
19985,train
20172,train
18921,train
10060,train
1648,train
1257,train
778,train
16249,train
15841,train
12093,train
14565,train
9118,train
8130,train
17273,train
18942,train
7856,train
2226,train
6816,train
1276,train
15455,train
20141,train
3293,train
7872,train
11577,train
9047,train
19375,train
5234,train
17548,train
2496,train
7745,train
1923,train
16553,train
12799,train
1778,train
12792,train
15216,train
5575,train
19353,train
1131,train
8164,train
12772,train
19989,train
7153,train
290,train
11994,train
10800,train
8633,train
19507,train
18331,train
6734,train
17836,train
2483,train
11815,train
14597,train
18008,train
11459,train
6240,train
14683,train
13640,train
7743,train
14015,train
14880,train
2400,train
8512,train
9336,train
1483,train
6414,train
12283,train
16943,train
4896,train
4242,train
8117,train
6591,train
7602,train
16890,train
13154,train
1761,train
11676,train
4832,train
1571,train
4583,train
3879,train
9110,train
10975,train
13278,train
15147,train
7121,train
17677,train
8126,train
514,train
13981,train
2195,train
8106,train
16793,train
6149,train
15038,train
11343,train
19976,train
9098,train
17619,train
8906,train
12060,train
14569,train
536,train
1378,train
20536,train
2200,train
2655,train
18105,train
18528,train
6978,train
15777,train
18896,train
4499,train
2814,train
20084,train
1600,train
15507,train
18372,train
3319,train
16504,train
2646,train
6628,train
7652,train
6945,train
9975,train
7041,train
6599,train
14498,train
19610,train
2279,train
16896,train
2294,train
6,train
17101,train
16374,train
19680,train
20073,train
7043,train
3453,train
9623,train
4125,train
6478,train
8036,train
17699,train
18386,train
20304,train
8000,train
8500,train
14227,train
13162,train
6920,train
5813,train
1867,train
6928,train
5798,train
13519,train
3444,train
19471,train
19889,train
7829,train
3336,train
19402,train
1835,train
9228,train
4099,train
17488,train
6638,train
9362,train
11817,train
14228,train
7100,train
15852,train
20075,train
1760,train
13079,train
4067,train
9833,train
2642,train
1465,train
251,train
1098,train
17119,train
601,train
12511,train
4638,train
7325,train
10327,train
4106,train
1563,train
17213,train
11091,train
5221,train
4727,train
12555,train
3839,train
18066,train
98,train
15021,train
13692,train
15619,train
3875,train
1903,train
10990,train
13090,train
4967,train
18,train
7627,train
8244,train
19394,train
8777,train
3253,train
5213,train
8740,train
4453,train
19286,train
4557,train
5530,train
11660,train
20330,train
13754,train
419,train
17872,train
19118,train
14243,train
3797,train
9382,train
7590,train
1711,train
17325,train
10480,train
12882,train
5440,train
1373,train
4594,train
15029,train
15979,train
3339,train
6588,train
3577,train
19578,train
14638,train
11531,train
11638,train
12675,train
15652,train
4718,train
165,train
1783,train
10785,train
3466,train
1034,train
12667,train
7873,train
14354,train
14699,train
1224,train
16286,train
6748,train
16253,train
14523,train
18049,train
9402,train
15329,train
4480,train
2663,train
19366,train
16531,train
99,train
13293,train
17329,train
13508,train
19644,train
9494,train
9247,train
10460,train
5735,train
13531,train
12415,train
15165,train
5555,train
13758,train
20384,train
16824,train
10413,train
3865,train
11928,train
4158,train
234,train
16513,train
11575,train
657,train
124,train
7222,train
247,train
5154,train
4797,train
7161,train
17071,train
19106,train
17171,train
15178,train
14809,train
10786,train
4992,train
13014,train
20009,train
4355,train
5602,train
6707,train
12038,train
17383,train
7050,train
15265,train
17643,train
3194,train
18937,train
9341,train
9206,train
17428,train
15196,train
1762,train
12655,train
19823,train
14694,train
19797,train
10128,train
13798,train
638,train
9562,train
12077,train
19781,train
16665,train
3491,train
15438,train
17657,train
7142,train
2259,train
3833,train
12099,train
17013,train
1852,train
8805,train
893,train
11294,train
7697,train
8471,train
10359,train
19237,train
18333,train
19842,train
6394,train
15589,train
10499,train
1167,train
3928,train
12450,train
19830,train
5359,train
3744,train
4631,train
733,train
8037,train
10069,train
12098,train
2072,train
17479,train
4165,train
13591,train
19154,train
17803,train
19582,train
6785,train
4286,train
20279,train
14298,train
18554,train
2403,train
11,train
19800,train
13533,train
3192,train
18721,train
15747,train
2862,train
18461,train
12728,train
12212,train
11144,train
17156,train
4736,train
8062,train
8393,train
9946,train
13384,train
7122,train
5595,train
8504,train
7238,train
12891,train
1894,train
5589,train
273,train
6664,train
4946,train
18578,train
20493,train
20310,train
2112,train
19668,train
8871,train
17266,train
12,train
16345,train
14868,train
17757,train
20520,train
5788,train
20302,train
18617,train
7522,train
9075,train
14761,train
8985,train
631,train
18476,train
15802,train
5873,train
2134,train
15557,train
9442,train
15396,train
12954,train
3934,train
16701,train
6279,train
18618,train
2949,train
6133,train
7808,train
7208,train
3004,train
16616,train
15050,train
4073,train
3138,train
5475,train
8434,train
10548,train
19683,train
425,train
11846,train
7014,train
18523,train
7105,train
1093,train
17592,train
18604,train
91,train
8518,train
9211,train
3580,train
11701,train
7615,train
16291,train
8042,train
16685,train
6086,train
11166,train
7846,train
12389,train
19589,train
19908,train
4670,train
12314,train
18169,train
19936,train
15318,train
17937,train
3382,train
2341,train
5838,train
11200,train
8200,train
14242,train
13353,train
1033,train
17854,train
2242,train
2280,train
5156,train
6629,train
19951,train
4370,train
8282,train
17974,train
6837,train
19170,train
34,train
3512,train
3500,train
10712,train
18980,train
7507,train
854,train
13304,train
10153,train
1840,train
17365,train
10415,train
15331,train
13621,train
10616,train
1574,train
11958,train
18322,train
11793,train
19813,train
15410,train
10798,train
11936,train
13150,train
13602,train
14335,train
16115,train
2087,train
9364,train
9352,train
8166,train
18402,train
14785,train
10158,train
15762,train
3118,train
4599,train
12489,train
10115,train
1546,train
13133,train
11003,train
9939,train
5650,train
8261,train
6366,train
457,train
9933,train
18298,train
3998,train
7225,train
10143,train
20192,train
8030,train
20342,train
2905,train
18777,train
9937,train
9083,train
132,train
2765,train
15826,train
2868,train
17089,train
13335,train
7936,train
1274,train
13687,train
12080,train
12817,train
11659,train
1463,train
6524,train
20369,train
8359,train
5886,train
8201,train
18953,train
11692,train
1012,train
14787,train
19491,train
15074,train
15012,train
5300,train
11583,train
13807,train
89,train
5574,train
7416,train
11031,train
2618,train
1750,train
7267,train
320,train
2809,train
7111,train
2187,train
9009,train
7206,train
10456,train
901,train
11132,train
4379,train
12990,train
7573,train
9746,train
15801,train
19953,train
5590,train
17057,train
6509,train
8515,train
8900,train
14949,train
3287,train
17500,train
4186,train
12859,train
14825,train
497,train
3896,train
3090,train
8331,train
1243,train
7968,train
4545,train
14486,train
4207,train
19483,train
3946,train
4564,train
14158,train
8489,train
16669,train
12323,train
20118,train
4846,train
9731,train
6079,train
13610,train
1958,train
7705,train
1129,train
18801,train
14789,train
13294,train
12554,train
20193,train
15892,train
14966,train
10937,train
16340,train
9650,train
6419,train
2232,train
14661,train
20441,train
469,train
19338,train
11422,train
4794,train
3346,train
9646,train
875,train
13324,train
14554,train
18378,train
16838,train
9193,train
1285,train
1791,train
13825,train
18301,train
4679,train
6087,train
20052,train
7778,train
14813,train
3971,train
9378,train
15316,train
4200,train
1633,train
837,train
11493,train
7690,train
8468,train
5107,train
4025,train
14185,train
16062,train
10973,train
5732,train
2163,train
2943,train
10394,train
11572,train
16966,train
16906,train
16864,train
13482,train
13440,train
644,train
19165,train
8436,train
15818,train
12037,train
14417,train
13417,train
7143,train
15018,train
556,train
11627,train
19405,train
2563,train
4191,train
12422,train
15202,train
7674,train
8032,train
20194,train
517,train
4413,train
4497,train
1376,train
16532,train
8568,train
10279,train
2981,train
11208,train
13485,train
9143,train
1767,train
9951,train
2842,train
10206,train
13457,train
3586,train
12356,train
9071,train
17788,train
10590,train
4036,train
4471,train
18607,train
7738,train
19956,train
9848,train
9754,train
13422,train
16056,train
13311,train
10909,train
6173,train
14564,train
10034,train
18914,train
8848,train
12438,train
16633,train
15612,train
16500,train
7139,train
18569,train
6183,train
4793,train
19616,train
3650,train
19167,train
1430,train
5100,train
12953,train
15760,train
20401,train
19227,train
14086,train
1728,train
15276,train
16334,train
16496,train
1803,train
8529,train
963,train
18605,train
1525,train
19747,train
11007,train
12644,train
4358,train
18642,train
9722,train
6776,train
681,train
32,train
3880,train
6636,train
6350,train
4791,train
13260,train
13921,train
3736,train
8855,train
18532,train
1938,train
14739,train
18101,train
18869,train
6112,train
18501,train
13198,train
11078,train
9082,train
13219,train
14730,train
2902,train
7760,train
18745,train
590,train
8983,train
3140,train
18546,train
11198,train
6034,train
6043,train
14829,train
14064,train
11774,train
8770,train
12246,train
6843,train
17873,train
5476,train
10356,train
10227,train
118,train
6781,train
3435,train
19819,train
19628,train
18355,train
5901,train
2867,train
18471,train
2327,train
4090,train
12294,train
12276,train
14005,train
14268,train
12907,train
10297,train
9434,train
3295,train
3069,train
8332,train
8421,train
5891,train
7263,train
15067,train
17552,train
3026,train
15464,train
17730,train
11338,train
14451,train
5063,train
18291,train
15704,train
3596,train
10745,train
9567,train
5002,train
19310,train
7075,train
16542,train
17795,train
259,train
3593,train
15324,train
14886,train
11865,train
8540,train
1865,train
18960,train
12794,train
2473,train
14965,train
5457,train
1078,train
18963,train
19579,train
4820,train
8517,train
10352,train
6187,train
4356,train
16435,train
20218,train
18491,train
15998,train
7918,train
7810,train
19419,train
4096,train
8674,train
11404,train
4467,train
13952,train
18598,train
8687,train
20170,train
11052,train
19598,train
7941,train
7471,train
11673,train
1817,train
19542,train
11898,train
2570,train
4024,train
9116,train
17044,train
16414,train
5115,train
12678,train
13039,train
9866,train
7204,train
19744,train
20225,train
14415,train
16841,train
18653,train
13204,train
20307,train
10940,train
5011,train
7908,train
1247,train
18667,train
19746,train
10015,train
1419,train
15869,train
272,train
19038,train
11197,train
12828,train
18191,train
2652,train
15436,train
9936,train
792,train
12779,train
11431,train
10624,train
454,train
15087,train
19790,train
9162,train
19374,train
3011,train
13261,train
3985,train
7333,train
20303,train
20055,train
1751,train
17081,train
10412,train
8267,train
13481,train
14013,train
18939,train
18268,train
18862,train
16704,train
10433,train
13098,train
11523,train
10764,train
10559,train
12145,train
15338,train
4937,train
15827,train
7976,train
2551,train
15885,train
3131,train
348,train
6496,train
6355,train
4703,train
20096,train
10602,train
16437,train
6552,train
5888,train
3745,train
15536,train
6357,train
11494,train
12663,train
19646,train
12862,train
10666,train
15972,train
20265,train
6609,train
15242,train
3644,train
20289,train
8156,train
17411,train
4673,train
6195,train
3394,train
4259,train
9280,train
16308,train
13445,train
4795,train
11922,train
311,train
1103,train
9329,train
4481,train
11890,train
20432,train
7213,train
4354,train
12942,train
15572,train
7999,train
11641,train
9174,train
4327,train
10310,train
8994,train
7101,train
5588,train
10706,train
18987,train
12750,train
8034,train
731,train
6136,train
7984,train
8279,train
19291,train
16030,train
6815,train
5794,train
19331,train
9195,train
9282,train
16687,train
17036,train
10703,train
11488,train
383,train
16944,train
2896,train
8561,train
5988,train
6381,train
15875,train
17579,train
13479,train
8284,train
13740,train
6538,train
13131,train
9890,train
12153,train
3358,train
13376,train
2659,train
10906,train
17261,train
11617,train
16629,train
10033,train
1813,train
6123,train
3567,train
17068,train
10104,train
3305,train
9691,train
19514,train
13676,train
9018,train
8485,train
13169,train
7086,train
2278,train
5864,train
1614,train
2240,train
19599,train
5851,train
573,train
20526,train
1446,train
6760,train
7995,train
12360,train
18088,train
10852,train
16395,train
18153,train
19754,train
10150,train
4003,train
4786,train
9876,train
13157,train
4750,train
4510,train
2790,train
19209,train
19895,train
8322,train
6985,train
19722,train
18418,train
10952,train
19262,train
13784,train
840,train
8625,train
11289,train
17122,train
4304,train
11704,train
19468,train
14539,train
18512,train
5364,train
307,train
5964,train
8400,train
12927,train
19401,train
12887,train
12912,train
11693,train
3441,train
10555,train
5080,train
13501,train
12416,train
1210,train
5320,train
17802,train
800,train
17887,train
12299,train
12452,train
7427,train
1121,train
366,train
16396,train
1038,train
13919,train
7736,train
18527,train
18329,train
7464,train
2601,train
15048,train
8482,train
1478,train
20114,train
2806,train
4782,train
2098,train
1920,train
5890,train
5323,train
6968,train
16390,train
17203,train
3281,train
8271,train
2432,train
3263,train
14010,train
10637,train
3370,train
6924,train
17550,train
19591,train
7657,train
6454,train
14401,train
12984,train
17389,train
20555,train
8563,train
14270,train
15877,train
4773,train
20092,train
15684,train
16307,train
8320,train
190,train
10522,train
8186,train
5520,train
16306,train
11540,train
17334,train
8142,train
13386,train
15967,train
20022,train
11595,train
4422,train
11161,train
19997,train
5102,train
6798,train
4800,train
14865,train
4891,train
5893,train
15034,train
10671,train
13252,train
4264,train
3777,train
4209,train
520,train
17784,train
3508,train
10336,train
14981,train
11573,train
6309,train
1531,train
16635,train
16415,train
2780,train
8174,train
18490,train
1827,train
18887,train
3213,train
9058,train
4372,train
2647,train
11784,train
16341,train
20362,train
14820,train
18637,train
12640,train
19944,train
14842,train
650,train
16346,train
6749,train
1436,train
15360,train
11011,train
10431,train
12637,train
20472,train
3007,train
17199,train
9841,train
3354,train
20474,train
7706,train
2145,train
4895,train
12525,train
5177,train
11233,train
9269,train
9114,train
10221,train
2590,train
8555,train
16221,train
902,train
11518,train
16325,train
14175,train
7613,train
398,train
9566,train
5827,train
8488,train
12434,train
2291,train
6581,train
10440,train
3311,train
18726,train
10344,train
4070,train
10028,train
17271,train
9436,train
19107,train
9590,train
4204,train
5720,train
527,train
9064,train
12297,train
16266,train
10848,train
12240,train
13494,train
13212,train
494,train
19356,train
7576,train
7115,train
15803,train
12444,train
15678,train
16026,train
14788,train
266,train
5309,train
17096,train
1486,train
13233,train
7688,train
19010,train
3456,train
1656,train
10631,train
11921,train
8521,train
11170,train
8636,train
17848,train
403,train
4740,train
15494,train
15642,train
11406,train
19504,train
11732,train
11565,train
10281,train
591,train
12011,train
682,train
15584,train
18557,train
10962,train
20320,train
4256,train
7877,train
6371,train
4784,train
13800,train
17185,train
16647,train
18938,train
19278,train
12822,train
9127,train
5108,train
18130,train
11970,train
15473,train
11010,train
8055,train
17946,train
762,train
14982,train
13663,train
7809,train
11429,train
13010,train
16879,train
14050,train
18174,train
17769,train
219,train
4719,train
11189,train
12371,train
15481,train
20414,train
2471,train
6666,train
6078,train
14586,train
655,train
12714,train
6964,train
2136,train
11614,train
16236,train
15725,train
71,train
13276,train
6362,train
18431,train
14098,train
3877,train
1355,train
20234,train
9799,train
14991,train
7960,train
13747,train
6154,train
11869,train
8593,train
1152,train
14582,train
7209,train
10244,train
14292,train
20097,train
18190,train
8429,train
4634,train
9298,train
18577,train
4607,train
1658,train
2386,train
2335,train
9356,train
2661,train
8634,train
19086,train
13817,train
13673,train
13167,train
7096,train
18228,train
1657,train
14121,train
8564,train
9007,train
7508,train
17748,train
112,train
4469,train
3503,train
11727,train
5865,train
19005,train
16597,train
14215,train
6516,train
14342,train
14581,train
10004,train
11359,train
9385,train
14838,train
19731,train
17376,train
13117,train
11931,train
7791,train
18197,train
2076,train
17728,train
10593,train
5938,train
7965,train
12312,train
14552,train
1801,train
2132,train
8791,train
7796,train
3214,train
16023,train
6613,train
19740,train
15235,train
2472,train
16073,train
5253,train
7400,train
8240,train
15445,train
14525,train
2137,train
10405,train
11515,train
146,train
16141,train
17525,train
7422,train
16475,train
505,train
6198,train
18356,train
2064,train
10690,train
1222,train
2939,train
209,train
10300,train
14092,train
15440,train
10270,train
12206,train
1051,train
18052,train
9109,train
5401,train
11762,train
12008,train
157,train
5850,train
4139,train
15115,train
9149,train
11194,train
322,train
4728,train
10662,train
8026,train
1734,train
14095,train
341,train
15830,train
18262,train
3717,train
2310,train
2089,train
2283,train
8056,train
4329,train
11606,train
14472,train
17998,train
16661,train
379,train
17537,train
20143,train
16664,train
7554,train
10231,train
13554,train
10062,train
16986,train
11012,train
14233,train
7597,train
13357,train
20229,train
10386,train
9068,train
8861,train
3975,train
15546,train
8786,train
15207,train
8584,train
16742,train
17034,train
15454,train
20180,train
13340,train
18650,train
1877,train
19465,train
8677,train
18703,train
15000,train
5033,train
10054,train
3489,train
17832,train
19913,train
13513,train
618,train
5550,train
5316,train
8810,train
3653,train
13,train
17785,train
19030,train
8007,train
8975,train
486,train
10925,train
11235,train
5487,train
12486,train
6270,train
16092,train
19341,train
3966,train
8711,train
6619,train
12829,train
4606,train
10022,train
58,train
2635,train
8689,train
18900,train
19097,train
5302,train
3997,train
7774,train
10076,train
4696,train
20064,train
11775,train
20473,train
6863,train
7309,train
216,train
4102,train
1918,train
18030,train
6253,train
10799,train
19495,train
1220,train
17543,train
4152,train
10933,train
20396,train
10235,train
10209,train
393,train
17599,train
7031,train
17696,train
15825,train
5968,train
5110,train
8099,train
12359,train
12010,train
5950,train
585,train
7923,train
8170,train
15289,train
13081,train
17706,train
4080,train
5617,train
3701,train
208,train
13649,train
8387,train
19777,train
1925,train
15056,train
506,train
9091,train
8450,train
2384,train
2951,train
5758,train
15984,train
15894,train
16260,train
14478,train
922,train
6927,train
18409,train
6673,train
13590,train
713,train
8011,train
10325,train
1074,train
8876,train
4761,train
12480,train
1145,train
10052,train
17352,train
4514,train
7167,train
4473,train
12563,train
10374,train
19313,train
5443,train
10241,train
13277,train
6984,train
13135,train
18968,train
11678,train
17307,train
20246,train
19713,train
10689,train
3780,train
9734,train
12843,train
1492,train
13432,train
17257,train
18520,train
7439,train
7961,train
15288,train
957,train
12824,train
20553,train
8835,train
8490,train
8242,train
10382,train
7027,train
4637,train
5381,train
3507,train
13723,train
16217,train
3763,train
5040,train
13558,train
131,train
4989,train
2501,train
19834,train
2049,train
4664,train
19124,train
6756,train
11513,train
15319,train
10323,train
14561,train
15973,train
7148,train
406,train
15290,train
18907,train
4322,train
10081,train
1872,train
7125,train
20284,train
928,train
4554,train
17139,train
16519,train
5067,train
14675,train
2883,train
17024,train
20036,train
920,train
12046,train
4776,train
10240,train
8342,train
13932,train
807,train
17508,train
3055,train
11813,train
14652,train
3124,train
4385,train
10130,train
20410,train
1634,train
16571,train
14896,train
16907,train
2477,train
17001,train
19749,train
7211,train
6365,train
6803,train
12301,train
663,train
11861,train
12229,train
19933,train
3568,train
10697,train
17027,train
2651,train
4293,train
14221,train
13696,train
16511,train
16612,train
15303,train
5089,train
896,train
7888,train
3933,train
8025,train
1866,train
5974,train
4183,train
19825,train
9006,train
16575,train
19129,train
10806,train
13746,train
2605,train
1774,train
1618,train
6589,train
19606,train
6965,train
1627,train
7832,train
10900,train
10546,train
16024,train
14306,train
11749,train
15753,train
9500,train
19611,train
6351,train
13424,train
5313,train
4262,train
9444,train
9454,train
5469,train
3434,train
544,train
2019,train
6663,train
15399,train
3028,train
15983,train
8747,train
17806,train
6814,train
16474,train
294,train
1626,train
14776,train
17276,train
7045,train
4160,train
10601,train
19398,train
11374,train
19697,train
130,train
16988,train
15996,train
7484,train
4998,train
1149,train
5383,train
1122,train
20241,train
14328,train
14528,train
2658,train
5839,train
6382,train
4303,train
15043,train
2479,train
18342,train
17487,train
7539,train
3785,train
6587,train
16337,train
19083,train
11616,train
2746,train
510,train
9389,train
5091,train
8384,train
815,train
3981,train
6288,train
15596,train
2330,train
8856,train
9037,train
18994,train
181,train
3092,train
16510,train
19888,train
13782,train
7453,train
20245,train
9522,train
12528,train
10101,train
9279,train
8272,train
7307,train
20177,train
2012,train
5858,train
14646,train
20427,train
11059,train
2057,train
20127,train
4912,train
16208,train
2662,train
14021,train
8446,train
18910,train
11864,train
16339,train
16403,train
15244,train
8399,train
9854,train
10503,train
57,train
15447,train
6648,train
6474,train
18733,train
12754,train
10074,train
20531,train
2073,train
15728,train
8330,train
17981,train
17970,train
839,train
20355,train
1208,train
104,train
11050,train
16594,train
4815,train
10044,train
6761,train
15138,train
15966,train
13466,train
10197,train
4202,train
9204,train
2270,train
8513,train
17311,train
9393,train
15261,train
17819,train
2013,train
10264,train
8265,train
3775,train
19244,train
12736,train
15868,train
17530,train
9616,train
15401,train
16016,train
5050,train
4451,train
16872,train
16655,train
20345,train
2397,train
92,train
5750,train
934,train
10403,train
11946,train
9812,train
12101,train
14718,train
14287,train
5760,train
14265,train
19391,train
17350,train
18928,train
4990,train
2020,train
13390,train
3461,train
10766,train
9339,train
16171,train
7207,train
10938,train
5680,train
18213,train
5917,train
10592,train
4851,train
13234,train
9672,train
17458,train
11088,train
12938,train
20528,train
2092,train
13286,train
10735,train
16516,train
17961,train
10092,train
5663,train
6953,train
3075,train
8006,train
7445,train
8938,train
19050,train
10947,train
11433,train
12435,train
4175,train
1445,train
14971,train
3876,train
10458,train
12012,train
18299,train
2381,train
5528,train
4442,train
13672,train
6952,train
18086,train
9363,train
422,train
5214,train
11203,train
12476,train
13511,train
20468,train
14402,train
3448,train
7825,train
11486,train
9658,train
12375,train
19938,train
5536,train
11960,train
10547,train
7369,train
14786,train
8052,train
10688,train
7132,train
602,train
14312,train
8566,train
18919,train
4457,train
3016,train
10698,train
830,train
8124,train
9728,train
14257,train
10863,train
3404,train
12755,train
3337,train
1482,train
17484,train
20483,train
7158,train
2847,train
19218,train
11501,train
12478,train
17252,train
14428,train
11600,train
13408,train
16573,train
1380,train
19289,train
11654,train
14053,train
1528,train
17567,train
12989,train
7515,train
12241,train
18568,train
2838,train
6374,train
4418,train
446,train
400,train
2100,train
18758,train
11020,train
17250,train
12519,train
2427,train
3207,train
6528,train
18739,train
6452,train
8454,train
17762,train
13662,train
16117,train
20352,train
13470,train
16122,train
14938,train
12162,train
1934,train
3474,train
8789,train
8710,train
5057,train
147,train
632,train
4958,train
5905,train
12465,train
19766,train
6801,train
10462,train
17494,train
6566,train
7940,train
3540,train
17794,train
13097,train
20105,train
6445,train
4075,train
4954,train
14252,train
14899,train
16686,train
16410,train
12617,train
16129,train
394,train
10747,train
19009,train
4436,train
6265,train
3502,train
15734,train
11221,train
13886,train
5619,train
7944,train
18226,train
6543,train
10580,train
16810,train
2346,train
6794,train
19322,train
7854,train
3936,train
17897,train
6212,train
17591,train
1673,train
8093,train
14765,train
2984,train
11316,train
17518,train
12111,train
2912,train
9994,train
18453,train
16618,train
1891,train
13593,train
5704,train
13968,train
11103,train
9973,train
15594,train
4955,train
19182,train
9221,train
3927,train
18266,train
6990,train
1550,train
14807,train
12351,train
8818,train
5329,train
2829,train
18149,train
12618,train
3859,train
6111,train
9493,train
8392,train
8841,train
8193,train
3694,train
15598,train
5244,train
18397,train
9998,train
5280,train
6796,train
15403,train
12072,train
10969,train
983,train
19636,train
1875,train
16693,train
9909,train
8137,train
2215,train
8057,train
16720,train
11875,train
20502,train
10205,train
8662,train
4580,train
17118,train
7023,train
12818,train
14628,train
20288,train
13509,train
11445,train
4056,train
6336,train
11175,train
17299,train
18232,train
15059,train
760,train
2227,train
1485,train
1755,train
7732,train
78,train
16982,train
18873,train
3045,train
16068,train
8016,train
10000,train
11747,train
17123,train
7574,train
15953,train
248,train
11585,train
6717,train
9543,train
14816,train
11055,train
9321,train
2987,train
15210,train
7375,train
8336,train
19874,train
19045,train
1935,train
14557,train
10477,train
1466,train
6479,train
4229,train
15008,train
8682,train
7661,train
3102,train
17786,train
18558,train
6275,train
4522,train
10788,train
6138,train
3316,train
15369,train
19342,train
1612,train
16768,train
5677,train
13159,train
11901,train
8631,train
17176,train
3731,train
18233,train
17232,train
3953,train
13199,train
11351,train
7876,train
11334,train
7782,train
18168,train
499,train
9641,train
13064,train
20550,train
235,train
2437,train
17006,train
5752,train
4867,train
14455,train
17473,train
10554,train
15460,train
15480,train
5504,train
11542,train
6791,train
5290,train
7814,train
2741,train
15141,train
19626,train
18828,train
3226,train
6491,train
11454,train
14032,train
13668,train
2599,train
20199,train
1883,train
1082,train
1106,train
12925,train
17559,train
1785,train
4757,train
884,train
5212,train
2592,train
11954,train
17112,train
13847,train
11066,train
19344,train
4261,train
13856,train
12417,train
4808,train
7409,train
12933,train
18463,train
174,train
4270,train
7451,train
3085,train
11099,train
15993,train
4789,train
8963,train
1639,train
14744,train
8533,train
16098,train
6919,train
9733,train
20466,train
10318,train
2649,train
3728,train
13221,train
18332,train
13225,train
11892,train
6497,train
13074,train
10625,train
17922,train
9108,train
14435,train
621,train
745,train
2040,train
159,train
7048,train
3246,train
15098,train
12141,train
2168,train
6572,train
1336,train
3402,train
5925,train
5336,train
18864,train
3046,train
16234,train
12703,train
10133,train
5494,train
960,train
1660,train
1490,train
65,train
13534,train
20216,train
7713,train
15795,train
16420,train
11797,train
11186,train
15479,train
340,train
7130,train
20545,train
2766,train
19434,train
292,train
20237,train
14990,train
16167,train
14361,train
3342,train
3220,train
17490,train
13665,train
7558,train
12261,train
6312,train
2893,train
10650,train
13907,train
19192,train
17287,train
8411,train
17166,train
15441,train
2464,train
172,train
4983,train
12124,train
4271,train
252,train
5096,train
19600,train
10813,train
15227,train
16355,train
18744,train
19151,train
13976,train
18965,train
226,train
16380,train
15035,train
17405,train
5239,train
3703,train
19369,train
7874,train
14923,train
8182,train
8890,train
8216,train
2410,train
3376,train
5703,train
1717,train
1889,train
11859,train
8255,train
3840,train
7088,train
3980,train
7150,train
10419,train
14530,train
15913,train
17638,train
2094,train
19274,train
3618,train
13994,train
13773,train
737,train
18570,train
4969,train
12909,train
11794,train
16706,train
6939,train
1451,train
17839,train
19970,train
12613,train
13379,train
4674,train
18691,train
15015,train
3814,train
8493,train
10219,train
6254,train
3388,train
11306,train
6550,train
15880,train
18036,train
7483,train
9667,train
12021,train
18722,train
1319,train
12581,train
15587,train
14320,train
10667,train
765,train
11214,train
14083,train
3659,train
17813,train
6625,train
1416,train
1444,train
7733,train
4447,train
14716,train
1250,train
14665,train
732,train
10859,train
2393,train
7779,train
9095,train
2907,train
4577,train
11811,train
7419,train
2961,train
13980,train
20145,train
13957,train
12225,train
17734,train
10880,train
3038,train
12131,train
20399,train
10838,train
1625,train
17565,train
7252,train
17042,train
255,train
20503,train
6841,train
13030,train
17125,train
14168,train
13560,train
16806,train
16784,train
9029,train
14179,train
14961,train
20104,train
4578,train
10203,train
1557,train
5376,train
3861,train
12329,train
8484,train
5531,train
4737,train
14703,train
1878,train
18107,train
2050,train
1805,train
2869,train
7426,train
15957,train
3171,train
3560,train
11554,train
15052,train
2022,train
18391,train
3081,train
10998,train
7298,train
18250,train
12264,train
13703,train
17072,train
6782,train
7056,train
11868,train
660,train
16037,train
13896,train
14677,train
10585,train
16019,train
19880,train
10465,train
8401,train
11408,train
11810,train
2185,train
13019,train
14307,train
5274,train
5909,train
3574,train
16935,train
14271,train
6932,train
6937,train
4819,train
19896,train
7034,train
15840,train
12888,train
10204,train
3159,train
8094,train
13648,train
10046,train
9555,train
12574,train
14363,train
3906,train
2124,train
3955,train
3237,train
4692,train
9497,train
937,train
7844,train
4427,train
19801,train
7485,train
14662,train
3040,train
16954,train
4119,train
18434,train
10999,train
4380,train
3183,train
26,train
9800,train
18244,train
16049,train
18579,train
12259,train
4581,train
8557,train
12780,train
323,train
10100,train
18850,train
7304,train
19885,train
980,train
4748,train
16506,train
1433,train
6567,train
439,train
5281,train
13714,train
14009,train
15659,train
9001,train
2875,train
6836,train
3245,train
6860,train
1333,train
14940,train
8582,train
5032,train
5879,train
4997,train
10920,train
7055,train
7519,train
18416,train
13786,train
18469,train
569,train
13661,train
12455,train
13567,train
8594,train
4061,train
20113,train
11507,train
3365,train
10351,train
11131,train
1647,train
14660,train
7082,train
14611,train
10222,train
13876,train
17415,train
3318,train
2622,train
14505,train
5334,train
13281,train
3552,train
8724,train
643,train
13710,train
7920,train
4527,train
12198,train
18389,train
9430,train
17715,train
8671,train
5190,train
8699,train
18414,train
4110,train
19390,train
14183,train
18448,train
433,train
9617,train
11824,train
17720,train
7455,train
15888,train
6692,train
8676,train
2891,train
19573,train
7547,train
18193,train
6949,train
9476,train
18140,train
9758,train
9695,train
16489,train
11758,train
11271,train
17689,train
604,train
1216,train
14893,train
14333,train
12962,train
6141,train
6032,train
8939,train
4431,train
1310,train
8473,train
12526,train
17320,train
1304,train
3072,train
13517,train
7295,train
3390,train
11107,train
19343,train
15228,train
11255,train
5757,train
453,train
12188,train
2222,train
18443,train
192,train
6236,train
7010,train
5064,train
2596,train
15876,train
5723,train
3768,train
19160,train
19187,train
10082,train
2559,train
17223,train
87,train
14404,train
20378,train
2562,train
15512,train
11972,train
14542,train
1334,train
17651,train
4943,train
12740,train
11633,train
9681,train
12129,train
15969,train
21,train
1850,train
10755,train
7591,train
12585,train
5433,train
1022,train
13115,train
10521,train
1880,train
18524,train
7176,train
2102,train
10195,train
8027,train
13623,train
12764,train
8015,train
2481,train
8765,train
5643,train
5522,train
1211,train
8957,train
18656,train
17742,train
15367,train
19670,train
18773,train
9540,train
15321,train
2554,train
12384,train
17379,train
10589,train
7520,train
10474,train
10865,train
1217,train
8354,train
2762,train
20089,train
1496,train
6424,train
6895,train
7527,train
9447,train
11106,train
9696,train
3613,train
6650,train
11258,train
13451,train
6909,train
14892,train
13866,train
17019,train
17888,train
17610,train
2698,train
2204,train
5276,train
10367,train
19952,train
8105,train
10363,train
2999,train
9145,train
15293,train
3522,train
82,train
3673,train
12651,train
1476,train
1652,train
4944,train
14474,train
6838,train
18373,train
144,train
9355,train
9438,train
6687,train
1008,train
3909,train
2044,train
4639,train
6398,train
2925,train
7403,train
19565,train
9209,train
4704,train
6311,train
12997,train
19757,train
9602,train
8607,train
8456,train
6322,train
16615,train
12219,train
11909,train
14105,train
15975,train
18895,train
6206,train
16848,train
2429,train
15274,train
16811,train
6415,train
244,train
19605,train
5480,train
10619,train
7951,train
16040,train
17005,train
15345,train
19796,train
18878,train
790,train
6828,train
11133,train
5580,train
3551,train
12222,train
6194,train
15697,train
3948,train
19212,train
11154,train
4182,train
13435,train
12760,train
14141,train
14250,train
669,train
7622,train
8811,train
3937,train
15692,train
10928,train
18492,train
8552,train
10162,train
18044,train
13685,train
121,train
2455,train
16675,train
8264,train
20083,train
17162,train
14097,train
4399,train
15185,train
8654,train
3105,train
13987,train
14558,train
16423,train
12034,train
4933,train
4675,train
11315,train
1409,train
13757,train
6804,train
12889,train
1736,train
2974,train
15537,train
12497,train
16814,train
5449,train
9115,train
13655,train
13385,train
7,train
9916,train
6765,train
7631,train
12335,train
7964,train
17923,train
11913,train
3854,train
1095,train
17247,train
15491,train
9905,train
18813,train
14927,train
8936,train
4297,train
11506,train
20212,train
12459,train
11973,train
4199,train
20153,train
15407,train
12161,train
4902,train
17904,train
18326,train
5419,train
18833,train
9675,train
12103,train
20325,train
7290,train
4147,train
13164,train
18517,train
18741,train
11841,train
8523,train
11000,train
4734,train
2752,train
6512,train
9659,train
4019,train
11300,train
6956,train
9423,train
7336,train
4531,train
7607,train
19984,train
16819,train
18502,train
12203,train
12173,train
3495,train
12470,train
11624,train
14027,train
2079,train
2030,train
14863,train
5374,train
19875,train
12132,train
16807,train
15073,train
2411,train
5326,train
7642,train
10847,train
8260,train
17702,train
14969,train
6469,train
19703,train
3058,train
19256,train
4441,train
4651,train
6256,train
17560,train
4960,train
13330,train
3478,train
11690,train
1027,train
19012,train
12471,train
18001,train
7389,train
10822,train
9289,train
8852,train
1142,train
10878,train
3396,train
7649,train
12761,train
8579,train
12358,train
18084,train
13331,train
14620,train
10368,train
6703,train
1698,train
10581,train
9580,train
7358,train
1887,train
19134,train
11330,train
8966,train
1991,train
17623,train
11439,train
3626,train
4288,train
7625,train
12534,train
13999,train
1212,train
5937,train
3506,train
1601,train
17933,train
11857,train
18797,train
716,train
20465,train
9048,train
1582,train
11261,train
15375,train
2284,train
6113,train
4653,train
5378,train
15741,train
10604,train
9287,train
535,train
5947,train
19866,train
8212,train
6342,train
15517,train
13138,train
3766,train
6741,train
18918,train
894,train
15347,train
11344,train
19085,train
17673,train
10045,train
2318,train
17844,train
4536,train
13990,train
7772,train
10395,train
14100,train
20272,train
2514,train
18113,train
611,train
6117,train
10736,train
9828,train
1644,train
3393,train
15617,train
3878,train
9536,train
11497,train
16951,train
7376,train
14830,train
7665,train
6353,train
20372,train
10542,train
7327,train
17456,train
15743,train
18950,train
8524,train
12179,train
18709,train
6533,train
6946,train
14154,train
14780,train
19650,train
186,train
3306,train
17513,train
4838,train
2731,train
12115,train
17631,train
1668,train
17209,train
6532,train
7481,train
17991,train
11081,train
12576,train
15783,train
15381,train
596,train
9877,train
18941,train
2707,train
11395,train
19618,train
361,train
11995,train
13726,train
5247,train
14022,train
11661,train
8901,train
291,train
17962,train
964,train
868,train
5009,train
10518,train
14388,train
6616,train
7251,train
8405,train
11715,train
5903,train
14640,train
10702,train
3699,train
10976,train
11399,train
14437,train
9643,train
2508,train
5582,train
17704,train
20049,train
14706,train
5045,train
7237,train
11352,train
14853,train
14256,train
3074,train
8716,train
13322,train
16017,train
2890,train
4956,train
3599,train
13076,train
7493,train
11977,train
73,train
11438,train
1372,train
15856,train
4408,train
8893,train
15500,train
7160,train
10694,train
2387,train
4249,train
9056,train
6360,train
8700,train
12514,train
13009,train
16605,train
2749,train
8824,train
456,train
20471,train
4146,train
6080,train
15814,train
17202,train
20479,train
7458,train
19308,train
15702,train
12194,train
728,train
19681,train
19923,train
19033,train
1573,train
14143,train
2383,train
12682,train
8305,train
141,train
15391,train
20133,train
16688,train
870,train
16251,train
2634,train
7090,train
16320,train
4010,train
9383,train
20332,train
1302,train
11392,train
11262,train
19986,train
6028,train
18521,train
13965,train
20011,train
4252,train
3615,train
16540,train
18511,train
13824,train
17094,train
16748,train
8964,train
1820,train
11135,train
5272,train
12369,train
12928,train
6595,train
15944,train
7385,train
7513,train
768,train
19191,train
3799,train
3071,train
11567,train
11089,train
18935,train
13955,train
1277,train
15812,train
4216,train
7268,train
7971,train
14207,train
13912,train
15131,train
16278,train
1251,train
6262,train
11188,train
8576,train
1318,train
905,train
18188,train
1266,train
8954,train
10258,train
1583,train
11656,train
1676,train
16084,train
96,train
319,train
16634,train
18915,train
3265,train
19003,train
10305,train
11516,train
5948,train
2422,train
7395,train
6118,train
14003,train
9266,train
4560,train
14222,train
5278,train
13893,train
6913,train
2488,train
19972,train
19193,train
2693,train
2575,train
9547,train
3107,train
15927,train
4265,train
3821,train
11882,train
16166,train
10263,train
6373,train
20368,train
5474,train
13166,train
15848,train
16190,train
11097,train
9448,train
1775,train
17834,train
8293,train
614,train
4352,train
16856,train
11067,train
12155,train
11666,train
1551,train
3753,train
5295,train
18447,train
666,train
4987,train
17294,train
1113,train
11165,train
18522,train
12278,train
16734,train
7983,train
16779,train
10668,train
8621,train
10525,train
11037,train
7988,train
8643,train
64,train
351,train
3837,train
11555,train
19940,train
7248,train
16128,train
526,train
5020,train
2218,train
20148,train
20467,train
16193,train
14897,train
10018,train
2167,train
6193,train
470,train
13443,train
4616,train
5989,train
17360,train
20510,train
3935,train
10441,train
18957,train
14042,train
18172,train
3264,train
11675,train
3541,train
17561,train
13802,train
12630,train
16441,train
5618,train
2813,train
13101,train
16715,train
13459,train
7244,train
8996,train
6175,train
18497,train
5405,train
10038,train
11246,train
11791,train
9899,train
17853,train
2911,train
13843,train
12122,train
4650,train
8066,train
10723,train
3110,train
3848,train
5453,train
10303,train
14930,train
20151,train
19000,train
20463,train
15763,train
5559,train
14804,train
2007,train
5945,train
17840,train
15308,train
18551,train
16137,train
11533,train
14540,train
94,train
8909,train
15063,train
1570,train
11150,train
15394,train
8367,train
19103,train
14111,train
11314,train
15528,train
12941,train
2409,train
2564,train
4646,train
18707,train
3664,train
10905,train
7797,train
10945,train
4292,train
18763,train
13082,train
13884,train
14029,train
14315,train
10229,train
3013,train
8366,train
3397,train
18482,train
5263,train
8402,train
15965,train
13732,train
15045,train
3548,train
19551,train
7727,train
19907,train
15187,train
17233,train
10031,train
15054,train
13722,train
16921,train
4117,train
6771,train
10337,train
1782,train
16021,train
3604,train
8128,train
19210,train
18335,train
8069,train
6053,train
14800,train
15920,train
9760,train
17083,train
10934,train
18432,train
12606,train
2340,train
13130,train
17634,train
13015,train
13319,train
6659,train
14419,train
20115,train
4381,train
14371,train
7603,train
16233,train
11856,train
6202,train
20031,train
11139,train
15739,train
16034,train
9572,train
1031,train
5790,train
18676,train
15134,train
17073,train
452,train
8413,train
20244,train
15720,train
76,train
9256,train
1163,train
16761,train
8248,train
9302,train
1893,train
15691,train
4720,train
1455,train
5503,train
14932,train
13429,train
276,train
17370,train
8547,train
19922,train
5441,train
5662,train
10388,train
3602,train
7633,train
595,train
3883,train
17977,train
9995,train
11828,train
4360,train
7943,train
9403,train
3152,train
10605,train
11876,train
18359,train
8656,train
17046,train
10617,train
4542,train
19104,train
19,train
13863,train
13946,train
6959,train
16400,train
11628,train
3227,train
5332,train
12324,train
12753,train
5029,train
3938,train
15759,train
17417,train
2947,train
1255,train
16004,train
7254,train
18031,train
14754,train
12680,train
11826,train
2504,train
19239,train
19863,train
7885,train
1043,train
10831,train
15283,train
7491,train
12142,train
324,train
16018,train
14726,train
19595,train
18498,train
12649,train
13520,train
20364,train
9553,train
4770,train
9384,train
20311,train
8349,train
16188,train
19846,train
4021,train
16009,train
5296,train
5101,train
3723,train
9390,train
20214,train
2042,train
18890,train
10768,train
11586,train
11739,train
19917,train
2352,train
1996,train
6559,train
17607,train
11370,train
2306,train
3967,train
4378,train
337,train
18300,train
12075,train
13790,train
14290,train
2305,train
10400,train
5439,train
7306,train
15575,train
15439,train
4066,train
14612,train
9420,train
10881,train
9713,train
3335,train
2615,train
15475,train
4931,train
5187,train
1311,train
2281,train
20239,train
16656,train
6435,train
850,train
18529,train
17693,train
9349,train
15866,train
16192,train
3,train
15027,train
10994,train
15031,train
1144,train
4400,train
12357,train
14338,train
3754,train
483,train
5930,train
16680,train
12689,train
11623,train
1560,train
5241,train
14267,train
3791,train
6991,train
17454,train
9472,train
18099,train
16684,train
15822,train
5509,train
4792,train
3802,train
3688,train
2365,train
5465,train
2781,train
7007,train
11986,train
7952,train
6630,train
4093,train
16999,train
9254,train
8627,train
283,train
10663,train
5462,train
11610,train
3535,train
8918,train
19162,train
6217,train
15203,train
2197,train
15400,train
5106,train
1072,train
10520,train
8102,train
7383,train
16112,train
8423,train
14670,train
8739,train
19826,train
18112,train
14161,train
6501,train
16060,train
11290,train
2339,train
8820,train
17602,train
14774,train
11670,train
8679,train
1427,train
5870,train
9370,train
8892,train
18911,train
11988,train
8363,train
15610,train
17244,train
10722,train
13570,train
17025,train
14104,train
19378,train
2497,train
1763,train
10674,train
8509,train
3531,train
17688,train
10757,train
6780,train
6467,train
11884,train
615,train
3520,train
2542,train
8329,train
12440,train
11104,train
677,train
11160,train
15191,train
4320,train
14901,train
15108,train
15502,train
371,train
2770,train
14877,train
7612,train
7291,train
14536,train
8601,train
15463,train
9774,train
8782,train
10776,train
19771,train
4476,train
19597,train
17496,train
335,train
1695,train
14527,train
8149,train
9732,train
17892,train
12719,train
6128,train
8187,train
2617,train
18177,train
2525,train
5960,train
12717,train
14078,train
231,train
7287,train
10970,train
14193,train
13890,train
2992,train
2997,train
2861,train
6054,train
12951,train
14063,train
6998,train
18034,train
5111,train
18408,train
1099,train
11461,train
10717,train
17544,train
13960,train
15268,train
8827,train
149,train
10556,train
20120,train
19102,train
4951,train
5818,train
352,train
16212,train
8453,train
7730,train
6233,train
16891,train
12587,train
767,train
7057,train
2174,train
2149,train
1683,train
2063,train
9163,train
14218,train
2302,train
1423,train
12845,train
696,train
8133,train
5098,train
11917,train
7692,train
16186,train
9839,train
12002,train
3828,train
1578,train
7272,train
769,train
6704,train
15153,train
7349,train
1706,train
13134,train
11667,train
12506,train
374,train
3469,train
5192,train
1515,train
17416,train
13374,train
13190,train
13027,train
13627,train
7578,train
11469,train
17160,train
9949,train
1399,train
11357,train
8441,train
13434,train
18673,train
8713,train
6379,train
16008,train
1417,train
18503,train
18531,train
7969,train
19999,train
19829,train
10582,train
5823,train
4905,train
13391,train
4225,train
8879,train
12044,train
2436,train
19155,train
10620,train
16682,train
16749,train
12165,train
12692,train
12334,train
16832,train
1742,train
12671,train
10982,train
18135,train
17130,train
14589,train
11971,train
6847,train
18280,train
9481,train
14747,train
4142,train
13316,train
15327,train
5242,train
2748,train
19458,train
17763,train
9726,train
14512,train
17539,train
19533,train
12063,train
11384,train
4038,train
10349,train
13719,train
6934,train
1460,train
6637,train
20413,train
86,train
17954,train
11712,train
7831,train
13885,train
8,train
7394,train
10017,train
12069,train
13395,train
5994,train
14000,train
15887,train
18230,train
865,train
16461,train
18658,train
18167,train
20331,train
7189,train
16590,train
10161,train
20327,train
18115,train
3094,train
12540,train
4371,train
12844,train
15903,train
4569,train
3800,train
5885,train
14497,train
4588,train
16446,train
1970,train
5673,train
14687,train
3801,train
7753,train
3005,train
10948,train
16523,train
8984,train
10759,train
6130,train
9081,train
14035,train
9134,train
115,train
6725,train
5577,train
641,train
18415,train
7156,train
5724,train
15425,train
14076,train
17800,train
9422,train
10142,train
3357,train
6523,train
7959,train
3312,train
19452,train
13950,train
13718,train
16163,train
14378,train
20140,train
16314,train
19384,train
18139,train
3636,train
7177,train
4328,train
9469,train
16501,train
11279,train
11383,train
3634,train
16595,train
12499,train
18239,train
4277,train
5342,train
100,train
18229,train
12580,train
7172,train
11244,train
1826,train
7817,train
9908,train
6750,train
8494,train
1271,train
11126,train
8877,train
16844,train
16230,train
17477,train
16427,train
15068,train
9421,train
10309,train
1748,train
15578,train
13211,train
20457,train
8355,train
1225,train
6437,train
7315,train
16991,train
11064,train
9301,train
19447,train
14350,train
6057,train
20418,train
11761,train
2708,train
9043,train
3065,train
2682,train
7028,train
5869,train
14376,train
6313,train
2178,train
9887,train
14263,train
9706,train
343,train
134,train
2239,train
4596,train
6911,train
312,train
12732,train
19730,train
14944,train
11368,train
11803,train
6810,train
1874,train
6070,train
11957,train
1506,train
2372,train
12968,train
5001,train
3536,train
15526,train
16211,train
6627,train
13020,train
7900,train
10967,train
2219,train
4576,train
6093,train
14553,train
4037,train
12427,train
443,train
12827,train
3886,train
13998,train
3325,train
14544,train
16385,train
19879,train
17879,train
3630,train
19119,train
7414,train
9240,train
6033,train
14870,train
1507,train
19545,train
12287,train
19242,train
4835,train
1392,train
17625,train
18097,train
9891,train
11146,train
16812,train
19185,train
14656,train
12702,train
5061,train
18441,train
15713,train
14891,train
718,train
14956,train
15634,train
1809,train
8792,train
20512,train
15558,train
791,train
4711,train
19319,train
14006,train
2084,train
7543,train
8291,train
8071,train
6231,train
539,train
2522,train
827,train
18290,train
20188,train
11804,train
1300,train
9076,train
7061,train
20200,train
16327,train
16065,train
4268,train
12339,train
386,train
10910,train
13346,train
10508,train
395,train
15222,train
17290,train
1964,train
13067,train
17157,train
16074,train
4072,train
20250,train
19559,train
8311,train
18473,train
17781,train
1056,train
14669,train
8646,train
859,train
5321,train
1584,train
5130,train
19932,train
1238,train
13575,train
7380,train
18757,train
5678,train
7799,train
18240,train
1896,train
1102,train
4665,train
16480,train
6192,train
5223,train
17305,train
19194,train
3199,train
17778,train
10792,train
5129,train
17331,train
16373,train
10302,train
511,train
6393,train
2945,train
16088,train
771,train
11551,train
19590,train
13105,train
7709,train
15258,train
7269,train
18821,train
12622,train
2805,train
885,train
18098,train
3283,train
821,train
14594,train
1111,train
20010,train
3679,train
741,train
4848,train
9884,train
5468,train
18706,train
17039,train
13793,train
10253,train
2453,train
18440,train
17741,train
14047,train
16357,train
1509,train
19425,train
10682,train
16401,train
20511,train
20219,train
11128,train
1819,train
9241,train
14248,train
10010,train
9197,train
3109,train
13008,train
552,train
5702,train
15855,train
684,train
4605,train
12238,train
18288,train
13617,train
12734,train
16228,train
11418,train
10932,train
13546,train
11773,train
2975,train
263,train
6300,train
11779,train
3409,train
20232,train
5625,train
15271,train
12718,train
18611,train
16184,train
17867,train
703,train
10452,train
5657,train
13185,train
2332,train
4149,train
14470,train
11649,train
14345,train
1235,train
15748,train
8940,train
1572,train
10335,train
39,train
13398,train
6787,train
18810,train
7312,train
6727,train
14797,train
10306,train
2849,train
8219,train
11472,train
13173,train
13129,train
1477,train
12379,train
8369,train
1980,train
16476,train
17978,train
5995,train
1960,train
6003,train
10370,train
5430,train
5706,train
938,train
5299,train
4015,train
12437,train
7188,train
13823,train
3843,train
14080,train
14867,train
19527,train
5373,train
12109,train
4148,train
20481,train
19454,train
6711,train
2180,train
5987,train
17766,train
18338,train
18949,train
16426,train
18614,train
10073,train
13148,train
17654,train
10679,train
12579,train
16640,train
1868,train
7232,train
685,train
19046,train
6148,train
661,train
13000,train
4512,train
6615,train
232,train
11455,train
7731,train
7739,train
6835,train
19894,train
9312,train
1914,train
5633,train
18654,train
5523,train
20082,train
10713,train
13684,train
12448,train
13984,train
3323,train
19232,train
6049,train
8275,train
18147,train
2565,train
13525,train
6222,train
3889,train
20122,train
9762,train
5751,train
17633,train
6935,train
5897,train
2392,train
7393,train
12291,train
16275,train
5454,train
13607,train
13397,train
3182,train
15019,train
13100,train
3639,train
11589,train
5789,train
18886,train
336,train
18370,train
11087,train
13971,train
16673,train
1358,train
8875,train
8565,train
495,train
17858,train
8004,train
5162,train
19547,train
9592,train
7354,train
1359,train
11556,train
11683,train
3625,train
9686,train
18969,train
13936,train
1268,train
12164,train
15516,train
17146,train
11843,train
10396,train
9333,train
7947,train
19413,train
11285,train
4993,train
2965,train
4649,train
4907,train
8814,train
4295,train
12248,train
3467,train
17581,train
5417,train
15924,train
13679,train
15815,train
16919,train
14735,train
4002,train
20491,train
12205,train
7746,train
1475,train
20254,train
2199,train
10151,train
11681,train
274,train
14950,train
17443,train
18778,train
173,train
8822,train
14225,train
10223,train
20050,train
1786,train
17327,train
1821,train
9277,train
6428,train
6122,train
19453,train
14650,train
19071,train
10946,train
18536,train
6387,train
14916,train
14906,train
7911,train
9069,train
387,train
2719,train
6541,train
12114,train
7107,train
3348,train
2818,train
13799,train
12639,train
11413,train
8221,train
17675,train
13262,train
6484,train
19748,train
3482,train
11405,train
17450,train
3767,train
10420,train
1050,train
9583,train
9524,train
1876,train
20319,train
13875,train
15182,train
8326,train
12250,train
3605,train
2082,train
13889,train
8391,train
11538,train
10651,train
17099,train
10375,train
1321,train
11503,train
565,train
11754,train
20129,train
20505,train
1729,train
2657,train
140,train
6713,train
2827,train
17605,train
3951,train
10568,train
18249,train
17505,train
929,train
16764,train
8813,train
2650,train
16804,train
4192,train
5026,train
6623,train
11498,train
10491,train
16485,train
8110,train
1764,train
17179,train
3532,train
14294,train
4568,train
15891,train
16517,train
19355,train
12515,train
564,train
11599,train
233,train
20356,train
16182,train
16222,train
12350,train
5319,train
9648,train
19815,train
2535,train
12966,train
4166,train
14174,train
9527,train
6293,train
11731,train
1362,train
12628,train
10449,train
519,train
14629,train
8648,train
1246,train
11578,train
16781,train
19207,train
11028,train
6319,train
12405,train
17372,train
3345,train
7128,train
11485,train
4640,train
3258,train
4590,train
9919,train
6661,train
18454,train
7384,train
11084,train
19544,train
19767,train
15786,train
10646,train
16786,train
11756,train
31,train
2783,train
14353,train
4397,train
6294,train
6230,train
19724,train
2338,train
11711,train
6172,train
14834,train
9491,train
19206,train
6499,train
5217,train
1158,train
10340,train
10177,train
3369,train
3601,train
13256,train
10135,train
2691,train
7860,train
20286,train
2924,train
3583,train
4023,train
14279,train
5289,train
10181,train
15793,train
4047,train
15070,train
19975,train
17682,train
19336,train
5219,train
15837,train
10096,train
6502,train
18015,train
15853,train
8316,train
11908,train
11120,train
13711,train
5256,train
2106,train
5261,train
4863,train
20030,train
7634,train
2557,train
7616,train
14399,train
6534,train
8898,train
5769,train
2380,train
5285,train
20112,train
11364,train
13023,train
7982,train
10793,train
6024,train
293,train
5095,train
80,train
8542,train
2548,train
2150,train
18860,train
12775,train
13025,train
8439,train
13016,train
6678,train
5186,train
11193,train
502,train
6733,train
16408,train
14467,train
14375,train
965,train
3715,train
1457,train
11284,train
11048,train
17751,train
19540,train
9414,train
883,train
8118,train
20012,train
3939,train
19440,train
10372,train
14919,train
14178,train
18297,train
15097,train
1771,train
478,train
15255,train
12615,train
2983,train
3160,train
3044,train
797,train
10896,train
10160,train
2398,train
7871,train
8505,train
10147,train
18825,train
4620,train
1153,train
20391,train
5505,train
346,train
12202,train
864,train
11057,train
7501,train
18803,train
532,train
13314,train
19236,train
15579,train
480,train
3741,train
7916,train
17659,train
9004,train
19901,train
5021,train
17291,train
16668,train
4316,train
17725,train
18223,train
1879,train
10012,train
19238,train
15226,train
16001,train
19432,train
6805,train
11502,train
17137,train
6639,train
12015,train
16949,train
8904,train
2308,train
7948,train
18100,train
1306,train
5060,train
10472,train
7756,train
17474,train
2255,train
16795,train
16150,train
5228,train
15442,train
14295,train
1420,train
19558,train
15041,train
16808,train
12410,train
10328,train
4244,train
8223,train
4423,train
14479,train
13771,train
106,train
4774,train
19317,train
743,train
6962,train
16245,train
10638,train
17088,train
4461,train
14188,train
19812,train
10978,train
1130,train
9012,train
12697,train
1983,train
19321,train
20268,train
18973,train
12720,train
20248,train
19510,train
14195,train
3628,train
806,train
10484,train
17204,train
6249,train
9608,train
18082,train
15416,train
1265,train
10226,train
14026,train
5854,train
3212,train
5099,train
19034,train
3964,train
11040,train
7434,train
16202,train
16782,train
4443,train
16479,train
20002,train
13756,train
8508,train
16352,train
7094,train
8632,train
12064,train
14799,train
16224,train
7840,train
9640,train
11883,train
17369,train
7042,train
8274,train
14844,train
14902,train
17255,train
20045,train
20522,train
14538,train
5121,train
5004,train
7562,train
16431,train
3850,train
8277,train
12088,train
7187,train
15093,train
20195,train
239,train
17240,train
11996,train
1328,train
20541,train
1077,train
10693,train
19586,train
13638,train
8669,train
16412,train
11863,train
6204,train
19373,train
8451,train
16725,train
2898,train
9688,train
40,train
8664,train
13122,train
11495,train
2578,train
1046,train
9911,train
1522,train
156,train
15366,train
18125,train
4919,train
6229,train
11778,train
16746,train
15044,train
11672,train
2886,train
3892,train
3682,train
1047,train
9607,train
8396,train
5201,train
12079,train
9738,train
5337,train
4094,train
12782,train
20282,train
3681,train
2345,train
8437,train
19832,train
11721,train
6250,train
8737,train
13124,train
12647,train
19785,train
14077,train
11382,train
5344,train
10437,train
16162,train
13563,train
14856,train
5459,train
857,train
15047,train
2233,train
408,train
11327,train
16087,train
18698,train
17679,train
18906,train
12154,train
6363,train
8766,train
979,train
3321,train
5770,train
15150,train
14811,train
8868,train
17690,train
8849,train
15450,train
17647,train
11496,train
12342,train
3670,train
3517,train
7488,train
17593,train
15061,train
11234,train
3302,train
264,train
9581,train
7431,train
18210,train
3144,train
13179,train
1148,train
11076,train
20086,train
9242,train
16106,train
9829,train
13805,train
19040,train
12031,train
12657,train
16691,train
5013,train
15372,train
8980,train
9979,train
6021,train
7658,train
2801,train
6592,train
17668,train
1772,train
16264,train
13908,train
6608,train
1932,train
10687,train
822,train
8691,train
369,train
10917,train
12296,train
9217,train
12557,train
14941,train
15032,train
3746,train
16719,train
15604,train
2282,train
6612,train
17790,train
120,train
13427,train
15758,train
2784,train
3187,train
5025,train
17313,train
966,train
5038,train
3544,train
906,train
19814,train
11380,train
13700,train
20518,train
8356,train
2775,train
5942,train
18436,train
8933,train
1000,train
5868,train
9546,train
10936,train
5347,train
1379,train
15470,train
6224,train
5953,train
15183,train
321,train
5782,train
8675,train
12308,train
16203,train
10681,train
5053,train
6321,train
16143,train
12295,train
16997,train
17676,train
15397,train
12572,train
3926,train
14103,train
12394,train
1956,train
7683,train
18311,train
12492,train
20023,train
10439,train
12704,train
8194,train
19877,train
16641,train
6487,train
10071,train
6278,train
17241,train
20057,train
2399,train
3989,train
3223,train
2209,train
19699,train
19364,train
19695,train
14462,train
11510,train
17371,train
13418,train
1604,train
2528,train
13326,train
18255,train
3372,train
14959,train
7998,train
16708,train
15772,train
15960,train
3440,train
8611,train
2745,train
15107,train
574,train
19568,train
5811,train
17151,train
17999,train
9716,train
15016,train
10819,train
16388,train
16136,train
10971,train
19962,train
1438,train
13207,train
2021,train
13144,train
17797,train
6618,train
18795,train
1622,train
3188,train
9323,train
10621,train
11063,train
5599,train
11366,train
15859,train
8276,train
2039,train
5557,train
17141,train
8298,train
16290,train
14657,train
14131,train
15139,train
3629,train
12916,train
7036,train
4916,train
18165,train
19736,train
11491,train
5485,train
10517,train
9072,train
9397,train
5963,train
14632,train
4754,train
6182,train
15717,train
1273,train
11615,train
11992,train
4876,train
10751,train
13476,train
3423,train
15611,train
16454,train
9852,train
7619,train
14616,train
14757,train
15792,train
15787,train
17342,train
15263,train
3505,train
6822,train
16897,train
2977,train
616,train
19455,train
17767,train
7978,train
11923,train
10553,train
17170,train
20385,train
6160,train
9719,train
20060,train
4716,train
15690,train
11536,train
18849,train
13717,train
2804,train
1535,train
17541,train
18924,train
6966,train
2964,train
2090,train
13586,train
17850,train
7867,train
7390,train
15234,train
5669,train
15270,train
8424,train
8080,train
804,train
730,train
17747,train
19464,train
11367,train
11070,train
6403,train
9264,train
13080,train
1794,train
1157,train
11297,train
15486,train
18245,train
6375,train
1766,train
15100,train
2764,train
17942,train
6671,train
4947,train
15025,train
20539,train
7504,train
11292,train
10576,train
12857,train
7373,train
20142,train
16442,train
10252,train
16158,train
12500,train
11607,train
6358,train
3542,train
11752,train
19721,train
16038,train
13516,train
12762,train
19806,train
5385,train
1039,train
17871,train
6359,train
1747,train
12152,train
3012,train
11907,train
2950,train
2584,train
10864,train
6361,train
13361,train
13217,train
1495,train
14836,train
20167,train
4877,train
16119,train
5785,train
8009,train
7402,train
19804,train
708,train
13394,train
12443,train
1045,train
7686,train
3648,train
3387,train
14947,train
13503,train
19675,train
8361,train
4212,train
19303,train
11903,train
17120,train
19324,train
4493,train
6969,train
19482,train
17700,train
14606,train
160,train
12537,train
10804,train
15221,train
10307,train
7203,train
17254,train
13475,train
16157,train
13382,train
7053,train
4966,train
17906,train
847,train
14176,train
4245,train
17269,train
3973,train
3178,train
13979,train
195,train
14348,train
10664,train
17913,train
678,train
7820,train
3134,train
11171,train
365,train
15189,train
12786,train
17300,train
3732,train
5133,train
9518,train
4751,train
3809,train
17136,train
11356,train
14089,train
11561,train
16111,train
16240,train
7129,train
2763,train
13396,train
9315,train
17340,train
6127,train
492,train
4546,train
19995,train
19008,train
12918,train
19450,train
16508,train
12270,train
3400,train
8749,train
6799,train
13318,train
9207,train
6120,train
15046,train
12670,train
20136,train
9041,train
9701,train
18882,train
7190,train
5560,train
7839,train
19702,train
8891,train
1933,train
18589,train
9960,train
13364,train
14262,train
12138,train
6597,train
19735,train
8609,train
2213,train
19623,train
18982,train
18127,train
17449,train
18728,train
5226,train
562,train
10544,train
11532,train
12788,train
5052,train
4470,train
17542,train
9078,train
2550,train
7816,train
15404,train
9780,train
6700,train
14848,train
5470,train
7198,train
5372,train
12756,train
14260,train
18093,train
17022,train
1973,train
987,train
11093,train
15173,train
16606,train
7326,train
12604,train
10399,train
3576,train
19991,train
19327,train
8630,train
4000,train
1112,train
9598,train
11755,train
7329,train
13089,train
15714,train
10958,train
12257,train
12366,train
1011,train
8043,train
12665,train
6310,train
16151,train
15071,train
15807,train
908,train
8165,train
9649,train
592,train
16821,train
12551,train
4778,train
18563,train
15949,train
4950,train
14866,train
7837,train
15857,train
7447,train
11466,train
36,train
18840,train
15518,train
8228,train
5744,train
8161,train
17930,train
16365,train
14573,train
8760,train
187,train
16270,train
5230,train
785,train
7155,train
17849,train
5855,train
13392,train
7883,train
19058,train
7611,train
11312,train
20155,train
4852,train
4941,train
1375,train
14004,train
1036,train
6624,train
3384,train
7502,train
19403,train
9529,train
8143,train
20008,train
12040,train
1623,train
19708,train
5773,train
6724,train
19645,train
7283,train
9983,train
10398,train
15291,train
770,train
12387,train
17805,train
10265,train
1700,train
13637,train
12854,train
2322,train
11990,train
9455,train
5446,train
44,train
3068,train
7365,train
6029,train
11159,train
20407,train
7044,train
15132,train
13085,train
11848,train
6845,train
766,train
8469,train
17885,train
17282,train
16185,train
6568,train
14738,train
4612,train
16458,train
5976,train
490,train
7620,train
7123,train
2026,train
6166,train
20068,train
2910,train
326,train
9749,train
18102,train
16315,train
10791,train
13453,train
931,train
14438,train
14031,train
6598,train
9923,train
5956,train
4712,train
10849,train
8709,train
13641,train
3210,train
19552,train
11737,train
1209,train
15448,train
3361,train
1439,train
2237,train
19548,train
4567,train
19461,train
10041,train
5688,train
2277,train
10404,train
13213,train
15368,train
2921,train
17624,train
16733,train
7076,train
10575,train
18019,train
14434,train
11634,train
4758,train
15260,train
1721,train
18775,train
19738,train
3115,train
17841,train
20341,train
388,train
19709,train
15109,train
6825,train
13970,train
2307,train
15444,train
19125,train
7901,train
12189,train
4001,train
13813,train
9380,train
15645,train
17391,train
15632,train
15144,train
17418,train
6098,train
19620,train
9875,train
11514,train
1155,train
14854,train
7310,train
3563,train
17054,train
829,train
5548,train
16639,train
19267,train
3676,train
17468,train
13571,train
17234,train
8157,train
2686,train
19075,train
14695,train
7794,train
5424,train
9618,train
16604,train
18996,train
2169,train
16201,train
14396,train
11140,train
5805,train
17225,train
6549,train
16728,train
16617,train
2913,train
6511,train
18289,train
4974,train
19594,train
17866,train
2313,train
5403,train
6392,train
8921,train
3164,train
7879,train
5322,train
11631,train
1569,train
3957,train
6878,train
12157,train
8213,train
1493,train
7628,train
19015,train
8257,train
6763,train
15505,train
5817,train
191,train
6400,train
16031,train
20019,train
11722,train
17267,train
9130,train
10455,train
1256,train
1305,train
10801,train
13084,train
2735,train
18712,train
6603,train
11328,train
6658,train
12252,train
466,train
1473,train
3910,train
7168,train
19298,train
7039,train
16884,train
19833,train
13035,train
15406,train
16512,train
5428,train
15755,train
20298,train
9433,train
18385,train
3415,train
19613,train
1013,train
11483,train
17284,train
17000,train
19072,train
12603,train
9112,train
19571,train
19386,train
9692,train
2474,train
17912,train
3191,train
19079,train
16132,train
18227,train
11671,train
7378,train
6470,train
7002,train
15661,train
13578,train
20044,train
14729,train
4887,train
2710,train
4064,train
13275,train
1472,train
5922,train
13583,train
5205,train
18024,train
14633,train
13477,train
3079,train
3944,train
3307,train
530,train
13895,train
20204,train
3298,train
18751,train
17947,train
20363,train
16153,train
9057,train
4007,train
18818,train
19478,train
17969,train
10392,train
6869,train
5048,train
940,train
20417,train
6457,train
5380,train
2114,train
6561,train
11769,train
15377,train
9028,train
13616,train
19282,train
18925,train
15800,train
15946,train
4230,train
16926,train
15024,train
19011,train
11658,train
18947,train
3793,train
12765,train
12216,train
1537,train
15133,train
7699,train
15506,train
3208,train
1846,train
488,train
18870,train
10782,train
2253,train
119,train
10274,train
1849,train
11891,train
15121,train
2249,train
9142,train
6317,train
12589,train
14454,train
3815,train
18069,train
9295,train
14672,train
13467,train
11674,train
17738,train
15613,train
19095,train
8864,train
17344,train
5233,train
9814,train
13046,train
12961,train
9622,train
9367,train
10341,train
15322,train
8192,train
241,train
6023,train
2904,train
14147,train
7764,train
2879,train
8150,train
656,train
11167,train
19642,train
1343,train
7008,train
1765,train
6051,train
10750,train
16411,train
13480,train
7549,train
4430,train
19383,train
2323,train
7913,train
5990,train
18068,train
1279,train
12475,train
11735,train
6881,train
18380,train
1108,train
534,train
7233,train
13736,train
16705,train
16058,train
19784,train
11806,train
17461,train
20235,train
18479,train
18951,train
5079,train
13215,train
18943,train
17091,train
19580,train
301,train
13308,train
1086,train
17308,train
6446,train
15766,train
19828,train
13367,train
6378,train
19516,train
18983,train
890,train
18087,train
11125,train
4174,train
7926,train
10168,train
16976,train
13492,train
11582,train
18681,train
12621,train
18053,train
3326,train
608,train
4409,train
2819,train
20034,train
17509,train
1381,train
8383,train
6682,train
6020,train
14440,train
4247,train
11650,train
1004,train
668,train
15776,train
12631,train
16650,train
1365,train
16121,train
20335,train
2404,train
5058,train
13606,train
8442,train
16623,train
10890,train
18459,train
20047,train
6973,train
4389,train
14659,train
581,train
2726,train
13420,train
10536,train
17310,train
18725,train
17314,train
3234,train
2937,train
13730,train
404,train
3174,train
14448,train
7714,train
17519,train
14818,train
6443,train
13626,train
15496,train
5644,train
12322,train
257,train
19530,train
9307,train
4959,train
13288,train
18972,train
4862,train
3538,train
10850,train
4821,train
12529,train
19259,train
17645,train
1338,train
8389,train
12439,train
9350,train
3304,train
19958,train
9330,train
7377,train
13510,train
8845,train
6401,train
17471,train
17825,train
19372,train
626,train
11947,train
3733,train
19596,train
13058,train
15791,train
1857,train
11897,train
6922,train
4805,train
16075,train
8353,train
3445,train
17349,train
17106,train
10908,train
447,train
16177,train
4840,train
7194,train
13038,train
14826,train
4177,train
10122,train
16888,train
3863,train
16726,train
414,train
4087,train
19684,train
12376,train
5413,train
13833,train
4258,train
16168,train
5012,train
579,train
5697,train
8323,train
10321,train
4041,train
8270,train
3091,train
2603,train
1843,train
15057,train
5472,train
4676,train
14985,train
17049,train
10963,train
1127,train
14106,train
138,train
19272,train
10710,train
12181,train
16562,train
1636,train
15476,train
10430,train
11313,train
999,train
6248,train
11236,train
5982,train
16257,train
7624,train
16905,train
15531,train
10008,train
8667,train
15181,train
20496,train
16980,train
18400,train
13239,train
10251,train
5224,train
9825,train
242,train
9888,train
17793,train
9311,train
2757,train
6451,train
546,train
15708,train
2645,train
1607,train
4822,train
15499,train
13136,train
4029,train
12220,train
14041,train
18200,train
18350,train
586,train
14251,train
6347,train
5294,train
18006,train
2221,train
6731,train
9932,train
630,train
10464,train
325,train
12748,train
13822,train
17142,train
9033,train
10057,train
19987,train
5748,train
5866,train
17402,train
19293,train
16724,train
5573,train
10146,train
11071,train
18351,train
4847,train
1123,train
2216,train
5591,train
6884,train
12503,train
1912,train
16282,train
12433,train
12875,train
5109,train
4886,train
9483,train
14591,train
11220,train
8562,train
13343,train
18608,train
14767,train
8723,train
19617,train
14425,train
6795,train
20003,train
3266,train
15603,train
5957,train
8065,train
17932,train
9243,train
5160,train
941,train
7903,train
3155,train
3993,train
18237,train
3612,train
3842,train
19593,train
15299,train
15940,train
6266,train
13545,train
19438,train
17298,train
1680,train
17967,train
15896,train
15761,train
9044,train
7861,train
13915,train
280,train
3450,train
871,train
14205,train
14783,train
19538,train
18347,train
13373,train
7201,train
19219,train
14373,train
16651,train
10599,train
3430,train
5215,train
38,train
14756,train
12607,train
5921,train
6213,train
5260,train
6205,train
6876,train
9982,train
17012,train
7884,train
10543,train
19539,train
12245,train
15003,train
12846,train
7435,train
10649,train
4310,train
8205,train
16131,train
17322,train
2771,train
9744,train
11278,train
10513,train
2417,train
12897,train
9897,train
3965,train
2637,train
7994,train
3167,train
15300,train
4052,train
13632,train
10275,train
3021,train
17672,train
1744,train
12648,train
2989,train
9764,train
18257,train
10481,train
20183,train
9874,train
18275,train
4439,train
6974,train
13753,train
11945,train
2408,train
8314,train
19487,train
1139,train
13401,train
7461,train
11191,train
13442,train
3587,train
8214,train
8752,train
17021,train
15446,train
5225,train
20110,train
9550,train
18781,train
3806,train
4962,train
14159,train
9200,train
10623,train
11095,train
16467,train
12190,train
8657,train
11703,train
5899,train
11248,train
17432,train
3373,train
5486,train
5365,train
18863,train
17719,train
16620,train
5772,train
8903,train
1324,train
10512,train
17396,train
8750,train
9093,train
12078,train
18735,train
1341,train
2205,train
10414,train
572,train
6188,train
9655,train
15380,train
17190,train
3042,train
12840,train
1516,train
154,train
15560,train
14170,train
8644,train
3956,train
8917,train
19290,train
10540,train
7757,train
5624,train
7480,train
10407,train
1161,train
7893,train
10719,train
5237,train
67,train
19667,train
11822,train
8465,train
20252,train
2625,train
13283,train
16447,train
13666,train
20220,train
10501,train
16328,train
8560,train
9985,train
10136,train
17463,train
2395,train
7752,train
5931,train
349,train
17090,train
14372,train
20296,train
9105,train
1890,train
3920,train
13120,train
10475,train
11425,train
9230,train
3411,train
10670,train
10510,train
18760,train
16710,train
0,train
2586,train
10695,train
14332,train
12119,train
3367,train
5856,train
19911,train
16796,train
10384,train
11505,train
16607,train
11904,train
4930,train
18584,train
19315,train
10675,train
10644,train
8969,train
11697,train
13032,train
3340,train
10855,train
12065,train
4759,train
12213,train
4098,train
19389,train
6000,train
15085,train
12956,train
15884,train
5853,train
5642,train
20208,train
6343,train
13060,train
6706,train
6611,train
15363,train
7318,train
2667,train
6513,train
9964,train
1951,train
16568,train
42,train
1830,train
13924,train
11609,train
7040,train
6390,train
2317,train
2265,train
7386,train
8708,train
13954,train
5759,train
12679,train
18242,train
2234,train
3049,train
11400,train
7469,train
2056,train
1989,train
12307,train
3158,train
13057,train
8585,train
5687,train
13988,train
3864,train
816,train
8362,train
18959,train
17824,train
6910,train
17815,train
17826,train
13425,train
8430,train
20507,train
10124,train
6987,train
9537,train
20054,train
15746,train
7164,train
8458,train
16923,train
4113,train
13227,train
4321,train
20107,train
15552,train
5741,train
16503,train
695,train
198,train
5039,train
16323,train
15564,train
5328,train
10588,train
6162,train
8970,train
479,train
6464,train
5369,train
1391,train
7212,train
13941,train
6165,train
18535,train
10640,train
17262,train
891,train
9070,train
4553,train
12274,train
7058,train
493,train
18845,train
10901,train
16920,train
1995,train
3961,train
6515,train
6423,train
1116,train
11387,train
8809,train
11925,train
3446,train
1223,train
3666,train
4973,train
5815,train
915,train
2426,train
1779,train
18702,train
13657,train
17917,train
496,train
8873,train
3643,train
18243,train
4097,train
15850,train
1798,train
17466,train
9506,train
14614,train
11508,train
8309,train
10665,train
5666,train
5384,train
16876,train
1467,train
12741,train
17434,train
12696,train
9944,train
4968,train
17164,train
18595,train
15497,train
6169,train
19968,train
7275,train
826,train
20509,train
3135,train
11552,train
7644,train
18458,train
14208,train
12960,train
6216,train
13852,train
17425,train
1719,train
18428,train
7792,train
14689,train
20,train
282,train
9898,train
2175,train
19112,train
17712,train
10285,train
16886,train
11006,train
8254,train
13299,train
12137,train
9457,train
12204,train
10504,train
11179,train
15292,train
10308,train
6493,train
18324,train
10039,train
1254,train
9883,train
3061,train
3017,train
16777,train
10026,train
2755,train
17535,train
560,train
16468,train
15208,train
4798,train
17422,train
19044,train
14203,train
15166,train
2957,train
2370,train
1389,train
13787,train
4595,train
10208,train
1922,train
11742,train
16845,train
17520,train
3218,train
11645,train
20249,train
17660,train
2928,train
16113,train
1502,train
20420,train
3539,train
8955,train
19143,train
15065,train
11210,train
3225,train
11202,train
6508,train
15254,train
19253,train
5188,train
16195,train
1587,train
18413,train
5665,train
16081,train
9498,train
14887,train
4267,train
7775,train
14712,train
7848,train
12751,train
686,train
12832,train
1312,train
426,train
2017,train
8672,train
14019,train
14220,train
6874,train
8622,train
17173,train
3432,train
9969,train
1284,train
8649,train
6069,train
16375,train
12600,train
3073,train
11527,train
15259,train
4285,train
12920,train
8714,train
1299,train
7907,train
9601,train
4083,train
4934,train
18073,train
418,train
4548,train
16022,train
14543,train
14942,train
13284,train
12393,train
5502,train
3403,train
8197,train
612,train
12193,train
8209,train
10121,train
11560,train
9194,train
3416,train
6570,train
7288,train
3591,train
1060,train
17555,train
7417,train
3247,train
15030,train
11961,train
6681,train
9239,train
13864,train
846,train
9074,train
18859,train
20087,train
9464,train
2834,train
9104,train
11871,train
3675,train
203,train
7078,train
18505,train
18985,train
12100,train
9235,train
9372,train
9201,train
8169,train
2546,train
15909,train
7320,train
13600,train
6449,train
8068,train
6485,train
5997,train
834,train
8785,train
5438,train
15722,train
9750,train
11337,train
5182,train
4339,train
16621,train
2824,train
10655,train
12795,train
15774,train
11293,train
5479,train
2737,train
11684,train
17604,train
537,train
16271,train
955,train
15806,train
11579,train
13075,train
9343,train
20005,train
949,train
7509,train
1006,train
14890,train
18649,train
5167,train
18799,train
18514,train
7080,train
3915,train
1308,train
8967,train
18145,train
16535,train
19585,train
14648,train
12108,train
381,train
20152,train
15370,train
15179,train
5151,train
2739,train
6367,train
8943,train
409,train
11136,train
5913,train
2184,train
8023,train
9980,train
2325,train
12588,train
19376,train
3534,train
7247,train
12908,train
7165,train
15816,train
10483,train
362,train
8712,train
1,train
2391,train
4251,train
16576,train
12570,train
5969,train
4610,train
18316,train
12522,train
15157,train
19117,train
16695,train
218,train
15120,train
5911,train
18567,train
16301,train
2165,train
12148,train
776,train
1053,train
8486,train
16771,train
8014,train
12785,train
6060,train
4325,train
20415,train
7821,train
7479,train
15773,train
1975,train
3043,train
8665,train
3032,train
1021,train
19077,train
7051,train
15543,train
14728,train
16942,train
14246,train
5036,train
5576,train
10426,train
2193,train
11009,train
18839,train
19445,train
14155,train
4151,train
19063,train
12620,train
7279,train
17451,train
13783,train
18037,train
10113,train
13306,train
9255,train
15605,train
14112,train
17368,train
12831,train
2881,train
5674,train
18475,train
9759,train
14514,train
10669,train
13437,train
15412,train
4475,train
13236,train
5731,train
521,train
18157,train
3513,train
9972,train
19300,train
16574,train
11304,train
18452,train
18164,train
15232,train
2438,train
8756,train
12404,train
12269,train
3683,train
17569,train
16557,train
9966,train
12705,train
10777,train
1811,train
10754,train
6728,train
17163,train
2220,train
4700,train
9783,train
20527,train
18715,train
7724,train
18376,train
19756,train
8239,train
15376,train
13865,train
13927,train
8817,train
14518,train
20386,train
7571,train
2093,train
16882,train
5070,train
7183,train
1019,train
1400,train
20390,train
5112,train
12980,train
18633,train
5679,train
7170,train
17272,train
2517,train
9582,train
13706,train
15638,train
2704,train
6369,train
11539,train
20018,train
12191,train
16509,train
12582,train
14584,train
751,train
19515,train
4972,train
18142,train
9459,train
7566,train
3024,train
1114,train
15180,train
19630,train
4342,train
9654,train
8732,train
13375,train
9626,train
11557,train
10628,train
13491,train
15849,train
2326,train
7669,train
126,train
17336,train
13273,train
12986,train
8704,train
12729,train
14075,train
13172,train
7297,train
19416,train
1941,train
6632,train
20389,train
14336,train
18293,train
4210,train
11232,train
11770,train
20377,train
16901,train
15696,train
8922,train
14590,train
13934,train
12708,train
17104,train
702,train
11504,train
9357,train
5940,train
14081,train
2709,train
468,train
14562,train
13958,train
7281,train
16860,train
5207,train
17727,train
3619,train
18327,train
3743,train
18754,train
7410,train
19246,train
166,train
9677,train
17731,train
334,train
6341,train
13841,train
20301,train
8988,train
8698,train
9413,train
8638,train
3269,train
17540,train
7540,train
17667,train
8464,train
4964,train
10830,train
12902,train
15644,train
18999,train
2901,train
16945,train
6693,train
3789,train
8501,train
18495,train
10584,train
5958,train
836,train
9826,train
20059,train
7958,train
11173,train
20306,train
3047,train
1703,train
6433,train
16294,train
16353,train
19392,train
7064,train
12062,train
8365,train
19916,train
14775,train
12318,train
11763,train
11121,train
9570,train
2118,train
15431,train
20163,train
9930,train
4477,train
5876,train
7954,train
20477,train
8821,train
10196,train
2747,train
16941,train
11090,train
4478,train
13581,train
4388,train
3324,train
761,train
5432,train
19717,train
331,train
18317,train
10988,train
17326,train
9237,train
10700,train
20264,train
14430,train
11324,train
14651,train
19261,train
755,train
15952,train
5074,train
8530,train
12235,train
5981,train
9377,train
12458,train
14421,train
8199,train
19873,train
4361,train
7798,train
4806,train
15834,train
12789,train
13184,train
16544,train
19017,train
2526,train
13292,train
13406,train
15273,train
2159,train
11783,train
13049,train
3350,train
6328,train
17335,train
10248,train
11874,train
13770,train
1787,train
5778,train
17382,train
14238,train
13550,train
12262,train
19451,train
4713,train
3589,train
16743,train
13905,train
2728,train
11833,train
18565,train
14511,train
14357,train
4116,train
6308,train
4878,train
11355,train
10201,train
16025,train
19098,train
329,train
17198,train
13013,train
5955,train
11751,train
18635,train
20517,train
12930,train
9568,train
14824,train
8590,train
16756,train
3300,train
17882,train
17403,train
10979,train
15286,train
93,train
15374,train
7449,train
13536,train
5435,train
7949,train
3931,train
7561,train
5871,train
10097,train
19231,train
9038,train
12501,train
6431,train
9831,train
5862,train
8772,train
14495,train
12910,train
17227,train
17564,train
12973,train
10860,train
20285,train
3735,train
11361,train
10680,train
18349,train
12158,train
3374,train
9418,train
15939,train
19836,train
6453,train
6888,train
5970,train
17052,train
12841,train
3665,train
14085,train
5651,train
1154,train
18892,train
882,train
10891,train
4839,train
18407,train
18519,train
9717,train
951,train
10856,train
20276,train
14501,train
9729,train
17180,train
988,train
8070,train
7551,train
15186,train
11190,train
5857,train
7826,train
5145,train
3558,train
11025,train
16090,train
16996,train
4796,train
640,train
4547,train
19020,train
11499,train
6601,train
14439,train
1705,train
5767,train
19472,train
3029,train
8580,train
18880,train
1930,train
9306,train
1949,train
12023,train
881,train
9147,train
16118,train
7533,train
8800,train
15177,train
13647,train
18788,train
5837,train
7462,train
9400,train
3260,train
7179,train
2299,train
4952,train
8412,train
15348,train
4014,train
5537,train
16277,train
10498,train
3385,train
6575,train
19592,train
16235,train
1864,train
3133,train
18655,train
2930,train
9737,train
4900,train
18936,train
11569,train
18363,train
5183,train
17829,train
13430,train
17808,train
11458,train
2931,train
15716,train
18572,train
110,train
3202,train
16866,train
10329,train
6526,train
19943,train
6971,train
353,train
15718,train
18460,train
20021,train
11521,train
11402,train
11877,train
3820,train
3660,train
6720,train
4195,train
7245,train
15462,train
16439,train
17714,train
7915,train
6520,train
13189,train
13301,train
19915,train
16028,train
11710,train
13377,train
1681,train
17439,train
5362,train
5083,train
5284,train
5088,train
4490,train
17776,train
14494,train
14127,train
16939,train
8308,train
9479,train
2390,train
2108,train
2246,train
13745,train
7723,train
11955,train
6477,train
11989,train
382,train
2024,train
2095,train
18120,train
430,train
7878,train
8136,train
1646,train
17889,train
10497,train
13490,train
17355,train
15590,train
6548,train
14795,train
19805,train
7577,train
2720,train
9614,train
2713,train
4556,train
18259,train
5683,train
11812,train
15845,train
3598,train
11534,train
5416,train
14861,train
2498,test
15861,test
4868,test
20348,test
2624,test
7946,test
3529,test
16274,test
88,test
19769,test
8475,test
3248,test
12382,test
17153,test
16880,test
683,test
12987,test
13975,test
18104,test
12102,test
2309,test
6305,test
16180,test
9273,test
738,test
3518,test
2952,test
18246,test
2724,test
7092,test
2348,test
16144,test
11789,test
8278,test
1415,test
14418,test
8941,test
15022,test
14954,test
17207,test
2061,test
18548,test
10167,test
13103,test
1999,test
17620,test
19175,test
10715,test
4348,test
129,test
1822,test
15269,test
18769,test
6653,test
19144,test
820,test
6652,test
6072,test
12068,test
7220,test
11079,test
10032,test
15521,test
6332,test
8781,test
14692,test
6356,test
19197,test
5054,test
4781,test
11625,test
6999,test
5695,test
8537,test
17076,test
13913,test
11039,test
10648,test
14140,test
10271,test
5144,test
9647,test
4134,test
12661,test
1921,test
10983,test
17860,test
17028,test
16875,test
5711,test
9971,test
1756,test
15094,test
16867,test
15272,test
6161,test
18480,test
13868,test
1014,test
15906,test
2972,test
5153,test
4337,test
20317,test
13249,test
14288,test
13054,test
15384,test
7124,test
9342,test
2143,test
17497,test
18802,test
7372,test
9690,test
14165,test
9354,test
4432,test
17324,test
5830,test
19470,test
18989,test
2767,test
11738,test
13721,test
17582,test
9693,test
5587,test
16578,test
5461,test
7609,test
2932,test
10347,test
8233,test
8551,test
261,test
7216,test
16472,test
8297,test
18576,test
12819,test
17110,test
974,test
2760,test
14163,test
1663,test
7666,test
3093,test
8175,test
4049,test
3804,test
17686,test
6817,test
11821,test
7020,test
16191,test
5755,test
2475,test
13940,test
9564,test
15863,test
12290,test
2363,test
10949,test
15009,test
16613,test
12171,test
15633,test
3353,test
19503,test
4829,test
3516,test
2074,test
9676,test
4169,test
3363,test
18539,test
12556,test
2248,test
5015,test
17306,test
18187,test
3852,test
19910,test
5627,test
9252,test
3958,test
14300,test
7249,test
7118,test
14442,test
10179,test
18922,test
680,test
17652,test
6900,test
2173,test
15039,test
16484,test
11369,test
4136,test
19627,test
17927,test
7921,test
11543,test
2447,test
5910,test
16839,test
9801,test
6315,test
13643,test
8771,test
2135,test
12856,test
5929,test
12550,test
5189,test
4537,test
16975,test
1126,test
16324,test
3165,test
253,test
4860,test
18621,test
1198,test
8003,test
3039,test
7482,test
2864,test
7795,test
17993,test
17031,test
7905,test
12421,test
14135,test
14253,test
13956,test
11373,test
1221,test
16229,test
691,test
12591,test
9957,test
17113,test
2120,test
402,test
19663,test
13182,test
9924,test
15648,test
18977,test
18281,test
1346,test
5072,test
19920,test
14705,test
14847,test
12074,test
1024,test
9594,test
1176,test
10116,test
2593,test
14625,test
16894,test
4769,test
7805,test
17862,test
9507,test
9428,test
14585,test
15036,test
11668,test
2556,test
6772,test
19404,test
14745,test
3463,test
15467,test
15520,test
19914,test
12430,test
7084,test
1907,test
6052,test
15392,test
10532,test
17987,test
6260,test
1862,test
14872,test
16238,test
13708,test
13341,test
4988,test
19223,test
9604,test
13614,test
18247,test
13986,test
5996,test
17014,test
3211,test
5707,test
13062,test
7012,test
19066,test
2579,test
3347,test
8623,test
8139,test
689,test
1489,test
14851,test
2113,test
3035,test
3996,test
3893,test
14658,test
3424,test
13201,test
10048,test
12879,test
13266,test
3438,test
3480,test
15257,test
16654,test
3808,test
5753,test
15539,test
723,test
17952,test
16591,test
698,test
16697,test
16993,test
1226,test
4228,test
17338,test
10594,test
19831,test
3758,test
12346,test
6654,test
9226,test
17304,test
8886,test
8978,test
15408,test
7292,test
11034,test
4398,test
4126,test
2955,test
20383,test
17903,test
6732,test
18420,test
7360,test
8141,test
5585,test
9236,test
6013,test
9666,test
18562,test
10965,test
13332,test
18004,test
19328,test
193,test
472,test
5086,test
20128,test
10974,test
7516,test
8153,test
20542,test
2225,test
15805,test
15171,test
11177,test
7710,test
14012,test
17884,test
10019,test
654,test
6099,test
17789,test
5834,test
19607,test
16903,test
16878,test
16252,test
13077,test
9679,test
13310,test
18022,test
2385,test
14572,test
15592,test
14607,test
10212,test
15417,test
2103,test
14637,test
14230,test
11002,test
5498,test
14711,test
10528,test
18962,test
9150,test
18170,test
645,test
6196,test
18109,test
8479,test
11256,test
4359,test
6041,test
5202,test
14904,test
15895,test
9927,test
7842,test
13992,test
6510,test
11718,test
11682,test
10677,test
1323,test
16099,test
15252,test
19062,test
4272,test
16393,test
9313,test
15302,test
17865,test
18704,test
9855,test
6492,test
14875,test
9664,test
3698,test
2631,test
5181,test
9761,test
14733,test
10827,test
2016,test
11708,test
20132,test
15253,test
2573,test
5984,test
15608,test
12673,test
1105,test
17869,test
5248,test
18051,test
15424,test
16794,test
18154,test
12886,test
17280,test
4935,test
11269,test
1503,test
11054,test
1738,test
6203,test
10686,test
2758,test
2677,test
6106,test
15204,test
15267,test
107,test
16842,test
16588,test
2300,test
13156,test
6774,test
10805,test
3798,test
8569,test
11391,test
6442,test
19189,test
1234,test
3524,test
3559,test
7182,test
4961,test
18282,test
17265,test
11004,test
29,test
8140,test
5148,test
15893,test
17684,test
15987,test
18046,test
2487,test
10685,test
6852,test
1519,test
20094,test
10243,test
19145,test
13522,test
15883,test
17945,test
5149,test
11372,test
1020,test
3356,test
1189,test
10653,test
16459,test
14850,test
19778,test
7681,test
8993,test
838,test
14622,test
8251,test
512,test
16281,test
13801,test
911,test
3853,test
4404,test
2342,test
17020,test
16792,test
1694,test
20174,test
16455,test
8273,test
14771,test
18477,test
18997,test
13113,test
12178,test
8422,test
12894,test
6684,test
8863,test
1514,test
10530,test
4203,test
14065,test
11124,test
8831,test
14049,test
12952,test
7246,test
4382,test
8087,test
13931,test
9310,test
637,test
2311,test
5330,test
13061,test
12445,test
5307,test
19513,test
8923,test
19567,test
5019,test
295,test
6407,test
18526,test
19783,test
7691,test
9124,test
4302,test
12758,test
13599,test
14360,test
6861,test
19525,test
2641,test
6066,test
17692,test
9769,test
9584,test
19459,test
538,test
3795,test
5734,test
20552,test
19150,test
4591,test
843,test
2031,test
2674,test
2005,test
6915,test
9790,test
14828,test
6283,test
14254,test
4317,test
14152,test
8447,test
188,test
8707,test
19655,test
17639,test
13512,test
19583,test
11442,test
5779,test
17009,test
12120,test
16953,test
2882,test
8806,test
8715,test
17801,test
18141,test
8992,test
12218,test
10098,test
2589,test
7083,test
396,test
7343,test
3838,test
15767,test
15679,test
13959,test
16108,test
3070,test
7974,test
5581,test
11396,test
2644,test
8690,test
8449,test
19202,test
19939,test
1685,test
12995,test
14917,test
14823,test
7436,test
1128,test
1712,test
461,test
805,test
17116,test
17472,test
7824,test
4652,test
10572,test
12473,test
13660,test
7195,test
19307,test
15072,test
97,test
1691,test
14343,test
19581,test
16358,test
20274,test
14574,test
10278,test
5566,test
18150,test
13279,test
13748,test
10040,test
6348,test
18075,test
20007,test
3166,test
10683,test
9084,test
20213,test
8345,test
11231,test
4682,test
9894,test
13743,test
19435,test
11772,test
6065,test
16036,test
16125,test
16978,test
18274,test
4707,test
6082,test
18312,test
17771,test
14477,test
1316,test
4918,test
1666,test
7303,test
18752,test
7718,test
5747,test
18192,test
7119,test
12561,test
18645,test
5155,test
19622,test
12176,test
18753,test
6482,test
18106,test
19299,test
7346,test
11480,test
1107,test
10882,test
6326,test
8807,test
7474,test
13472,test
3420,test
16602,test
15280,test
6083,test
14351,test
5310,test
1357,test
9305,test
12929,test
16828,test
18710,test
4173,test
8103,test
14377,test
8237,test
786,test
15432,test
19891,test
3243,test
20040,test
18467,test
8728,test
8866,test
516,test
5765,test
6068,test
13654,test
12609,test
19255,test
5541,test
16433,test
15796,test
19563,test
20291,test
16445,test
14395,test
15705,test
11938,test
17172,test
9653,test
9917,test
10360,test
12197,test
700,test
10560,test
13548,test
3930,test
7813,test
12842,test
19176,test
18507,test
18978,test
19368,test
16689,test
11021,test
8324,test
16261,test
1542,test
12414,test
13040,test
1777,test
4076,test
5895,test
8397,test
7250,test
9293,test
14471,test
11365,test
10454,test
13245,test
15810,test
4644,test
1814,test
17260,test
220,test
18292,test
3729,test
14369,test
6119,test
20292,test
11437,test
9222,test
3582,test
10783,test
20271,test
4685,test
9992,test
3224,test
12903,test
2853,test
18628,test
8077,test
13725,test
3259,test
6264,test
8639,test
15942,test
12052,test
16648,test
15780,test
5543,test
10531,test
11476,test
10609,test
4625,test
14169,test
7581,test
463,test
10672,test
6988,test
9219,test
4034,test
18823,test
8858,test
10079,test
16637,test
4162,test
10939,test
19294,test
12814,test
4377,test
5174,test
6337,test
9637,test
15625,test
4925,test
12343,test
19647,test
9473,test
8196,test
16498,test
4810,test
14962,test
3132,test
2531,test
4164,test
10913,test
664,test
7703,test
3671,test
14008,test
6797,test
8519,test
5733,test
5935,test
15683,test
4489,test
17277,test
3041,test
18374,test
5258,test
19963,test
5742,test
11266,test
7640,test
3126,test
7149,test
7748,test
19723,test
11694,test
17377,test
10678,test
3086,test
858,test
17709,test
1967,test
6178,test
1566,test
1297,test
1088,test
20544,test
16614,test
2029,test
19249,test
2251,test
16462,test
10373,test
11157,test
4394,test
7601,test
6737,test
16368,test
20197,test
11997,test
4392,test
17205,test
8604,test
18287,test
15137,test
6705,test
10884,test
6898,test
3856,test
799,test
12399,test
4406,test
18323,test
17004,test
13552,test
7945,test
12538,test
5816,test
3254,test
17718,test
15214,test
12627,test
16823,test
3719,test
11576,test
10453,test
19969,test
16199,test
11796,test
11098,test
7934,test
12853,test
14760,test
3112,test
9016,test
6642,test
465,test
2316,test
13963,test
17016,test
13553,test
18273,test
18089,test
2337,test
17378,test
1067,test
6316,test
7993,test
5308,test
5932,test
10149,test
20547,test
16696,test
11427,test
5700,test
11205,test
10447,test
19397,test
4938,test
12328,test
14905,test
11222,test
19415,test
18025,test
2679,test
1335,test
2515,test
11460,test
7340,test
12771,test
17532,test
8979,test
2510,test
15359,test
6404,test
1942,test
13048,test
13664,test
14881,test
3288,test
6685,test
17900,test
3734,test
10892,test
13444,test
15919,test
10761,test
7702,test
8204,test
13119,test
5831,test
3680,test
14803,test
2966,test
13123,test
16559,test
1637,test
17399,test
10424,test
8407,test
9139,test
46,test
7200,test
10724,test
9257,test
9032,test
2058,test
20519,test
2449,test
2406,test
15943,test
19002,test
10459,test
10385,test
3887,test
20340,test
2355,test
9868,test
12042,test
18588,test
5077,test
19566,test
7737,test
3868,test
13323,test
9545,test
16107,test
18206,test
13759,test
8702,test
14030,test
7568,test
19807,test
1471,test
7301,test
16493,test
13388,test
14935,test
17674,test
9660,test
17851,test
18056,test
2789,test
9488,test
18516,test
19512,test
401,test
4343,test
18325,test
14293,test
10123,test
9810,test
19208,test
6906,test
19349,test
10732,test
5017,test
13902,test
4326,test
772,test
3172,test
9856,test
991,test
8924,test
7184,test
20001,test
11867,test
15409,test
13901,test
3617,test
18129,test
3849,test
9128,test
2117,test
7704,test
14860,test
3824,test
17303,test
16077,test
5620,test
2744,test
13935,test
5351,test
2276,test
10482,test
16599,test
16322,test
8703,test
11478,test
8991,test
8915,test
12539,test
7630,test
6726,test
8253,test
14952,test
4405,test
19135,test
6716,test
12901,test
16052,test
1966,test
3737,test
13871,test
14710,test
12597,test
2792,test
11705,test
9519,test
8395,test
9051,test
3622,test
15601,test
18855,test
12234,test
3700,test
10185,test
5495,test
5407,test
16110,test
12742,test
14210,test
4765,test
19490,test
13036,test
1906,test
17410,test
5764,test
11317,test
15797,test
15931,test
5014,test
13329,test
13943,test
13535,test
4188,test
14649,test
7769,test
4468,test
14102,test
16522,test
1619,test
17527,test
10807,test
15323,test
4055,test
1788,test
9781,test
4266,test
11260,test
19410,test
16757,test
17691,test
7093,test
16381,test
15361,test
4804,test
16600,test
18581,test
14610,test
12508,test
5236,test
19728,test
15262,test
6917,test
15673,test
19406,test
13003,test
6476,test
8719,test
13333,test
12224,test
1679,test
4970,test
10658,test
1390,test
13439,test
10729,test
2620,test
17206,test
16402,test
10728,test
607,test
10129,test
11217,test
11467,test
2389,test
5460,test
5907,test
11273,test
4492,test
5705,test
6789,test
8129,test
12397,test
6695,test
8033,test
4046,test
6346,test
5090,test
2524,test
14235,test
6579,test
13348,test
4153,test
10606,test
10524,test
7654,test
3897,test
6091,test
1073,test
17710,test
8741,test
15146,test
8085,test
18345,test
347,test
3033,test
5883,test
16172,test
1749,test
8780,test
18045,test
9809,test
9990,test
18048,test
20093,test
8945,test
2543,test
12281,test
8227,test
415,test
13246,test
13507,test
6011,test
15621,test
14387,test
12610,test
4495,test
11568,test
125,test
18701,test
10787,test
6301,test
15092,test
577,test
3722,test
9530,test
16863,test
8534,test
20126,test
17713,test
15614,test
1201,test
12461,test
547,test
16387,test
7835,test
15342,test
6514,test
17517,test
17143,test
8259,test
15224,test
11415,test
20445,test
22,test
2915,test
14117,test
13628,test
12601,test
12860,test
7725,test
6605,test
13789,test
20346,test
1101,test
5822,test
3860,test
3702,test
5136,test
18201,test
15955,test
20347,test
20554,test
6436,test
15765,test
18279,test
17075,test
9031,test
8091,test
11117,test
3912,test
17388,test
14911,test
18663,test
5867,test
15490,test
15002,test
3818,test
7234,test
4563,test
14862,test
9094,test
16815,test
19776,test
14255,test
3657,test
17131,test
1520,test
14764,test
11393,test
13839,test
18455,test
873,test
20139,test
16477,test
8476,test
6766,test
18538,test
8549,test
6184,test
9185,test
17732,test
1825,test
4603,test
19798,test
13629,test
8587,test
2235,test
15126,test
1655,test
2530,test
8388,test
2081,test
14931,test
10186,test
164,test
16042,test
7391,test
15948,test
5656,test
15237,test
9203,test
984,test
6889,test
12977,test
15013,test
14627,test
20108,test
6831,test
4276,test
7528,test
764,test
5042,test
16176,test
3569,test
14446,test
11696,test
3419,test
14258,test
4415,test
16909,test
17121,test
7606,test
1326,test
3413,test
20326,test
5880,test
1978,test
3689,test
4111,test
4275,test
8635,test
8951,test
17097,test
14831,test
12041,test
397,test
17935,test
12456,test
5739,test
2067,test
14409,test
19243,test
11145,test
5146,test
5972,test
17077,test
1404,test
11549,test
14084,test
3401,test
4459,test
16537,test
6468,test
20388,test
10851,test
8408,test
5349,test
20117,test
14366,test
8583,test
15677,test
1237,test
20074,test
19927,test
15548,test
16160,test
7845,test
14217,test
19377,test
12331,test
2626,test
9440,test
9739,test
19475,test
9954,test
14948,test
12289,test
8460,test
1110,test
19795,test
3621,test
7800,test
11630,test
10276,test
6391,test
9987,test
18486,test
3018,test
9532,test
3257,test
14274,test
8744,test
9227,test
11185,test
15581,test
13499,test
9429,test
13365,test
4410,test
8116,test
4788,test
11446,test
20446,test
10411,test
16586,test
4538,test
15350,test
2401,test
3236,test
9443,test
9632,test
7572,test
12239,test
7215,test
15941,test
2808,test
7029,test
6327,test
7503,test
18241,test
15385,test
17492,test
14520,test
6820,test
5596,test
4709,test
12073,test
5638,test
18990,test
5370,test
19337,test
15775,test
7937,test
7555,test
11291,test
13636,test
7110,test
16102,test
15688,test
3473,test
1283,test
18234,test
6721,test
20454,test
13537,test
3371,test
18394,test
15635,test
6094,test
12959,test
7457,test
2860,test
8731,test
12991,test
9870,test
13917,test
2269,test
5799,test
7684,test
19047,test
10246,test
2776,test
2918,test
10490,test
1137,test
168,test
2214,test
8041,test
9320,test
8376,test
7475,test
5291,test
17448,test
6044,test
18487,test
9955,test
14681,test
12766,test
8497,test
16593,test
13551,test
113,test
4315,test
8347,test
1709,test
2833,test
9470,test
1904,test
18761,test
1598,test
19550,test
2493,test
10837,test
9270,test
13280,test
3823,test
9881,test
2909,test
4508,test
10893,test
20227,test
6688,test
18410,test
9353,test
6284,test
17348,test
13750,test
9639,test
3229,test
2581,test
808,test
5787,test
15284,test
18398,test
6180,test
13969,test
7091,test
1290,test
12967,test
18484,test
8769,test
1272,test
17221,test
8455,test
6668,test
13846,test
1529,test
1042,test
6989,test
8496,test
7651,test
15474,test
14068,test
7015,test
17356,test
15426,test
7721,test
9166,test
16789,test
11562,test
11700,test
15655,test
19964,test
19493,test
9989,test
3901,test
9431,test
3378,test
15069,test
10635,test
7344,test
6554,test
12303,test
1994,test
10225,test
4403,test
4698,test
10364,test
8968,test
6907,test
6218,test
7882,test
3439,test
9956,test
10249,test
7648,test
11847,test
5546,test
8578,test
9900,test
20318,test
1057,test
3668,test
8235,test
1870,test
5447,test
17663,test
12602,test
14503,test
5714,test
18659,test
8073,test
6037,test
11914,test
14132,test
11653,test
19283,test
10907,test
15354,test
2272,test
10899,test
17895,test
13760,test
2942,test
4532,test
3428,test
9015,test
9040,test
10615,test
15994,test
15135,test
5616,test
16471,test
14580,test
7843,test
3874,test
1858,test
17440,test
13500,test
18445,test
12658,test
13978,test
3919,test
10148,test
19664,test
17345,test
14920,test
20537,test
12774,test
14690,test
8605,test
19247,test
20260,test
16722,test
1350,test
15912,test
53,test
9838,test
14445,test
4284,test
1613,test
7221,test
946,test
5429,test
9359,test
15865,test
3986,test
9035,test
17210,test
2360,test
16487,test
841,test
4163,test
13849,test
13882,test
9865,test
17594,test
6461,test
1487,test
15615,test
15205,test
3244,test
568,test
20458,test
16152,test
2396,test
18772,test
5819,test
18811,test
7833,test
13695,test
6855,test
2138,test
14678,test
13147,test
11457,test
3148,test
13072,test
11808,test
17333,test
5358,test
12424,test
1385,test
19679,test
16772,test
15651,test
8661,test
6181,test
7553,test
8452,test
5116,test
8063,test
3678,test
2131,test
7166,test
8108,test
19056,test
8981,test
4219,test
18160,test
5114,test
2743,test
14114,test
18303,test
16663,test
16349,test
13004,test
14043,test
942,test
977,test
8312,test
10661,test
2953,test
18766,test
8972,test
471,test
11590,test
17578,test
2217,test
16425,test
2986,test
17995,test
15916,test
13589,test
13582,test
17011,test
9824,test
17890,test
3154,test
936,test
4486,test
3977,test
288,test
15451,test
19988,test
8688,test
12285,test
8286,test
6655,test
2672,test
83,test
19822,test
14134,test
13619,test
18080,test
8536,test
271,test
15245,test
5123,test
6893,test
1968,test
17538,test
2347,test
297,test
4157,test
20032,test
3099,test
14655,test
13428,test
14107,test
11529,test
796,test
16232,test
18737,test
20442,test
14423,test
19347,test
14380,test
15007,test
199,test
256,test
12562,test
6421,test
16220,test
1722,test
18755,test
7866,test
2111,test
13208,test
2315,test
8571,test
20178,test
4030,test
4921,test
7243,test
7432,test
7980,test
17361,test
213,test
9480,test
17571,test
5743,test
17086,test
11237,test
6370,test
4324,test
19954,test
4889,test
13899,test
5519,test
6921,test
19847,test
5216,test
11035,test
6960,test
5255,test
9531,test
14382,test
7230,test
1628,test
15745,test
4224,test
7253,test
13569,test
1003,test
11687,test
2835,test
9189,test
3888,test
15487,test
7695,test
16231,test
20339,test
1833,test
6500,test
12592,test
20290,test
8701,test
6948,test
12877,test
14960,test
17984,test
18499,test
15498,test
7256,test
7598,test
1331,test
10781,test
5792,test
9915,test
15495,test
1377,test
19794,test
13767,test
7862,test
14885,test
8850,test
1936,test
15328,test
3547,test
7241,test
5846,test
18646,test
6460,test
2334,test
205,test
17894,test
15194,test
6586,test
10319,test
15700,test
13059,test
7758,test
18309,test
9177,test
6481,test
269,test
7512,test
459,test
5361,test
5134,test
15264,test
3485,test
13796,test
19382,test
10771,test
15626,test
14984,test
20231,test
3088,test
5661,test
6027,test
8301,test
8333,test
872,test
6580,test
10773,test
13898,test
12632,test
19148,test
548,test
6571,test
7072,test
7928,test
6849,test
9278,test
14666,test
1731,test
1990,test
7593,test
6237,test
8039,test
14264,test
18976,test
19930,test
1337,test
2794,test
19760,test
19332,test
19803,test
4488,test
17150,test
6046,test
3383,test
12200,test
4145,test
10833,test
19643,test
7996,test
9136,test
6380,test
4881,test
10587,test
15657,test
4725,test
16916,test
11902,test
8184,test
3025,test
18672,test
4661,test
15275,test
9089,test
17296,test
19715,test
848,test
7071,test
14772,test
13495,test
11268,test
19142,test
13694,test
18207,test
2188,test
18829,test
18671,test
18525,test
2377,test
4604,test
18629,test
9010,test
4894,test
19967,test
12039,test
18269,test
5414,test
15654,test
55,test
3573,test
222,test
389,test
12436,test
2946,test
3866,test
19430,test
3555,test
5463,test
5780,test
10895,test
17687,test
16928,test
3990,test
12332,test
12442,test
11688,test
15402,test
18364,test
6287,test
4854,test
5008,test
16760,test
14162,test
390,test
19946,test
5471,test
15609,test
9859,test
19399,test
6092,test
16948,test
13683,test
7097,test
2591,test
15710,test
9587,test
6745,test
3857,test
315,test
16097,test
18831,test
14266,test
7025,test
12821,test
15974,test
6232,test
15103,test
13888,test
744,test
5069,test
15729,test
2010,test
19188,test
17464,test
4121,test
14123,test
19042,test
18876,test
7783,test
4294,test
3313,test
17424,test
12848,test
6832,test
12266,test
2621,test
1140,test
16971,test
6490,test
4150,test
17705,test
2142,test
914,test
19254,test
11801,test
8180,test
2779,test
16636,test
1172,test
10772,test
19764,test
9698,test
11635,test
19277,test
15530,test
18465,test
1468,test
14609,test
12431,test
13093,test
4081,test
3655,test
60,test
2230,test
2552,test
16630,test
180,test
184,test
20236,test
2009,test
16344,test
6848,test
8420,test
17685,test
17235,test
11247,test
6505,test
16085,test
19625,test
1313,test
18805,test
4280,test
4235,test
10931,test
16638,test
18786,test
4071,test
3037,test
878,test
8794,test
13447,test
5499,test
11270,test
4953,test
13269,test
18062,test
15346,test
4699,test
2688,test
3098,test
3078,test
11959,test
11115,test
10125,test
7046,test
5073,test
2962,test
17293,test
953,test
5482,test
18661,test
3553,test
6440,test
15154,test
18094,test
2119,test
5898,test
16548,test
6126,test
19026,test
2523,test
1588,test
3238,test
12013,test
11299,test
5170,test
17316,test
13259,test
14088,test
6840,test
16032,test
4412,test
6142,test
10828,test
11053,test
19014,test
13744,test
19200,test
1688,test
8697,test
17214,test
15676,test
17846,test
11206,test
3787,test
9611,test
13140,test
4238,test
6146,test
9395,test
19152,test
7099,test
20439,test
7734,test
16783,test
399,test
4996,test
11723,test
10739,test
726,test
12409,test
19890,test
8096,test
3125,test
14773,test
17986,test
6997,test
7822,test
10610,test
16333,test
15567,test
15959,test
11482,test
17842,test
2288,test
2028,test
11620,test
20182,test
9387,test
6530,test
4240,test
18668,test
3279,test
5709,test
4089,test
2906,test
152,test
9156,test
2927,test
13066,test
12685,test
10366,test
17597,test
9137,test
10808,test
5892,test
9929,test
7802,test
18927,test
20470,test
300,test
14359,test
17174,test
13143,test
19280,test
3543,test
2990,test
18954,test
4376,test
258,test
18736,test
5305,test
1898,test
10036,test
8548,test
7271,test
18421,test
5962,test
598,test
12125,test
2582,test
14096,test
14934,test
916,test
553,test
11333,test
11605,test
16430,test
13584,test
3241,test
16071,test
5828,test
16950,test
8761,test
9663,test
9446,test
12568,test
4395,test
18534,test
17792,test
9106,test
981,test
12510,test
14987,test
17390,test
18256,test
4825,test
6689,test
12979,test
11733,test
12426,test
1275,test
3554,test
9113,test
4645,test
10401,test
5191,test
7202,test
13094,test
1780,test
4923,test
8919,test
19942,test
9131,test
1752,test
318,test
6977,test
2632,test
15064,test
18700,test
5698,test
12326,test
5912,test
17041,test
1952,test
14212,test
12128,test
18897,test
6286,test
19949,test
16302,test
19412,test
13573,test
7270,test
4460,test
12374,test
17914,test
13268,test
10549,test
12715,test
5565,test
17278,test
2250,test
16930,test
1193,test
8258,test
7869,test
16351,test
5464,test
8599,test
5861,test
3642,test
11829,test
11537,test
1886,test
8946,test
12398,test
1654,test
4299,test
4668,test
8926,test
3156,test
19448,test
4731,test
15905,test
9026,test
11584,test
16011,test
18666,test
16984,test
10634,test
10535,test
7700,test
15457,test
6555,test
7755,test
4194,test
10,test
6943,test
17058,test
20549,test
1049,test
6800,test
8075,test
3282,test
16287,test
4458,test
16029,test
16646,test
3001,test
17939,test
1959,test
8189,test
19788,test
12468,test
8851,test
20150,test
14707,test
17534,test
1790,test
17971,test
378,test
3575,test
2571,test
19181,test
8973,test
17886,test
16873,test
4211,test
4722,test
19101,test
8572,test
10597,test
16990,test
8243,test
2328,test
2141,test
6306,test
9970,test
7335,test
4729,test
5350,test
11632,test
18321,test
19745,test
17283,test
5593,test
4452,test
15382,test
17585,test
9684,test
15484,test
17510,test
3588,test
1608,test
9173,test
7368,test
6806,test
17215,test
6215,test
11101,test
1322,test
6702,test
10216,test
12311,test
10872,test
14579,test
2810,test
4411,test
3292,test
8642,test
12505,test
10820,test
3285,test
3273,test
8499,test
11893,test
14139,test
6234,test
3027,test
15373,test
16619,test
16491,test
10916,test
8726,test
6009,test
13200,test
9171,test
14642,test
2520,test
13285,test
9697,test
19333,test
13043,test
18603,test
7548,test
5727,test
16424,test
19252,test
7341,test
17864,test
6420,test
19912,test
13651,test
4425,test
2536,test
1288,test
13862,test
17351,test
599,test
6140,test
2043,test
17669,test
16730,test
1882,test
10656,test
11346,test
12243,test
17482,test
17863,test
3514,test
9168,test
6075,test
3969,test
7827,test
1671,test
9921,test
9999,test
6427,test
18883,test
19734,test
12167,test
11881,test
7744,test
19701,test
18885,test
12898,test
3566,test
9303,test
15159,test
717,test
10495,test
12727,test
12949,test
15509,test
19973,test
5103,test
6001,test
9450,test
7870,test
14079,test
10078,test
15510,test
8225,test
7302,test
111,test
358,test
2585,test
9539,test
10023,test
1710,test
1090,test
5287,test
5849,test
8035,test
6186,test
4159,test
9795,test
13018,test
13639,test
9025,test
18575,test
5768,test
2919,test
484,test
7005,test
9512,test
15104,test
16963,test
14643,test
4246,test
1928,test
8410,test
19820,test
18874,test
5484,test
10021,test
12392,test
18748,test
6594,test
3141,test
10984,test
17460,test
3662,test
2623,test
13642,test
13107,test
7847,test
11535,test
9208,test
14340,test
17514,test
2038,test
10471,test
11305,test
887,test
9811,test
3902,test
10217,test
15580,test
18462,test
11962,test
861,test
14915,test
13452,test
5949,test
3549,test
2192,test
19380,test
17048,test
1845,test
12797,test
8629,test
2958,test
16342,test
12852,test
13543,test
4957,test
6894,test
13209,test
11880,test
3351,test
3918,test
6936,test
11570,test
14903,test
18879,test
20360,test
9674,test
3023,test
7180,test
6901,test
12527,test
1301,test
19120,test
11588,test
14090,test
9788,test
2130,test
6135,test
16014,test
13468,test
16213,test
4401,test
12878,test
5933,test
12214,test
2549,test
489,test
17618,test
4869,test
11428,test
6531,test
9708,test
18787,test
2971,test
11765,test
19694,test
5496,test
460,test
15383,test
18798,test
7917,test
9913,test
3871,test
14197,test
13930,test
7687,test
12105,test
8928,test
13993,test
1184,test
18718,test
11852,test
18152,test
6418,test
19511,test
7729,test
11873,test
2208,test
588,test
16404,test
3095,test
13222,test
13393,test
13087,test
20514,test
16039,test
15523,test
8371,test
15472,test
15778,test
10043,test
5458,test
19367,test
15231,test
15723,test
6790,test
15106,test
10887,test
16428,test
16409,test
17445,test
3497,test
15670,test
19037,test
16775,test
12922,test
9931,test
7906,test
13127,test
19983,test
11855,test
3146,test
8532,test
18194,test
14327,test
3195,test
13942,test
20149,test
1536,test
11850,test
17259,test
15236,test
2268,test
1426,test
2152,test
11832,test
2689,test
19654,test
13455,test
17111,test
10291,test
16974,test
2062,test
12020,test
7487,test
8787,test
16149,test
20508,test
13785,test
15466,test
10608,test
12726,test
8982,test
12564,test
16520,test
9123,test
1500,test
2948,test
4762,test
4449,test
20102,test
9747,test
11780,test
13409,test
1908,test
5126,test
6199,test
18071,test
5614,test
14680,test
6325,test
9345,test
10311,test
5681,test
8663,test
1931,test
9300,test
15282,test
18894,test
1871,test
11061,test
2224,test
20486,test
6455,test
9408,test
11149,test
9806,test
7446,test
899,test
19577,test
8112,test
6746,test
19845,test
17078,test
6933,test
10507,test
4234,test
1553,test
15200,test
17965,test
19554,test
3343,test
6665,test
18678,test
6833,test
20121,test
14749,test
17343,test
6918,test
566,test
17242,test
2568,test
2666,test
13731,test
14347,test
9000,test
1861,test
1510,test
8024,test
1577,test
753,test
14837,test
14422,test
19755,test
5777,test
15794,test
1603,test
3443,test
15756,test
8685,test
15914,test
14060,test
12524,test
824,test
11481,test
13879,test
3290,test
4726,test
13682,test
13996,test
17744,test
12309,test
14869,test
20275,test
4777,test
19714,test
15890,test
12083,test
2252,test
1530,test
20411,test
10744,test
11069,test
17955,test
17838,test
15315,test
10888,test
4841,test
959,test
7904,test
14054,test
688,test
2944,test
7838,test
17082,test
13305,test
6151,test
4103,test
8119,test
4222,test
16690,test
16643,test
561,test
11024,test
10293,test
12872,test
13576,test
2494,test
17523,test
10654,test
12652,test
10473,test
197,test
19770,test
15437,test
8527,test
7242,test
380,test
16584,test
4799,test
8379,test
11229,test
4528,test
1544,test
4743,test
5327,test
13362,test
8840,test
20351,test
19848,test
18267,test
15730,test
9126,test
1453,test
14979,test
18771,test
7459,test
10561,test
10618,test
1848,test
12146,test
3377,test
5676,test
4155,test
10314,test
12354,test
20201,test
18690,test
15576,test
2356,test
20548,test
12460,test
19137,test
1442,test
9361,test
20173,test
8798,test
3776,test
7162,test
17881,test
8158,test
9508,test
4092,test
4115,test
12247,test
19898,test
19693,test
16908,test
5062,test
14691,test
10280,test
13523,test
15935,test
613,test
11420,test
2612,test
18171,test
13549,test
9003,test
23,test
410,test
12106,test
5740,test
1724,test
15624,test
1398,test
11886,test
4374,test
8385,test
19275,test
13804,test
15458,test
5629,test
7059,test
1344,test
18361,test
4068,test
5737,test
8908,test
10247,test
4429,test
8487,test
627,test
19140,test
5763,test
12612,test
8206,test
19998,test
16829,test
17576,test
12485,test
6986,test
15161,test
13538,test
10016,test
7258,test
4911,test
5262,test
14129,test
18740,test
19099,test
4187,test
13688,test
13121,test
13944,test
1368,test
1424,test
15266,test
17703,test
9792,test
16851,test
2812,test
15727,test
10550,test
1197,test
13557,test
16460,test
11100,test
12341,test
62,test
33,test
7786,test
10854,test
17701,test
1295,test
10796,test
1159,test
14777,test
16386,test
1080,test
2075,test
9787,test
19791,test
5916,test
6434,test
474,test
3003,test
6244,test
5157,test
11471,test
10182,test
7626,test
19587,test
9528,test
14484,test
924,test
13808,test
12327,test
12793,test
4672,test
8352,test
12816,test
8839,test
17816,test
10055,test
10009,test
7147,test
14391,test
12383,test
10929,test
13842,test
13857,test
7467,test
2267,test
3523,test
2245,test
13528,test
605,test
19860,test
6129,test
20538,test
14037,test
5721,test
18181,test
7441,test
4571,test
10612,test
18719,test
19240,test
3603,test
9060,test
11975,test
4920,test
14900,test
8302,test
18013,test
6384,test
5028,test
11326,test
14323,test
19169,test
1488,test
8763,test
10242,test
12061,test
7636,test
2960,test
8812,test
10985,test
10762,test
12745,test
9191,test
1523,test
750,test
6564,test
10505,test
1971,test
20440,test
9348,test
1800,test
14805,test
15296,test
14082,test
7853,test
18216,test
14515,test
2929,test
19385,test
5315,test
2541,test
4233,test
3562,test
10993,test
14017,test
10030,test
10295,test
14433,test
19732,test
19996,test
13202,test
12373,test
12972,test
7261,test
11102,test
10741,test
6635,test
4516,test
14424,test
5003,test
19574,test
5427,test
5035,test
6277,test
12575,test
17201,test
6773,test
1079,test
20261,test
11282,test
19081,test
4842,test
9486,test
9331,test
17289,test
3527,test
6712,test
13231,test
19656,test
9317,test
17192,test
18271,test
3786,test
6829,test
7858,test
3816,test
7478,test
20403,test
10714,test
16481,test
8304,test
13878,test
4517,test
7476,test
12993,test
5691,test
11929,test
12983,test
16868,test
3725,test
6854,test
7300,test
13820,test
3496,test
8418,test
3161,test
2241,test
1640,test
4107,test
1315,test
13827,test
14723,test
3742,test
5796,test
8880,test
18500,test
15199,test
6159,test
2923,test
5998,test
1740,test
3114,test
61,test
6792,test
9180,test
13945,test
12864,test
128,test
3101,test
1954,test
13354,test
11379,test
19672,test
18946,test
10997,test
2577,test
6030,test
2423,test
8695,test
12209,test
14492,test
6395,test
8198,test
18379,test
5793,test
1292,test
18339,test
15305,test
13247,test
15689,test
8263,test
10841,test
13681,test
5246,test
10416,test
18909,test
229,test
19297,test
16766,test
10748,test
9042,test
9073,test
9426,test
12599,test
13171,test
4084,test
19543,test
4053,test
13715,test
19172,test
18713,test
16200,test
16134,test
5516,test
7891,test
6744,test
6718,test
14513,test
20370,test
10450,test
11743,test
308,test
18552,test
18696,test
18358,test
10002,test
15433,test
2696,test
10099,test
18148,test
9503,test
6657,test
6495,test
17944,test
5363,test
12899,test
10511,test
17626,test
16419,test
6259,test
4341,test
736,test
1202,test
19057,test
3894,test
5542,test
19136,test
9294,test
3331,test
3219,test
4465,test
11730,test
18081,test
10563,test
950,test
5387,test
11192,test
14164,test
5279,test
10166,test
2371,test
15656,test
19431,test
9160,test
20210,test
970,test
15125,test
7899,test
10001,test
6506,test
558,test
4035,test
15835,test
4785,test
1281,test
19718,test
12876,test
16343,test
17975,test
20534,test
17275,test
15706,test
16391,test
19870,test
16069,test
13053,test
19765,test
1562,test
10262,test
13922,test
6179,test
9144,test
4051,test
14939,test
20422,test
19422,test
3834,test
5725,test
707,test
3063,test
11698,test
16712,test
7935,test
15334,test
15585,test
16360,test
5820,test
20266,test
16289,test
19673,test
7719,test
6551,test
13065,test
12614,test
8313,test
14613,test
17055,test
18796,test
3954,test
3844,test
5842,test
16831,test
1037,test
201,test
20171,test
1631,test
16283,test
19018,test
15639,test
18286,test
14144,test
15023,test
16608,test
10641,test
2941,test
17507,test
17357,test
27,test
14339,test
4022,test
8448,test
16787,test
8881,test
17642,test
18634,test
16744,test
13814,test
10027,test
13045,test
327,test
704,test
8079,test
1937,test
13819,test
19082,test
16020,test
10738,test
3710,test
17226,test
8819,test
15256,test
15456,test
2800,test
79,test
5490,test
20492,test
14153,test
19741,test
14762,test
7766,test
12805,test
14120,test
17452,test
3185,test
18307,test
17694,test
3690,test
15921,test
7768,test
4678,test
5544,test
14529,test
9286,test
2430,test
15620,test
17211,test
3537,test
4105,test
7066,test
5010,test
13659,test
16683,test
13630,test
10050,test
958,test
10199,test
12380,test
6886,test
18199,test
17526,test
5510,test
3087,test
18750,test
12940,test
7356,test
6529,test
8660,test
856,test
13028,test
14145,test
5411,test
16505,test
17750,test
5645,test
11953,test
13588,test
17831,test
8040,test
10840,test
13702,test
6088,test
262,test
5024,test
9328,test
20262,test
9943,test
9535,test
14713,test
13024,test
8398,test
1394,test
14456,test
10355,test
17949,test
12629,test
814,test
17870,test
6307,test
2489,test
13768,test
6912,test
20111,test
14490,test
19838,test
13387,test
3076,test
11060,test
18189,test
6116,test
11766,test
758,test
1579,test
11371,test
6983,test
10889,test
5860,test
17018,test
16103,test
7523,test
7676,test
11598,test
14119,test
11465,test
3584,test
2258,test
13419,test
15156,test
20395,test
9014,test
16700,test
9205,test
6557,test
17577,test
15646,test
3036,test
11795,test
9901,test
2378,test
13041,test
9248,test
4168,test
18762,test
5138,test
4387,test
12484,test
19281,test
15393,test
16312,test
16378,test
4922,test
5726,test
10886,test
19633,test
15990,test
18058,test
9424,test
2560,test
7927,test
2588,test
14832,test
10361,test
1410,test
1298,test
2066,test
6757,test
18834,test
16973,test
14563,test
17386,test
14626,test
14240,test
5000,test
6105,test
13766,test
15616,test
20100,test
204,test
17868,test
646,test
5626,test
17980,test
3528,test
18179,test
11788,test
19460,test
4260,test
7924,test
10980,test
20409,test
8238,test
2608,test
12495,test
7985,test
18660,test
19518,test
12923,test
16313,test
6399,test
8386,test
19348,test
19146,test
20006,test
2457,test
1068,test
12451,test
12254,test
19055,test
20041,test
10393,test
16801,test
11022,test
13836,test
10296,test
14277,test
1902,test
15090,test
4013,test
15193,test
2207,test
20314,test
7456,test
6982,test
9441,test
18340,test
13635,test
20513,test
7979,test
16770,test
13158,test
2754,test
10189,test
10954,test
7054,test
8380,test
19350,test
2534,test
19428,test
14926,test
13112,test
18137,test
9776,test
6640,test
10070,test
7425,test
2863,test
85,test
13587,test
7338,test
16543,test
9080,test
15351,test
19506,test
17373,test
13296,test
16237,test
5692,test
1897,test
801,test
620,test
17285,test
5348,test
749,test
9432,test
12893,test
8092,test
4154,test
6096,test
17940,test
11201,test
4367,test
17426,test
14639,test
7069,test
16567,test
19084,test
10704,test
16862,test
1448,test
11657,test
528,test
7440,test
12256,test
9770,test
18430,test
11924,test
17617,test
576,test
746,test
4999,test
16981,test
17960,test
4928,test
6902,test
7342,test
2153,test
8836,test
584,test
6777,test
6190,test
17953,test
19871,test
11967,test
16246,test
15279,test
3240,test
3778,test
8591,test
6856,test
15532,test
9079,test
3330,test
12325,test
15149,test
18211,test
14933,test
18620,test
1015,test
14958,test
15980,test
6409,test
14024,test
16589,test
19774,test
15889,test
12847,test
3221,test
19856,test
20065,test
12858,test
6768,test
20500,test
10144,test
2314,test
6147,test
9451,test
14016,test
6038,test
15170,test
9808,test
9573,test
6582,test
3494,test
15075,test
2873,test
7359,test
16080,test
345,test
11520,test
1950,test
10885,test
16529,test
15356,test
14910,test
12776,test
16946,test
17498,test
10324,test
5561,test
5889,test
19016,test
10348,test
18836,test
4347,test
13272,test
10298,test
8050,test
8882,test
11964,test
17051,test
16671,test
20430,test
15535,test
15554,test
18599,test
19153,test
6333,test
13095,test
4558,test
3796,test
16338,test
13867,test
16645,test
12686,test
13344,test
17148,test
10815,test
8651,test
2685,test
14759,test
16887,test
1259,test
17407,test
15001,test
7210,test
6243,test
16698,test
886,test
19994,test
19287,test
18610,test
17924,test
15427,test
4462,test
10053,test
9445,test
9569,test
18116,test
1836,test
14420,test
7759,test
2607,test
11129,test
2407,test
11353,test
11546,test
14858,test
11424,test
15434,test
19861,test
14578,test
18632,test
9467,test
11781,test
14593,test
11905,test
17189,test
12583,test
8615,test
8310,test
5649,test
3129,test
20134,test
18647,test
13181,test
1885,test
19886,test
3949,test
16830,test
13596,test
781,test
18807,test
13411,test
14475,test
19070,test
6107,test
12608,test
10486,test
7191,test
18623,test
19961,test
12552,test
81,test
10705,test
277,test
9861,test
19127,test
13006,test
5640,test
7104,test
18674,test
1669,test
19029,test
15116,test
18159,test
9179,test
16899,test
12118,test
1041,test
1810,test
11750,test
13415,test
8606,test
10345,test
9938,test
16869,test
4042,test
18875,test
6354,test
7199,test
13226,test
16041,test
2275,test
13566,test
4982,test
5137,test
19387,test
11288,test
6045,test
16218,test
12643,test
19979,test
12558,test
17220,test
16070,test
13214,test
2616,test
16138,test
14796,test
6853,test
13474,test
12092,test
15685,test
52,test
13840,test
3649,test
20334,test
6877,test
13595,test
3807,test
11991,test
19326,test
15151,test
12744,test
2545,test
7807,test
6610,test
2706,test
15570,test
1173,test
2297,test
4874,test
5412,test
7645,test
227,test
16631,test
2769,test
1252,test
19523,test
8002,test
9871,test
1824,test
9238,test
20253,test
19666,test
2798,test
4185,test
16226,test
1911,test
19941,test
7364,test
7850,test
6813,test
18956,test
2157,test
11331,test
8686,test
6996,test
20459,test
14833,test
7909,test
2648,test
18033,test
7305,test
1371,test
1513,test
17193,test
15593,test
3368,test
17251,test
18613,test
20371,test
5992,test
19019,test
14074,test
10362,test
948,test
3477,test
4487,test
18597,test
6593,test
15707,test
17222,test
19665,test
16785,test
19929,test
18285,test
16533,test
15230,test
3142,test
5375,test
10277,test
9934,test
2817,test
16219,test
7849,test
13237,test
8160,test
14173,test
19159,test
1182,test
95,test
2894,test
18780,test
13487,test
1117,test
13498,test
6644,test
3056,test
17671,test
2459,test
18683,test
9199,test
19220,test
15600,test
13132,test
8952,test
6097,test
15574,test
9765,test
6050,test
11277,test
14239,test
7660,test
2440,test
1240,test
18639,test
1630,test
11949,test
14843,test
14859,test
9373,test
15583,test
9794,test
14698,test
11541,test
1595,test
20495,test
10647,test
7537,test
15313,test
11358,test
5601,test
16707,test
9600,test
5118,test
8060,test
17224,test
7565,test
4660,test
14368,test
2715,test
3525,test
440,test
8061,test
16000,test
1393,test
8834,test
1900,test
14752,test
16465,test
14768,test
13108,test
432,test
18743,test
7017,test
450,test
19508,test
3414,test
1564,test
8913,test
9338,test
7032,test
9612,test
5646,test
4629,test
2778,test
10506,test
8125,test
15550,test
12730,test
9170,test
3475,test
12813,test
10429,test
16389,test
18005,test
16059,test
16826,test
9053,test
8113,test
1383,test
15950,test
13816,test
13612,test
11639,test
7022,test
11378,test
13139,test
20071,test
1735,test
18419,test
1532,test
17102,test
9815,test
998,test
15471,test
1499,test
1508,test
279,test
14303,test
8151,test
20525,test
12055,test
15429,test
1661,test
10417,test
4630,test
18549,test
7754,test
2420,test
17053,test
4831,test
15287,test
12330,test
4263,test
15145,test
16181,test
19532,test
2361,test
2344,test
17910,test
12778,test
11984,test
20293,test
14879,test
12578,test
19049,test
14275,test
19211,test
15246,test
18644,test
19411,test
1058,test
14653,test
17465,test
1815,test
17680,test
9231,test
6576,test
5623,test
4924,test
10861,test
13449,test
14014,test
2499,test
16912,test
14636,test
8944,test
16303,test
17603,test
14370,test
6090,test
15907,test
333,test
8374,test
19974,test
4783,test
7819,test
4137,test
15726,test
3606,test
675,test
5952,test
3375,test
17521,test
437,test
491,test
13838,test
2189,test
4802,test
5668,test
9864,test
